Name;Affected Individual Factor;Covering Duration (hours);Service Threshold (hours);Vehicle Count;Helicopter Speed;Ground Speed;Depot Candidates;Depot Capacity Percentage;Route Cost Scaling Factor;#Depots;#Facilities;#Unique Facilities;#Customers;#Modeled Individuals;Total Demand;Aircraft Type;p;total cost;routing cost;covering cost;routing distance;total covering distance;mean covering distance per household;median covering distance per household;std. covering distance per household;mean route utilization (%);95% quantile covering distances per household;unique facility count;longest route length;route lengths;nonempty routes;nonsingle routes;VNS iterations
Baghlan ai0.5_Mi-8_p28_hS150_gS4_dall_dP1_fCap200_vCnt1_cD1_sT1_rcS0.1_rmCDTrue;0,5;1;1;1;150;4;all;1;0,1;2;276;276;432;2819;1316,473;Mi-8;28;;;;;;;;;;;;;;;;
Baghlan ai0.5_Mi-8_p28_hS150_gS4_dall_dP1_fCap200_vCnt1_cD1_sT1_rcS0.5_rmCDTrue;0,5;1;1;1;150;4;all;1;0,5;2;276;276;432;2819;1316,473;Mi-8;28;;;;;;;;;;;;;;;;
Baghlan ai0.5_Mi-8_p28_hS150_gS4_dall_dP1_fCap200_vCnt1_cD1_sT1_rcS10_rmCDTrue;0,5;1;1;1;150;4;all;1;10,0;2;276;276;432;2819;1316,473;Mi-8;28;;;;;;;;;;;;;;;;
Baghlan ai0.5_Mi-8_p28_hS150_gS4_dall_dP1_fCap200_vCnt1_cD1_sT1_rcS1_rmCDTrue;0,5;1;1;1;150;4;all;1;1,0;2;276;276;432;2819;1316,473;Mi-8;28;;;;;;;;;;;;;;;;
Baghlan ai0.5_Mi-8_p28_hS150_gS4_dall_dP1_fCap200_vCnt1_cD1_sT1_rcS3_rmCDTrue;0,5;1;1;1;150;4;all;1;3,0;2;276;276;432;2819;1316,473;Mi-8;28;;;;;;;;;;;;;;;;
Baghlan ai0.5_Mi-8_p28_hS150_gS4_dall_dP1_fCap200_vCnt1_cD1_sT1_rcS5_rmCDTrue;0,5;1;1;1;150;4;all;1;5,0;2;276;276;432;2819;1316,473;Mi-8;28;;;;;;;;;;;;;;;;
Baghlan ai0.5_Mi-8_p28_hS150_gS4_dall_dP1_fCap200_vCnt1_cD1_sT1_rcS7_rmCDTrue;0,5;1;1;1;150;4;all;1;7,0;2;276;276;432;2819;1316,473;Mi-8;28;;;;;;;;;;;;;;;;
Baghlan ai0.5_Mi-8_p28_hS150_gS4_dall_dP1_fCap200_vCnt1_cD2_sT1_rcS0.1_rmCDTrue;0,5;2;1;1;150;4;all;1;0,1;2;305;305;432;2819;1316,473;Mi-8;28;;;;;;;;;;;;;;;;
Baghlan ai0.5_Mi-8_p28_hS150_gS4_dall_dP1_fCap200_vCnt1_cD2_sT1_rcS0.5_rmCDTrue;0,5;2;1;1;150;4;all;1;0,5;2;305;305;432;2819;1316,473;Mi-8;28;;;;;;;;;;;;;;;;
Baghlan ai0.5_Mi-8_p28_hS150_gS4_dall_dP1_fCap200_vCnt1_cD2_sT1_rcS10_rmCDTrue;0,5;2;1;1;150;4;all;1;10,0;2;305;305;432;2819;1316,473;Mi-8;28;;;;;;;;;;;;;;;;
Baghlan ai0.5_Mi-8_p28_hS150_gS4_dall_dP1_fCap200_vCnt1_cD2_sT1_rcS1_rmCDTrue;0,5;2;1;1;150;4;all;1;1,0;2;305;305;432;2819;1316,473;Mi-8;28;;;;;;;;;;;;;;;;
Baghlan ai0.5_Mi-8_p28_hS150_gS4_dall_dP1_fCap200_vCnt1_cD2_sT1_rcS3_rmCDTrue;0,5;2;1;1;150;4;all;1;3,0;2;305;305;432;2819;1316,473;Mi-8;28;;;;;;;;;;;;;;;;
Baghlan ai0.5_Mi-8_p28_hS150_gS4_dall_dP1_fCap200_vCnt1_cD2_sT1_rcS5_rmCDTrue;0,5;2;1;1;150;4;all;1;5,0;2;305;305;432;2819;1316,473;Mi-8;28;;;;;;;;;;;;;;;;
Baghlan ai0.5_Mi-8_p28_hS150_gS4_dall_dP1_fCap200_vCnt1_cD2_sT1_rcS7_rmCDTrue;0,5;2;1;1;150;4;all;1;7,0;2;305;305;432;2819;1316,473;Mi-8;28;;;;;;;;;;;;;;;;
Baghlan ai0.5_Mi-8_p28_hS150_gS4_dall_dP1_fCap200_vCnt1_cD2_sT2_rcS0.1_rmCDTrue;0,5;2;2;1;150;4;all;1;0,1;2;308;308;532;3046;1422,482;Mi-8;28;;;;;;;;;;;;;;;;
Baghlan ai0.5_Mi-8_p28_hS150_gS4_dall_dP1_fCap200_vCnt1_cD2_sT2_rcS0.5_rmCDTrue;0,5;2;2;1;150;4;all;1;0,5;2;308;308;532;3046;1422,482;Mi-8;28;;;;;;;;;;;;;;;;
Baghlan ai0.5_Mi-8_p28_hS150_gS4_dall_dP1_fCap200_vCnt1_cD2_sT2_rcS10_rmCDTrue;0,5;2;2;1;150;4;all;1;10,0;2;308;308;532;3046;1422,482;Mi-8;28;;;;;;;;;;;;;;;;
Baghlan ai0.5_Mi-8_p28_hS150_gS4_dall_dP1_fCap200_vCnt1_cD2_sT2_rcS1_rmCDTrue;0,5;2;2;1;150;4;all;1;1,0;2;308;308;532;3046;1422,482;Mi-8;28;;;;;;;;;;;;;;;;
Baghlan ai0.5_Mi-8_p28_hS150_gS4_dall_dP1_fCap200_vCnt1_cD2_sT2_rcS3_rmCDTrue;0,5;2;2;1;150;4;all;1;3,0;2;308;308;532;3046;1422,482;Mi-8;28;;;;;;;;;;;;;;;;
Baghlan ai0.5_Mi-8_p28_hS150_gS4_dall_dP1_fCap200_vCnt1_cD2_sT2_rcS5_rmCDTrue;0,5;2;2;1;150;4;all;1;5,0;2;308;308;532;3046;1422,482;Mi-8;28;;;;;;;;;;;;;;;;
Baghlan ai0.5_Mi-8_p28_hS150_gS4_dall_dP1_fCap200_vCnt1_cD2_sT2_rcS7_rmCDTrue;0,5;2;2;1;150;4;all;1;7,0;2;308;308;532;3046;1422,482;Mi-8;28;;;;;;;;;;;;;;;;
Baghlan ai0.5_Mi-8_p28_hS150_gS4_dall_dP1_fCap200_vCnt1_cD3_sT1_rcS0.1_rmCDTrue;0,5;3;1;1;150;4;all;1;0,1;2;323;323;432;2819;1316,473;Mi-8;28;;;;;;;;;;;;;;;;
Baghlan ai0.5_Mi-8_p28_hS150_gS4_dall_dP1_fCap200_vCnt1_cD3_sT1_rcS0.5_rmCDTrue;0,5;3;1;1;150;4;all;1;0,5;2;323;323;432;2819;1316,473;Mi-8;28;;;;;;;;;;;;;;;;
Baghlan ai0.5_Mi-8_p28_hS150_gS4_dall_dP1_fCap200_vCnt1_cD3_sT1_rcS10_rmCDTrue;0,5;3;1;1;150;4;all;1;10,0;2;323;323;432;2819;1316,473;Mi-8;28;;;;;;;;;;;;;;;;
Baghlan ai0.5_Mi-8_p28_hS150_gS4_dall_dP1_fCap200_vCnt1_cD3_sT1_rcS1_rmCDTrue;0,5;3;1;1;150;4;all;1;1,0;2;323;323;432;2819;1316,473;Mi-8;28;;;;;;;;;;;;;;;;
Baghlan ai0.5_Mi-8_p28_hS150_gS4_dall_dP1_fCap200_vCnt1_cD3_sT1_rcS3_rmCDTrue;0,5;3;1;1;150;4;all;1;3,0;2;323;323;432;2819;1316,473;Mi-8;28;;;;;;;;;;;;;;;;
Baghlan ai0.5_Mi-8_p28_hS150_gS4_dall_dP1_fCap200_vCnt1_cD3_sT1_rcS5_rmCDTrue;0,5;3;1;1;150;4;all;1;5,0;2;323;323;432;2819;1316,473;Mi-8;28;;;;;;;;;;;;;;;;
Baghlan ai0.5_Mi-8_p28_hS150_gS4_dall_dP1_fCap200_vCnt1_cD3_sT1_rcS7_rmCDTrue;0,5;3;1;1;150;4;all;1;7,0;2;323;323;432;2819;1316,473;Mi-8;28;;;;;;;;;;;;;;;;
Baghlan ai0.5_Mi-8_p28_hS150_gS4_dall_dP1_fCap200_vCnt1_cD3_sT2_rcS0.1_rmCDTrue;0,5;3;2;1;150;4;all;1;0,1;2;324;324;532;3046;1422,482;Mi-8;28;;;;;;;;;;;;;;;;
Baghlan ai0.5_Mi-8_p28_hS150_gS4_dall_dP1_fCap200_vCnt1_cD3_sT2_rcS0.5_rmCDTrue;0,5;3;2;1;150;4;all;1;0,5;2;324;324;532;3046;1422,482;Mi-8;28;;;;;;;;;;;;;;;;
Baghlan ai0.5_Mi-8_p28_hS150_gS4_dall_dP1_fCap200_vCnt1_cD3_sT2_rcS10_rmCDTrue;0,5;3;2;1;150;4;all;1;10,0;2;324;324;532;3046;1422,482;Mi-8;28;;;;;;;;;;;;;;;;
Baghlan ai0.5_Mi-8_p28_hS150_gS4_dall_dP1_fCap200_vCnt1_cD3_sT2_rcS1_rmCDTrue;0,5;3;2;1;150;4;all;1;1,0;2;324;324;532;3046;1422,482;Mi-8;28;;;;;;;;;;;;;;;;
Baghlan ai0.5_Mi-8_p28_hS150_gS4_dall_dP1_fCap200_vCnt1_cD3_sT2_rcS3_rmCDTrue;0,5;3;2;1;150;4;all;1;3,0;2;324;324;532;3046;1422,482;Mi-8;28;;;;;;;;;;;;;;;;
Baghlan ai0.5_Mi-8_p28_hS150_gS4_dall_dP1_fCap200_vCnt1_cD3_sT2_rcS5_rmCDTrue;0,5;3;2;1;150;4;all;1;5,0;2;324;324;532;3046;1422,482;Mi-8;28;;;;;;;;;;;;;;;;
Baghlan ai0.5_Mi-8_p28_hS150_gS4_dall_dP1_fCap200_vCnt1_cD3_sT2_rcS7_rmCDTrue;0,5;3;2;1;150;4;all;1;7,0;2;324;324;532;3046;1422,482;Mi-8;28;;;;;;;;;;;;;;;;
Baghlan ai0.5_Mi-8_p28_hS150_gS4_dall_dP1_fCap200_vCnt1_cD3_sT3_rcS0.1_rmCDTrue;0,5;3;3;1;150;4;all;1;0,1;2;324;324;554;3087;1441,629;Mi-8;28;;;;;;;;;;;;;;;;
Baghlan ai0.5_Mi-8_p28_hS150_gS4_dall_dP1_fCap200_vCnt1_cD3_sT3_rcS0.5_rmCDTrue;0,5;3;3;1;150;4;all;1;0,5;2;324;324;554;3087;1441,629;Mi-8;28;;;;;;;;;;;;;;;;
Baghlan ai0.5_Mi-8_p28_hS150_gS4_dall_dP1_fCap200_vCnt1_cD3_sT3_rcS10_rmCDTrue;0,5;3;3;1;150;4;all;1;10,0;2;324;324;554;3087;1441,629;Mi-8;28;;;;;;;;;;;;;;;;
Baghlan ai0.5_Mi-8_p28_hS150_gS4_dall_dP1_fCap200_vCnt1_cD3_sT3_rcS1_rmCDTrue;0,5;3;3;1;150;4;all;1;1,0;2;324;324;554;3087;1441,629;Mi-8;28;;;;;;;;;;;;;;;;
Baghlan ai0.5_Mi-8_p28_hS150_gS4_dall_dP1_fCap200_vCnt1_cD3_sT3_rcS3_rmCDTrue;0,5;3;3;1;150;4;all;1;3,0;2;324;324;554;3087;1441,629;Mi-8;28;;;;;;;;;;;;;;;;
Baghlan ai0.5_Mi-8_p28_hS150_gS4_dall_dP1_fCap200_vCnt1_cD3_sT3_rcS5_rmCDTrue;0,5;3;3;1;150;4;all;1;5,0;2;324;324;554;3087;1441,629;Mi-8;28;;;;;;;;;;;;;;;;
Baghlan ai0.5_Mi-8_p28_hS150_gS4_dall_dP1_fCap200_vCnt1_cD3_sT3_rcS7_rmCDTrue;0,5;3;3;1;150;4;all;1;7,0;2;324;324;554;3087;1441,629;Mi-8;28;;;;;;;;;;;;;;;;
Baghlan ai0.5_Mi-8_p28_hS150_gS4_dall_dP1_fCap200_vCnt1_cD4_sT1_rcS0.1_rmCDTrue;0,5;4;1;1;150;4;all;1;0,1;2;342;342;432;2819;1316,473;Mi-8;28;;;;;;;;;;;;;;;;
Baghlan ai0.5_Mi-8_p28_hS150_gS4_dall_dP1_fCap200_vCnt1_cD4_sT1_rcS0.5_rmCDTrue;0,5;4;1;1;150;4;all;1;0,5;2;342;342;432;2819;1316,473;Mi-8;28;;;;;;;;;;;;;;;;
Baghlan ai0.5_Mi-8_p28_hS150_gS4_dall_dP1_fCap200_vCnt1_cD4_sT1_rcS10_rmCDTrue;0,5;4;1;1;150;4;all;1;10,0;2;342;342;432;2819;1316,473;Mi-8;28;;;;;;;;;;;;;;;;
Baghlan ai0.5_Mi-8_p28_hS150_gS4_dall_dP1_fCap200_vCnt1_cD4_sT1_rcS1_rmCDTrue;0,5;4;1;1;150;4;all;1;1,0;2;342;342;432;2819;1316,473;Mi-8;28;;;;;;;;;;;;;;;;
Baghlan ai0.5_Mi-8_p28_hS150_gS4_dall_dP1_fCap200_vCnt1_cD4_sT1_rcS3_rmCDTrue;0,5;4;1;1;150;4;all;1;3,0;2;342;342;432;2819;1316,473;Mi-8;28;;;;;;;;;;;;;;;;
Baghlan ai0.5_Mi-8_p28_hS150_gS4_dall_dP1_fCap200_vCnt1_cD4_sT1_rcS5_rmCDTrue;0,5;4;1;1;150;4;all;1;5,0;2;342;342;432;2819;1316,473;Mi-8;28;;;;;;;;;;;;;;;;
Baghlan ai0.5_Mi-8_p28_hS150_gS4_dall_dP1_fCap200_vCnt1_cD4_sT1_rcS7_rmCDTrue;0,5;4;1;1;150;4;all;1;7,0;2;342;342;432;2819;1316,473;Mi-8;28;;;;;;;;;;;;;;;;
Baghlan ai0.5_Mi-8_p28_hS150_gS4_dall_dP1_fCap200_vCnt1_cD4_sT2_rcS0.1_rmCDTrue;0,5;4;2;1;150;4;all;1;0,1;2;342;342;532;3046;1422,482;Mi-8;28;;;;;;;;;;;;;;;;
Baghlan ai0.5_Mi-8_p28_hS150_gS4_dall_dP1_fCap200_vCnt1_cD4_sT2_rcS0.5_rmCDTrue;0,5;4;2;1;150;4;all;1;0,5;2;342;342;532;3046;1422,482;Mi-8;28;;;;;;;;;;;;;;;;
Baghlan ai0.5_Mi-8_p28_hS150_gS4_dall_dP1_fCap200_vCnt1_cD4_sT2_rcS10_rmCDTrue;0,5;4;2;1;150;4;all;1;10,0;2;342;342;532;3046;1422,482;Mi-8;28;;;;;;;;;;;;;;;;
Baghlan ai0.5_Mi-8_p28_hS150_gS4_dall_dP1_fCap200_vCnt1_cD4_sT2_rcS1_rmCDTrue;0,5;4;2;1;150;4;all;1;1,0;2;342;342;532;3046;1422,482;Mi-8;28;;;;;;;;;;;;;;;;
Baghlan ai0.5_Mi-8_p28_hS150_gS4_dall_dP1_fCap200_vCnt1_cD4_sT2_rcS3_rmCDTrue;0,5;4;2;1;150;4;all;1;3,0;2;342;342;532;3046;1422,482;Mi-8;28;;;;;;;;;;;;;;;;
Baghlan ai0.5_Mi-8_p28_hS150_gS4_dall_dP1_fCap200_vCnt1_cD4_sT2_rcS5_rmCDTrue;0,5;4;2;1;150;4;all;1;5,0;2;342;342;532;3046;1422,482;Mi-8;28;;;;;;;;;;;;;;;;
Baghlan ai0.5_Mi-8_p28_hS150_gS4_dall_dP1_fCap200_vCnt1_cD4_sT2_rcS7_rmCDTrue;0,5;4;2;1;150;4;all;1;7,0;2;342;342;532;3046;1422,482;Mi-8;28;;;;;;;;;;;;;;;;
Baghlan ai0.5_Mi-8_p28_hS150_gS4_dall_dP1_fCap200_vCnt1_cD4_sT3_rcS0.1_rmCDTrue;0,5;4;3;1;150;4;all;1;0,1;2;342;342;554;3087;1441,629;Mi-8;28;;;;;;;;;;;;;;;;
Baghlan ai0.5_Mi-8_p28_hS150_gS4_dall_dP1_fCap200_vCnt1_cD4_sT3_rcS0.5_rmCDTrue;0,5;4;3;1;150;4;all;1;0,5;2;342;342;554;3087;1441,629;Mi-8;28;;;;;;;;;;;;;;;;
Baghlan ai0.5_Mi-8_p28_hS150_gS4_dall_dP1_fCap200_vCnt1_cD4_sT3_rcS10_rmCDTrue;0,5;4;3;1;150;4;all;1;10,0;2;342;342;554;3087;1441,629;Mi-8;28;;;;;;;;;;;;;;;;
Baghlan ai0.5_Mi-8_p28_hS150_gS4_dall_dP1_fCap200_vCnt1_cD4_sT3_rcS1_rmCDTrue;0,5;4;3;1;150;4;all;1;1,0;2;342;342;554;3087;1441,629;Mi-8;28;;;;;;;;;;;;;;;;
Baghlan ai0.5_Mi-8_p28_hS150_gS4_dall_dP1_fCap200_vCnt1_cD4_sT3_rcS3_rmCDTrue;0,5;4;3;1;150;4;all;1;3,0;2;342;342;554;3087;1441,629;Mi-8;28;;;;;;;;;;;;;;;;
Baghlan ai0.5_Mi-8_p28_hS150_gS4_dall_dP1_fCap200_vCnt1_cD4_sT3_rcS5_rmCDTrue;0,5;4;3;1;150;4;all;1;5,0;2;342;342;554;3087;1441,629;Mi-8;28;;;;;;;;;;;;;;;;
Baghlan ai0.5_Mi-8_p28_hS150_gS4_dall_dP1_fCap200_vCnt1_cD4_sT3_rcS7_rmCDTrue;0,5;4;3;1;150;4;all;1;7,0;2;342;342;554;3087;1441,629;Mi-8;28;;;;;;;;;;;;;;;;
Baghlan ai0.5_Mi-8_p28_hS150_gS4_dall_dP1_fCap200_vCnt1_cD4_sT4_rcS0.1_rmCDTrue;0,5;4;4;1;150;4;all;1;0,1;2;342;342;558;3091;1443,497;Mi-8;28;;;;;;;;;;;;;;;;
Baghlan ai0.5_Mi-8_p28_hS150_gS4_dall_dP1_fCap200_vCnt1_cD4_sT4_rcS0.5_rmCDTrue;0,5;4;4;1;150;4;all;1;0,5;2;342;342;558;3091;1443,497;Mi-8;28;;;;;;;;;;;;;;;;
Baghlan ai0.5_Mi-8_p28_hS150_gS4_dall_dP1_fCap200_vCnt1_cD4_sT4_rcS10_rmCDTrue;0,5;4;4;1;150;4;all;1;10,0;2;342;342;558;3091;1443,497;Mi-8;28;;;;;;;;;;;;;;;;
Baghlan ai0.5_Mi-8_p28_hS150_gS4_dall_dP1_fCap200_vCnt1_cD4_sT4_rcS1_rmCDTrue;0,5;4;4;1;150;4;all;1;1,0;2;342;342;558;3091;1443,497;Mi-8;28;;;;;;;;;;;;;;;;
Baghlan ai0.5_Mi-8_p28_hS150_gS4_dall_dP1_fCap200_vCnt1_cD4_sT4_rcS3_rmCDTrue;0,5;4;4;1;150;4;all;1;3,0;2;342;342;558;3091;1443,497;Mi-8;28;;;;;;;;;;;;;;;;
Baghlan ai0.5_Mi-8_p28_hS150_gS4_dall_dP1_fCap200_vCnt1_cD4_sT4_rcS5_rmCDTrue;0,5;4;4;1;150;4;all;1;5,0;2;342;342;558;3091;1443,497;Mi-8;28;;;;;;;;;;;;;;;;
Baghlan ai0.5_Mi-8_p28_hS150_gS4_dall_dP1_fCap200_vCnt1_cD4_sT4_rcS7_rmCDTrue;0,5;4;4;1;150;4;all;1;7,0;2;342;342;558;3091;1443,497;Mi-8;28;;;;;;;;;;;;;;;;
Baghlan ai0.5_Mi-8_p28_hS150_gS4_dall_dP1_fCap200_vCnt2_cD1_sT1_rcS0.1_rmCDTrue;0,5;1;1;2;150;4;all;1;0,1;2;276;276;432;2819;1316,473;Mi-8;28;;;;;;;;;;;;;;;;
Baghlan ai0.5_Mi-8_p28_hS150_gS4_dall_dP1_fCap200_vCnt2_cD1_sT1_rcS0.5_rmCDTrue;0,5;1;1;2;150;4;all;1;0,5;2;276;276;432;2819;1316,473;Mi-8;28;;;;;;;;;;;;;;;;
Baghlan ai0.5_Mi-8_p28_hS150_gS4_dall_dP1_fCap200_vCnt2_cD1_sT1_rcS10_rmCDTrue;0,5;1;1;2;150;4;all;1;10,0;2;276;276;432;2819;1316,473;Mi-8;28;;;;;;;;;;;;;;;;
Baghlan ai0.5_Mi-8_p28_hS150_gS4_dall_dP1_fCap200_vCnt2_cD1_sT1_rcS1_rmCDTrue;0,5;1;1;2;150;4;all;1;1,0;2;276;276;432;2819;1316,473;Mi-8;28;;;;;;;;;;;;;;;;
Baghlan ai0.5_Mi-8_p28_hS150_gS4_dall_dP1_fCap200_vCnt2_cD1_sT1_rcS3_rmCDTrue;0,5;1;1;2;150;4;all;1;3,0;2;276;276;432;2819;1316,473;Mi-8;28;;;;;;;;;;;;;;;;
Baghlan ai0.5_Mi-8_p28_hS150_gS4_dall_dP1_fCap200_vCnt2_cD1_sT1_rcS5_rmCDTrue;0,5;1;1;2;150;4;all;1;5,0;2;276;276;432;2819;1316,473;Mi-8;28;;;;;;;;;;;;;;;;
Baghlan ai0.5_Mi-8_p28_hS150_gS4_dall_dP1_fCap200_vCnt2_cD1_sT1_rcS7_rmCDTrue;0,5;1;1;2;150;4;all;1;7,0;2;276;276;432;2819;1316,473;Mi-8;28;;;;;;;;;;;;;;;;
Baghlan ai0.5_Mi-8_p28_hS150_gS4_dall_dP1_fCap200_vCnt2_cD2_sT1_rcS0.1_rmCDTrue;0,5;2;1;2;150;4;all;1;0,1;2;305;305;432;2819;1316,473;Mi-8;28;;;;;;;;;;;;;;;;
Baghlan ai0.5_Mi-8_p28_hS150_gS4_dall_dP1_fCap200_vCnt2_cD2_sT1_rcS0.5_rmCDTrue;0,5;2;1;2;150;4;all;1;0,5;2;305;305;432;2819;1316,473;Mi-8;28;;;;;;;;;;;;;;;;
Baghlan ai0.5_Mi-8_p28_hS150_gS4_dall_dP1_fCap200_vCnt2_cD2_sT1_rcS10_rmCDTrue;0,5;2;1;2;150;4;all;1;10,0;2;305;305;432;2819;1316,473;Mi-8;28;;;;;;;;;;;;;;;;
Baghlan ai0.5_Mi-8_p28_hS150_gS4_dall_dP1_fCap200_vCnt2_cD2_sT1_rcS1_rmCDTrue;0,5;2;1;2;150;4;all;1;1,0;2;305;305;432;2819;1316,473;Mi-8;28;;;;;;;;;;;;;;;;
Baghlan ai0.5_Mi-8_p28_hS150_gS4_dall_dP1_fCap200_vCnt2_cD2_sT1_rcS3_rmCDTrue;0,5;2;1;2;150;4;all;1;3,0;2;305;305;432;2819;1316,473;Mi-8;28;;;;;;;;;;;;;;;;
Baghlan ai0.5_Mi-8_p28_hS150_gS4_dall_dP1_fCap200_vCnt2_cD2_sT1_rcS5_rmCDTrue;0,5;2;1;2;150;4;all;1;5,0;2;305;305;432;2819;1316,473;Mi-8;28;;;;;;;;;;;;;;;;
Baghlan ai0.5_Mi-8_p28_hS150_gS4_dall_dP1_fCap200_vCnt2_cD2_sT1_rcS7_rmCDTrue;0,5;2;1;2;150;4;all;1;7,0;2;305;305;432;2819;1316,473;Mi-8;28;;;;;;;;;;;;;;;;
Baghlan ai0.5_Mi-8_p28_hS150_gS4_dall_dP1_fCap200_vCnt2_cD2_sT2_rcS0.1_rmCDTrue;0,5;2;2;2;150;4;all;1;0,1;2;308;308;532;3046;1422,482;Mi-8;28;;;;;;;;;;;;;;;;
Baghlan ai0.5_Mi-8_p28_hS150_gS4_dall_dP1_fCap200_vCnt2_cD2_sT2_rcS0.5_rmCDTrue;0,5;2;2;2;150;4;all;1;0,5;2;308;308;532;3046;1422,482;Mi-8;28;;;;;;;;;;;;;;;;
Baghlan ai0.5_Mi-8_p28_hS150_gS4_dall_dP1_fCap200_vCnt2_cD2_sT2_rcS10_rmCDTrue;0,5;2;2;2;150;4;all;1;10,0;2;308;308;532;3046;1422,482;Mi-8;28;;;;;;;;;;;;;;;;
Baghlan ai0.5_Mi-8_p28_hS150_gS4_dall_dP1_fCap200_vCnt2_cD2_sT2_rcS1_rmCDTrue;0,5;2;2;2;150;4;all;1;1,0;2;308;308;532;3046;1422,482;Mi-8;28;;;;;;;;;;;;;;;;
Baghlan ai0.5_Mi-8_p28_hS150_gS4_dall_dP1_fCap200_vCnt2_cD2_sT2_rcS3_rmCDTrue;0,5;2;2;2;150;4;all;1;3,0;2;308;308;532;3046;1422,482;Mi-8;28;;;;;;;;;;;;;;;;
Baghlan ai0.5_Mi-8_p28_hS150_gS4_dall_dP1_fCap200_vCnt2_cD2_sT2_rcS5_rmCDTrue;0,5;2;2;2;150;4;all;1;5,0;2;308;308;532;3046;1422,482;Mi-8;28;;;;;;;;;;;;;;;;
Baghlan ai0.5_Mi-8_p28_hS150_gS4_dall_dP1_fCap200_vCnt2_cD2_sT2_rcS7_rmCDTrue;0,5;2;2;2;150;4;all;1;7,0;2;308;308;532;3046;1422,482;Mi-8;28;;;;;;;;;;;;;;;;
Baghlan ai0.5_Mi-8_p28_hS150_gS4_dall_dP1_fCap200_vCnt2_cD3_sT1_rcS0.1_rmCDTrue;0,5;3;1;2;150;4;all;1;0,1;2;323;323;432;2819;1316,473;Mi-8;28;;;;;;;;;;;;;;;;
Baghlan ai0.5_Mi-8_p28_hS150_gS4_dall_dP1_fCap200_vCnt2_cD3_sT1_rcS0.5_rmCDTrue;0,5;3;1;2;150;4;all;1;0,5;2;323;323;432;2819;1316,473;Mi-8;28;;;;;;;;;;;;;;;;
Baghlan ai0.5_Mi-8_p28_hS150_gS4_dall_dP1_fCap200_vCnt2_cD3_sT1_rcS10_rmCDTrue;0,5;3;1;2;150;4;all;1;10,0;2;323;323;432;2819;1316,473;Mi-8;28;;;;;;;;;;;;;;;;
Baghlan ai0.5_Mi-8_p28_hS150_gS4_dall_dP1_fCap200_vCnt2_cD3_sT1_rcS1_rmCDTrue;0,5;3;1;2;150;4;all;1;1,0;2;323;323;432;2819;1316,473;Mi-8;28;;;;;;;;;;;;;;;;
Baghlan ai0.5_Mi-8_p28_hS150_gS4_dall_dP1_fCap200_vCnt2_cD3_sT1_rcS3_rmCDTrue;0,5;3;1;2;150;4;all;1;3,0;2;323;323;432;2819;1316,473;Mi-8;28;;;;;;;;;;;;;;;;
Baghlan ai0.5_Mi-8_p28_hS150_gS4_dall_dP1_fCap200_vCnt2_cD3_sT1_rcS5_rmCDTrue;0,5;3;1;2;150;4;all;1;5,0;2;323;323;432;2819;1316,473;Mi-8;28;;;;;;;;;;;;;;;;
Baghlan ai0.5_Mi-8_p28_hS150_gS4_dall_dP1_fCap200_vCnt2_cD3_sT1_rcS7_rmCDTrue;0,5;3;1;2;150;4;all;1;7,0;2;323;323;432;2819;1316,473;Mi-8;28;;;;;;;;;;;;;;;;
Baghlan ai0.5_Mi-8_p28_hS150_gS4_dall_dP1_fCap200_vCnt2_cD3_sT2_rcS0.1_rmCDTrue;0,5;3;2;2;150;4;all;1;0,1;2;324;324;532;3046;1422,482;Mi-8;28;;;;;;;;;;;;;;;;
Baghlan ai0.5_Mi-8_p28_hS150_gS4_dall_dP1_fCap200_vCnt2_cD3_sT2_rcS0.5_rmCDTrue;0,5;3;2;2;150;4;all;1;0,5;2;324;324;532;3046;1422,482;Mi-8;28;;;;;;;;;;;;;;;;
Baghlan ai0.5_Mi-8_p28_hS150_gS4_dall_dP1_fCap200_vCnt2_cD3_sT2_rcS10_rmCDTrue;0,5;3;2;2;150;4;all;1;10,0;2;324;324;532;3046;1422,482;Mi-8;28;;;;;;;;;;;;;;;;
Baghlan ai0.5_Mi-8_p28_hS150_gS4_dall_dP1_fCap200_vCnt2_cD3_sT2_rcS1_rmCDTrue;0,5;3;2;2;150;4;all;1;1,0;2;324;324;532;3046;1422,482;Mi-8;28;;;;;;;;;;;;;;;;
Baghlan ai0.5_Mi-8_p28_hS150_gS4_dall_dP1_fCap200_vCnt2_cD3_sT2_rcS3_rmCDTrue;0,5;3;2;2;150;4;all;1;3,0;2;324;324;532;3046;1422,482;Mi-8;28;;;;;;;;;;;;;;;;
Baghlan ai0.5_Mi-8_p28_hS150_gS4_dall_dP1_fCap200_vCnt2_cD3_sT2_rcS5_rmCDTrue;0,5;3;2;2;150;4;all;1;5,0;2;324;324;532;3046;1422,482;Mi-8;28;;;;;;;;;;;;;;;;
Baghlan ai0.5_Mi-8_p28_hS150_gS4_dall_dP1_fCap200_vCnt2_cD3_sT2_rcS7_rmCDTrue;0,5;3;2;2;150;4;all;1;7,0;2;324;324;532;3046;1422,482;Mi-8;28;;;;;;;;;;;;;;;;
Baghlan ai0.5_Mi-8_p28_hS150_gS4_dall_dP1_fCap200_vCnt2_cD3_sT3_rcS0.1_rmCDTrue;0,5;3;3;2;150;4;all;1;0,1;2;324;324;554;3087;1441,629;Mi-8;28;;;;;;;;;;;;;;;;
Baghlan ai0.5_Mi-8_p28_hS150_gS4_dall_dP1_fCap200_vCnt2_cD3_sT3_rcS0.5_rmCDTrue;0,5;3;3;2;150;4;all;1;0,5;2;324;324;554;3087;1441,629;Mi-8;28;;;;;;;;;;;;;;;;
Baghlan ai0.5_Mi-8_p28_hS150_gS4_dall_dP1_fCap200_vCnt2_cD3_sT3_rcS10_rmCDTrue;0,5;3;3;2;150;4;all;1;10,0;2;324;324;554;3087;1441,629;Mi-8;28;;;;;;;;;;;;;;;;
Baghlan ai0.5_Mi-8_p28_hS150_gS4_dall_dP1_fCap200_vCnt2_cD3_sT3_rcS1_rmCDTrue;0,5;3;3;2;150;4;all;1;1,0;2;324;324;554;3087;1441,629;Mi-8;28;;;;;;;;;;;;;;;;
Baghlan ai0.5_Mi-8_p28_hS150_gS4_dall_dP1_fCap200_vCnt2_cD3_sT3_rcS3_rmCDTrue;0,5;3;3;2;150;4;all;1;3,0;2;324;324;554;3087;1441,629;Mi-8;28;;;;;;;;;;;;;;;;
Baghlan ai0.5_Mi-8_p28_hS150_gS4_dall_dP1_fCap200_vCnt2_cD3_sT3_rcS5_rmCDTrue;0,5;3;3;2;150;4;all;1;5,0;2;324;324;554;3087;1441,629;Mi-8;28;;;;;;;;;;;;;;;;
Baghlan ai0.5_Mi-8_p28_hS150_gS4_dall_dP1_fCap200_vCnt2_cD3_sT3_rcS7_rmCDTrue;0,5;3;3;2;150;4;all;1;7,0;2;324;324;554;3087;1441,629;Mi-8;28;;;;;;;;;;;;;;;;
Baghlan ai0.5_Mi-8_p28_hS150_gS4_dall_dP1_fCap200_vCnt2_cD4_sT1_rcS0.1_rmCDTrue;0,5;4;1;2;150;4;all;1;0,1;2;342;342;432;2819;1316,473;Mi-8;28;;;;;;;;;;;;;;;;
Baghlan ai0.5_Mi-8_p28_hS150_gS4_dall_dP1_fCap200_vCnt2_cD4_sT1_rcS0.5_rmCDTrue;0,5;4;1;2;150;4;all;1;0,5;2;342;342;432;2819;1316,473;Mi-8;28;;;;;;;;;;;;;;;;
Baghlan ai0.5_Mi-8_p28_hS150_gS4_dall_dP1_fCap200_vCnt2_cD4_sT1_rcS10_rmCDTrue;0,5;4;1;2;150;4;all;1;10,0;2;342;342;432;2819;1316,473;Mi-8;28;;;;;;;;;;;;;;;;
Baghlan ai0.5_Mi-8_p28_hS150_gS4_dall_dP1_fCap200_vCnt2_cD4_sT1_rcS1_rmCDTrue;0,5;4;1;2;150;4;all;1;1,0;2;342;342;432;2819;1316,473;Mi-8;28;;;;;;;;;;;;;;;;
Baghlan ai0.5_Mi-8_p28_hS150_gS4_dall_dP1_fCap200_vCnt2_cD4_sT1_rcS3_rmCDTrue;0,5;4;1;2;150;4;all;1;3,0;2;342;342;432;2819;1316,473;Mi-8;28;;;;;;;;;;;;;;;;
Baghlan ai0.5_Mi-8_p28_hS150_gS4_dall_dP1_fCap200_vCnt2_cD4_sT1_rcS5_rmCDTrue;0,5;4;1;2;150;4;all;1;5,0;2;342;342;432;2819;1316,473;Mi-8;28;;;;;;;;;;;;;;;;
Baghlan ai0.5_Mi-8_p28_hS150_gS4_dall_dP1_fCap200_vCnt2_cD4_sT1_rcS7_rmCDTrue;0,5;4;1;2;150;4;all;1;7,0;2;342;342;432;2819;1316,473;Mi-8;28;;;;;;;;;;;;;;;;
Baghlan ai0.5_Mi-8_p28_hS150_gS4_dall_dP1_fCap200_vCnt2_cD4_sT2_rcS0.1_rmCDTrue;0,5;4;2;2;150;4;all;1;0,1;2;342;342;532;3046;1422,482;Mi-8;28;;;;;;;;;;;;;;;;
Baghlan ai0.5_Mi-8_p28_hS150_gS4_dall_dP1_fCap200_vCnt2_cD4_sT2_rcS0.5_rmCDTrue;0,5;4;2;2;150;4;all;1;0,5;2;342;342;532;3046;1422,482;Mi-8;28;;;;;;;;;;;;;;;;
Baghlan ai0.5_Mi-8_p28_hS150_gS4_dall_dP1_fCap200_vCnt2_cD4_sT2_rcS10_rmCDTrue;0,5;4;2;2;150;4;all;1;10,0;2;342;342;532;3046;1422,482;Mi-8;28;;;;;;;;;;;;;;;;
Baghlan ai0.5_Mi-8_p28_hS150_gS4_dall_dP1_fCap200_vCnt2_cD4_sT2_rcS1_rmCDTrue;0,5;4;2;2;150;4;all;1;1,0;2;342;342;532;3046;1422,482;Mi-8;28;;;;;;;;;;;;;;;;
Baghlan ai0.5_Mi-8_p28_hS150_gS4_dall_dP1_fCap200_vCnt2_cD4_sT2_rcS3_rmCDTrue;0,5;4;2;2;150;4;all;1;3,0;2;342;342;532;3046;1422,482;Mi-8;28;;;;;;;;;;;;;;;;
Baghlan ai0.5_Mi-8_p28_hS150_gS4_dall_dP1_fCap200_vCnt2_cD4_sT2_rcS5_rmCDTrue;0,5;4;2;2;150;4;all;1;5,0;2;342;342;532;3046;1422,482;Mi-8;28;;;;;;;;;;;;;;;;
Baghlan ai0.5_Mi-8_p28_hS150_gS4_dall_dP1_fCap200_vCnt2_cD4_sT2_rcS7_rmCDTrue;0,5;4;2;2;150;4;all;1;7,0;2;342;342;532;3046;1422,482;Mi-8;28;;;;;;;;;;;;;;;;
Baghlan ai0.5_Mi-8_p28_hS150_gS4_dall_dP1_fCap200_vCnt2_cD4_sT3_rcS0.1_rmCDTrue;0,5;4;3;2;150;4;all;1;0,1;2;342;342;554;3087;1441,629;Mi-8;28;;;;;;;;;;;;;;;;
Baghlan ai0.5_Mi-8_p28_hS150_gS4_dall_dP1_fCap200_vCnt2_cD4_sT3_rcS0.5_rmCDTrue;0,5;4;3;2;150;4;all;1;0,5;2;342;342;554;3087;1441,629;Mi-8;28;;;;;;;;;;;;;;;;
Baghlan ai0.5_Mi-8_p28_hS150_gS4_dall_dP1_fCap200_vCnt2_cD4_sT3_rcS10_rmCDTrue;0,5;4;3;2;150;4;all;1;10,0;2;342;342;554;3087;1441,629;Mi-8;28;;;;;;;;;;;;;;;;
Baghlan ai0.5_Mi-8_p28_hS150_gS4_dall_dP1_fCap200_vCnt2_cD4_sT3_rcS1_rmCDTrue;0,5;4;3;2;150;4;all;1;1,0;2;342;342;554;3087;1441,629;Mi-8;28;;;;;;;;;;;;;;;;
Baghlan ai0.5_Mi-8_p28_hS150_gS4_dall_dP1_fCap200_vCnt2_cD4_sT3_rcS3_rmCDTrue;0,5;4;3;2;150;4;all;1;3,0;2;342;342;554;3087;1441,629;Mi-8;28;;;;;;;;;;;;;;;;
Baghlan ai0.5_Mi-8_p28_hS150_gS4_dall_dP1_fCap200_vCnt2_cD4_sT3_rcS5_rmCDTrue;0,5;4;3;2;150;4;all;1;5,0;2;342;342;554;3087;1441,629;Mi-8;28;;;;;;;;;;;;;;;;
Baghlan ai0.5_Mi-8_p28_hS150_gS4_dall_dP1_fCap200_vCnt2_cD4_sT3_rcS7_rmCDTrue;0,5;4;3;2;150;4;all;1;7,0;2;342;342;554;3087;1441,629;Mi-8;28;;;;;;;;;;;;;;;;
Baghlan ai0.5_Mi-8_p28_hS150_gS4_dall_dP1_fCap200_vCnt2_cD4_sT4_rcS0.1_rmCDTrue;0,5;4;4;2;150;4;all;1;0,1;2;342;342;558;3091;1443,497;Mi-8;28;;;;;;;;;;;;;;;;
Baghlan ai0.5_Mi-8_p28_hS150_gS4_dall_dP1_fCap200_vCnt2_cD4_sT4_rcS0.5_rmCDTrue;0,5;4;4;2;150;4;all;1;0,5;2;342;342;558;3091;1443,497;Mi-8;28;;;;;;;;;;;;;;;;
Baghlan ai0.5_Mi-8_p28_hS150_gS4_dall_dP1_fCap200_vCnt2_cD4_sT4_rcS10_rmCDTrue;0,5;4;4;2;150;4;all;1;10,0;2;342;342;558;3091;1443,497;Mi-8;28;;;;;;;;;;;;;;;;
Baghlan ai0.5_Mi-8_p28_hS150_gS4_dall_dP1_fCap200_vCnt2_cD4_sT4_rcS1_rmCDTrue;0,5;4;4;2;150;4;all;1;1,0;2;342;342;558;3091;1443,497;Mi-8;28;;;;;;;;;;;;;;;;
Baghlan ai0.5_Mi-8_p28_hS150_gS4_dall_dP1_fCap200_vCnt2_cD4_sT4_rcS3_rmCDTrue;0,5;4;4;2;150;4;all;1;3,0;2;342;342;558;3091;1443,497;Mi-8;28;;;;;;;;;;;;;;;;
Baghlan ai0.5_Mi-8_p28_hS150_gS4_dall_dP1_fCap200_vCnt2_cD4_sT4_rcS5_rmCDTrue;0,5;4;4;2;150;4;all;1;5,0;2;342;342;558;3091;1443,497;Mi-8;28;;;;;;;;;;;;;;;;
Baghlan ai0.5_Mi-8_p28_hS150_gS4_dall_dP1_fCap200_vCnt2_cD4_sT4_rcS7_rmCDTrue;0,5;4;4;2;150;4;all;1;7,0;2;342;342;558;3091;1443,497;Mi-8;28;;;;;;;;;;;;;;;;
Baghlan ai0.5_Mi-8_p28_hS150_gS4_dall_dP1_fCap200_vCnt3_cD1_sT1_rcS0.1_rmCDTrue;0,5;1;1;3;150;4;all;1;0,1;2;276;276;432;2819;1316,473;Mi-8;28;;;;;;;;;;;;;;;;
Baghlan ai0.5_Mi-8_p28_hS150_gS4_dall_dP1_fCap200_vCnt3_cD1_sT1_rcS0.5_rmCDTrue;0,5;1;1;3;150;4;all;1;0,5;2;276;276;432;2819;1316,473;Mi-8;28;;;;;;;;;;;;;;;;
Baghlan ai0.5_Mi-8_p28_hS150_gS4_dall_dP1_fCap200_vCnt3_cD1_sT1_rcS10_rmCDTrue;0,5;1;1;3;150;4;all;1;10,0;2;276;276;432;2819;1316,473;Mi-8;28;;;;;;;;;;;;;;;;
Baghlan ai0.5_Mi-8_p28_hS150_gS4_dall_dP1_fCap200_vCnt3_cD1_sT1_rcS1_rmCDTrue;0,5;1;1;3;150;4;all;1;1,0;2;276;276;432;2819;1316,473;Mi-8;28;;;;;;;;;;;;;;;;
Baghlan ai0.5_Mi-8_p28_hS150_gS4_dall_dP1_fCap200_vCnt3_cD1_sT1_rcS3_rmCDTrue;0,5;1;1;3;150;4;all;1;3,0;2;276;276;432;2819;1316,473;Mi-8;28;;;;;;;;;;;;;;;;
Baghlan ai0.5_Mi-8_p28_hS150_gS4_dall_dP1_fCap200_vCnt3_cD1_sT1_rcS5_rmCDTrue;0,5;1;1;3;150;4;all;1;5,0;2;276;276;432;2819;1316,473;Mi-8;28;;;;;;;;;;;;;;;;
Baghlan ai0.5_Mi-8_p28_hS150_gS4_dall_dP1_fCap200_vCnt3_cD1_sT1_rcS7_rmCDTrue;0,5;1;1;3;150;4;all;1;7,0;2;276;276;432;2819;1316,473;Mi-8;28;;;;;;;;;;;;;;;;
Baghlan ai0.5_Mi-8_p28_hS150_gS4_dall_dP1_fCap200_vCnt3_cD2_sT1_rcS0.1_rmCDTrue;0,5;2;1;3;150;4;all;1;0,1;2;305;305;432;2819;1316,473;Mi-8;28;;;;;;;;;;;;;;;;
Baghlan ai0.5_Mi-8_p28_hS150_gS4_dall_dP1_fCap200_vCnt3_cD2_sT1_rcS0.5_rmCDTrue;0,5;2;1;3;150;4;all;1;0,5;2;305;305;432;2819;1316,473;Mi-8;28;;;;;;;;;;;;;;;;
Baghlan ai0.5_Mi-8_p28_hS150_gS4_dall_dP1_fCap200_vCnt3_cD2_sT1_rcS10_rmCDTrue;0,5;2;1;3;150;4;all;1;10,0;2;305;305;432;2819;1316,473;Mi-8;28;;;;;;;;;;;;;;;;
Baghlan ai0.5_Mi-8_p28_hS150_gS4_dall_dP1_fCap200_vCnt3_cD2_sT1_rcS1_rmCDTrue;0,5;2;1;3;150;4;all;1;1,0;2;305;305;432;2819;1316,473;Mi-8;28;;;;;;;;;;;;;;;;
Baghlan ai0.5_Mi-8_p28_hS150_gS4_dall_dP1_fCap200_vCnt3_cD2_sT1_rcS3_rmCDTrue;0,5;2;1;3;150;4;all;1;3,0;2;305;305;432;2819;1316,473;Mi-8;28;;;;;;;;;;;;;;;;
Baghlan ai0.5_Mi-8_p28_hS150_gS4_dall_dP1_fCap200_vCnt3_cD2_sT1_rcS5_rmCDTrue;0,5;2;1;3;150;4;all;1;5,0;2;305;305;432;2819;1316,473;Mi-8;28;;;;;;;;;;;;;;;;
Baghlan ai0.5_Mi-8_p28_hS150_gS4_dall_dP1_fCap200_vCnt3_cD2_sT1_rcS7_rmCDTrue;0,5;2;1;3;150;4;all;1;7,0;2;305;305;432;2819;1316,473;Mi-8;28;;;;;;;;;;;;;;;;
Baghlan ai0.5_Mi-8_p28_hS150_gS4_dall_dP1_fCap200_vCnt3_cD2_sT2_rcS0.1_rmCDTrue;0,5;2;2;3;150;4;all;1;0,1;2;308;308;532;3046;1422,482;Mi-8;28;;;;;;;;;;;;;;;;
Baghlan ai0.5_Mi-8_p28_hS150_gS4_dall_dP1_fCap200_vCnt3_cD2_sT2_rcS0.5_rmCDTrue;0,5;2;2;3;150;4;all;1;0,5;2;308;308;532;3046;1422,482;Mi-8;28;;;;;;;;;;;;;;;;
Baghlan ai0.5_Mi-8_p28_hS150_gS4_dall_dP1_fCap200_vCnt3_cD2_sT2_rcS10_rmCDTrue;0,5;2;2;3;150;4;all;1;10,0;2;308;308;532;3046;1422,482;Mi-8;28;;;;;;;;;;;;;;;;
Baghlan ai0.5_Mi-8_p28_hS150_gS4_dall_dP1_fCap200_vCnt3_cD2_sT2_rcS1_rmCDTrue;0,5;2;2;3;150;4;all;1;1,0;2;308;308;532;3046;1422,482;Mi-8;28;;;;;;;;;;;;;;;;
Baghlan ai0.5_Mi-8_p28_hS150_gS4_dall_dP1_fCap200_vCnt3_cD2_sT2_rcS3_rmCDTrue;0,5;2;2;3;150;4;all;1;3,0;2;308;308;532;3046;1422,482;Mi-8;28;;;;;;;;;;;;;;;;
Baghlan ai0.5_Mi-8_p28_hS150_gS4_dall_dP1_fCap200_vCnt3_cD2_sT2_rcS5_rmCDTrue;0,5;2;2;3;150;4;all;1;5,0;2;308;308;532;3046;1422,482;Mi-8;28;;;;;;;;;;;;;;;;
Baghlan ai0.5_Mi-8_p28_hS150_gS4_dall_dP1_fCap200_vCnt3_cD2_sT2_rcS7_rmCDTrue;0,5;2;2;3;150;4;all;1;7,0;2;308;308;532;3046;1422,482;Mi-8;28;;;;;;;;;;;;;;;;
Baghlan ai0.5_Mi-8_p28_hS150_gS4_dall_dP1_fCap200_vCnt3_cD3_sT1_rcS0.1_rmCDTrue;0,5;3;1;3;150;4;all;1;0,1;2;323;323;432;2819;1316,473;Mi-8;28;;;;;;;;;;;;;;;;
Baghlan ai0.5_Mi-8_p28_hS150_gS4_dall_dP1_fCap200_vCnt3_cD3_sT1_rcS0.5_rmCDTrue;0,5;3;1;3;150;4;all;1;0,5;2;323;323;432;2819;1316,473;Mi-8;28;;;;;;;;;;;;;;;;
Baghlan ai0.5_Mi-8_p28_hS150_gS4_dall_dP1_fCap200_vCnt3_cD3_sT1_rcS10_rmCDTrue;0,5;3;1;3;150;4;all;1;10,0;2;323;323;432;2819;1316,473;Mi-8;28;;;;;;;;;;;;;;;;
Baghlan ai0.5_Mi-8_p28_hS150_gS4_dall_dP1_fCap200_vCnt3_cD3_sT1_rcS1_rmCDTrue;0,5;3;1;3;150;4;all;1;1,0;2;323;323;432;2819;1316,473;Mi-8;28;;;;;;;;;;;;;;;;
Baghlan ai0.5_Mi-8_p28_hS150_gS4_dall_dP1_fCap200_vCnt3_cD3_sT1_rcS3_rmCDTrue;0,5;3;1;3;150;4;all;1;3,0;2;323;323;432;2819;1316,473;Mi-8;28;;;;;;;;;;;;;;;;
Baghlan ai0.5_Mi-8_p28_hS150_gS4_dall_dP1_fCap200_vCnt3_cD3_sT1_rcS5_rmCDTrue;0,5;3;1;3;150;4;all;1;5,0;2;323;323;432;2819;1316,473;Mi-8;28;;;;;;;;;;;;;;;;
Baghlan ai0.5_Mi-8_p28_hS150_gS4_dall_dP1_fCap200_vCnt3_cD3_sT1_rcS7_rmCDTrue;0,5;3;1;3;150;4;all;1;7,0;2;323;323;432;2819;1316,473;Mi-8;28;;;;;;;;;;;;;;;;
Baghlan ai0.5_Mi-8_p28_hS150_gS4_dall_dP1_fCap200_vCnt3_cD3_sT2_rcS0.1_rmCDTrue;0,5;3;2;3;150;4;all;1;0,1;2;324;324;532;3046;1422,482;Mi-8;28;;;;;;;;;;;;;;;;
Baghlan ai0.5_Mi-8_p28_hS150_gS4_dall_dP1_fCap200_vCnt3_cD3_sT2_rcS0.5_rmCDTrue;0,5;3;2;3;150;4;all;1;0,5;2;324;324;532;3046;1422,482;Mi-8;28;;;;;;;;;;;;;;;;
Baghlan ai0.5_Mi-8_p28_hS150_gS4_dall_dP1_fCap200_vCnt3_cD3_sT2_rcS10_rmCDTrue;0,5;3;2;3;150;4;all;1;10,0;2;324;324;532;3046;1422,482;Mi-8;28;;;;;;;;;;;;;;;;
Baghlan ai0.5_Mi-8_p28_hS150_gS4_dall_dP1_fCap200_vCnt3_cD3_sT2_rcS1_rmCDTrue;0,5;3;2;3;150;4;all;1;1,0;2;324;324;532;3046;1422,482;Mi-8;28;;;;;;;;;;;;;;;;
Baghlan ai0.5_Mi-8_p28_hS150_gS4_dall_dP1_fCap200_vCnt3_cD3_sT2_rcS3_rmCDTrue;0,5;3;2;3;150;4;all;1;3,0;2;324;324;532;3046;1422,482;Mi-8;28;;;;;;;;;;;;;;;;
Baghlan ai0.5_Mi-8_p28_hS150_gS4_dall_dP1_fCap200_vCnt3_cD3_sT2_rcS5_rmCDTrue;0,5;3;2;3;150;4;all;1;5,0;2;324;324;532;3046;1422,482;Mi-8;28;;;;;;;;;;;;;;;;
Baghlan ai0.5_Mi-8_p28_hS150_gS4_dall_dP1_fCap200_vCnt3_cD3_sT2_rcS7_rmCDTrue;0,5;3;2;3;150;4;all;1;7,0;2;324;324;532;3046;1422,482;Mi-8;28;;;;;;;;;;;;;;;;
Baghlan ai0.5_Mi-8_p28_hS150_gS4_dall_dP1_fCap200_vCnt3_cD3_sT3_rcS0.1_rmCDTrue;0,5;3;3;3;150;4;all;1;0,1;2;324;324;554;3087;1441,629;Mi-8;28;;;;;;;;;;;;;;;;
Baghlan ai0.5_Mi-8_p28_hS150_gS4_dall_dP1_fCap200_vCnt3_cD3_sT3_rcS0.5_rmCDTrue;0,5;3;3;3;150;4;all;1;0,5;2;324;324;554;3087;1441,629;Mi-8;28;;;;;;;;;;;;;;;;
Baghlan ai0.5_Mi-8_p28_hS150_gS4_dall_dP1_fCap200_vCnt3_cD3_sT3_rcS10_rmCDTrue;0,5;3;3;3;150;4;all;1;10,0;2;324;324;554;3087;1441,629;Mi-8;28;;;;;;;;;;;;;;;;
Baghlan ai0.5_Mi-8_p28_hS150_gS4_dall_dP1_fCap200_vCnt3_cD3_sT3_rcS1_rmCDTrue;0,5;3;3;3;150;4;all;1;1,0;2;324;324;554;3087;1441,629;Mi-8;28;;;;;;;;;;;;;;;;
Baghlan ai0.5_Mi-8_p28_hS150_gS4_dall_dP1_fCap200_vCnt3_cD3_sT3_rcS3_rmCDTrue;0,5;3;3;3;150;4;all;1;3,0;2;324;324;554;3087;1441,629;Mi-8;28;;;;;;;;;;;;;;;;
Baghlan ai0.5_Mi-8_p28_hS150_gS4_dall_dP1_fCap200_vCnt3_cD3_sT3_rcS5_rmCDTrue;0,5;3;3;3;150;4;all;1;5,0;2;324;324;554;3087;1441,629;Mi-8;28;;;;;;;;;;;;;;;;
Baghlan ai0.5_Mi-8_p28_hS150_gS4_dall_dP1_fCap200_vCnt3_cD3_sT3_rcS7_rmCDTrue;0,5;3;3;3;150;4;all;1;7,0;2;324;324;554;3087;1441,629;Mi-8;28;;;;;;;;;;;;;;;;
Baghlan ai0.5_Mi-8_p28_hS150_gS4_dall_dP1_fCap200_vCnt3_cD4_sT1_rcS0.1_rmCDTrue;0,5;4;1;3;150;4;all;1;0,1;2;342;342;432;2819;1316,473;Mi-8;28;;;;;;;;;;;;;;;;
Baghlan ai0.5_Mi-8_p28_hS150_gS4_dall_dP1_fCap200_vCnt3_cD4_sT1_rcS0.5_rmCDTrue;0,5;4;1;3;150;4;all;1;0,5;2;342;342;432;2819;1316,473;Mi-8;28;;;;;;;;;;;;;;;;
Baghlan ai0.5_Mi-8_p28_hS150_gS4_dall_dP1_fCap200_vCnt3_cD4_sT1_rcS10_rmCDTrue;0,5;4;1;3;150;4;all;1;10,0;2;342;342;432;2819;1316,473;Mi-8;28;;;;;;;;;;;;;;;;
Baghlan ai0.5_Mi-8_p28_hS150_gS4_dall_dP1_fCap200_vCnt3_cD4_sT1_rcS1_rmCDTrue;0,5;4;1;3;150;4;all;1;1,0;2;342;342;432;2819;1316,473;Mi-8;28;;;;;;;;;;;;;;;;
Baghlan ai0.5_Mi-8_p28_hS150_gS4_dall_dP1_fCap200_vCnt3_cD4_sT1_rcS3_rmCDTrue;0,5;4;1;3;150;4;all;1;3,0;2;342;342;432;2819;1316,473;Mi-8;28;;;;;;;;;;;;;;;;
Baghlan ai0.5_Mi-8_p28_hS150_gS4_dall_dP1_fCap200_vCnt3_cD4_sT1_rcS5_rmCDTrue;0,5;4;1;3;150;4;all;1;5,0;2;342;342;432;2819;1316,473;Mi-8;28;;;;;;;;;;;;;;;;
Baghlan ai0.5_Mi-8_p28_hS150_gS4_dall_dP1_fCap200_vCnt3_cD4_sT1_rcS7_rmCDTrue;0,5;4;1;3;150;4;all;1;7,0;2;342;342;432;2819;1316,473;Mi-8;28;;;;;;;;;;;;;;;;
Baghlan ai0.5_Mi-8_p28_hS150_gS4_dall_dP1_fCap200_vCnt3_cD4_sT2_rcS0.1_rmCDTrue;0,5;4;2;3;150;4;all;1;0,1;2;342;342;532;3046;1422,482;Mi-8;28;;;;;;;;;;;;;;;;
Baghlan ai0.5_Mi-8_p28_hS150_gS4_dall_dP1_fCap200_vCnt3_cD4_sT2_rcS0.5_rmCDTrue;0,5;4;2;3;150;4;all;1;0,5;2;342;342;532;3046;1422,482;Mi-8;28;;;;;;;;;;;;;;;;
Baghlan ai0.5_Mi-8_p28_hS150_gS4_dall_dP1_fCap200_vCnt3_cD4_sT2_rcS10_rmCDTrue;0,5;4;2;3;150;4;all;1;10,0;2;342;342;532;3046;1422,482;Mi-8;28;;;;;;;;;;;;;;;;
Baghlan ai0.5_Mi-8_p28_hS150_gS4_dall_dP1_fCap200_vCnt3_cD4_sT2_rcS1_rmCDTrue;0,5;4;2;3;150;4;all;1;1,0;2;342;342;532;3046;1422,482;Mi-8;28;;;;;;;;;;;;;;;;
Baghlan ai0.5_Mi-8_p28_hS150_gS4_dall_dP1_fCap200_vCnt3_cD4_sT2_rcS3_rmCDTrue;0,5;4;2;3;150;4;all;1;3,0;2;342;342;532;3046;1422,482;Mi-8;28;;;;;;;;;;;;;;;;
Baghlan ai0.5_Mi-8_p28_hS150_gS4_dall_dP1_fCap200_vCnt3_cD4_sT2_rcS5_rmCDTrue;0,5;4;2;3;150;4;all;1;5,0;2;342;342;532;3046;1422,482;Mi-8;28;;;;;;;;;;;;;;;;
Baghlan ai0.5_Mi-8_p28_hS150_gS4_dall_dP1_fCap200_vCnt3_cD4_sT2_rcS7_rmCDTrue;0,5;4;2;3;150;4;all;1;7,0;2;342;342;532;3046;1422,482;Mi-8;28;;;;;;;;;;;;;;;;
Baghlan ai0.5_Mi-8_p28_hS150_gS4_dall_dP1_fCap200_vCnt3_cD4_sT3_rcS0.1_rmCDTrue;0,5;4;3;3;150;4;all;1;0,1;2;342;342;554;3087;1441,629;Mi-8;28;;;;;;;;;;;;;;;;
Baghlan ai0.5_Mi-8_p28_hS150_gS4_dall_dP1_fCap200_vCnt3_cD4_sT3_rcS0.5_rmCDTrue;0,5;4;3;3;150;4;all;1;0,5;2;342;342;554;3087;1441,629;Mi-8;28;;;;;;;;;;;;;;;;
Baghlan ai0.5_Mi-8_p28_hS150_gS4_dall_dP1_fCap200_vCnt3_cD4_sT3_rcS10_rmCDTrue;0,5;4;3;3;150;4;all;1;10,0;2;342;342;554;3087;1441,629;Mi-8;28;;;;;;;;;;;;;;;;
Baghlan ai0.5_Mi-8_p28_hS150_gS4_dall_dP1_fCap200_vCnt3_cD4_sT3_rcS1_rmCDTrue;0,5;4;3;3;150;4;all;1;1,0;2;342;342;554;3087;1441,629;Mi-8;28;;;;;;;;;;;;;;;;
Baghlan ai0.5_Mi-8_p28_hS150_gS4_dall_dP1_fCap200_vCnt3_cD4_sT3_rcS3_rmCDTrue;0,5;4;3;3;150;4;all;1;3,0;2;342;342;554;3087;1441,629;Mi-8;28;;;;;;;;;;;;;;;;
Baghlan ai0.5_Mi-8_p28_hS150_gS4_dall_dP1_fCap200_vCnt3_cD4_sT3_rcS5_rmCDTrue;0,5;4;3;3;150;4;all;1;5,0;2;342;342;554;3087;1441,629;Mi-8;28;;;;;;;;;;;;;;;;
Baghlan ai0.5_Mi-8_p28_hS150_gS4_dall_dP1_fCap200_vCnt3_cD4_sT3_rcS7_rmCDTrue;0,5;4;3;3;150;4;all;1;7,0;2;342;342;554;3087;1441,629;Mi-8;28;;;;;;;;;;;;;;;;
Baghlan ai0.5_Mi-8_p28_hS150_gS4_dall_dP1_fCap200_vCnt3_cD4_sT4_rcS0.1_rmCDTrue;0,5;4;4;3;150;4;all;1;0,1;2;342;342;558;3091;1443,497;Mi-8;28;;;;;;;;;;;;;;;;
Baghlan ai0.5_Mi-8_p28_hS150_gS4_dall_dP1_fCap200_vCnt3_cD4_sT4_rcS0.5_rmCDTrue;0,5;4;4;3;150;4;all;1;0,5;2;342;342;558;3091;1443,497;Mi-8;28;;;;;;;;;;;;;;;;
Baghlan ai0.5_Mi-8_p28_hS150_gS4_dall_dP1_fCap200_vCnt3_cD4_sT4_rcS10_rmCDTrue;0,5;4;4;3;150;4;all;1;10,0;2;342;342;558;3091;1443,497;Mi-8;28;;;;;;;;;;;;;;;;
Baghlan ai0.5_Mi-8_p28_hS150_gS4_dall_dP1_fCap200_vCnt3_cD4_sT4_rcS1_rmCDTrue;0,5;4;4;3;150;4;all;1;1,0;2;342;342;558;3091;1443,497;Mi-8;28;;;;;;;;;;;;;;;;
Baghlan ai0.5_Mi-8_p28_hS150_gS4_dall_dP1_fCap200_vCnt3_cD4_sT4_rcS3_rmCDTrue;0,5;4;4;3;150;4;all;1;3,0;2;342;342;558;3091;1443,497;Mi-8;28;;;;;;;;;;;;;;;;
Baghlan ai0.5_Mi-8_p28_hS150_gS4_dall_dP1_fCap200_vCnt3_cD4_sT4_rcS5_rmCDTrue;0,5;4;4;3;150;4;all;1;5,0;2;342;342;558;3091;1443,497;Mi-8;28;;;;;;;;;;;;;;;;
Baghlan ai0.5_Mi-8_p28_hS150_gS4_dall_dP1_fCap200_vCnt3_cD4_sT4_rcS7_rmCDTrue;0,5;4;4;3;150;4;all;1;7,0;2;342;342;558;3091;1443,497;Mi-8;28;;;;;;;;;;;;;;;;
Baghlan ai0.5_Mi-8_p28_hS150_gS4_dall_dP1_fCap200_vCnt4_cD1_sT1_rcS0.1_rmCDTrue;0,5;1;1;4;150;4;all;1;0,1;2;276;276;432;2819;1316,473;Mi-8;28;;;;;;;;;;;;;;;;
Baghlan ai0.5_Mi-8_p28_hS150_gS4_dall_dP1_fCap200_vCnt4_cD1_sT1_rcS0.5_rmCDTrue;0,5;1;1;4;150;4;all;1;0,5;2;276;276;432;2819;1316,473;Mi-8;28;;;;;;;;;;;;;;;;
Baghlan ai0.5_Mi-8_p28_hS150_gS4_dall_dP1_fCap200_vCnt4_cD1_sT1_rcS10_rmCDTrue;0,5;1;1;4;150;4;all;1;10,0;2;276;276;432;2819;1316,473;Mi-8;28;;;;;;;;;;;;;;;;
Baghlan ai0.5_Mi-8_p28_hS150_gS4_dall_dP1_fCap200_vCnt4_cD1_sT1_rcS1_rmCDTrue;0,5;1;1;4;150;4;all;1;1,0;2;276;276;432;2819;1316,473;Mi-8;28;;;;;;;;;;;;;;;;
Baghlan ai0.5_Mi-8_p28_hS150_gS4_dall_dP1_fCap200_vCnt4_cD1_sT1_rcS3_rmCDTrue;0,5;1;1;4;150;4;all;1;3,0;2;276;276;432;2819;1316,473;Mi-8;28;;;;;;;;;;;;;;;;
Baghlan ai0.5_Mi-8_p28_hS150_gS4_dall_dP1_fCap200_vCnt4_cD1_sT1_rcS5_rmCDTrue;0,5;1;1;4;150;4;all;1;5,0;2;276;276;432;2819;1316,473;Mi-8;28;;;;;;;;;;;;;;;;
Baghlan ai0.5_Mi-8_p28_hS150_gS4_dall_dP1_fCap200_vCnt4_cD1_sT1_rcS7_rmCDTrue;0,5;1;1;4;150;4;all;1;7,0;2;276;276;432;2819;1316,473;Mi-8;28;;;;;;;;;;;;;;;;
Baghlan ai0.5_Mi-8_p28_hS150_gS4_dall_dP1_fCap200_vCnt4_cD2_sT1_rcS0.1_rmCDTrue;0,5;2;1;4;150;4;all;1;0,1;2;305;305;432;2819;1316,473;Mi-8;28;;;;;;;;;;;;;;;;
Baghlan ai0.5_Mi-8_p28_hS150_gS4_dall_dP1_fCap200_vCnt4_cD2_sT1_rcS0.5_rmCDTrue;0,5;2;1;4;150;4;all;1;0,5;2;305;305;432;2819;1316,473;Mi-8;28;;;;;;;;;;;;;;;;
Baghlan ai0.5_Mi-8_p28_hS150_gS4_dall_dP1_fCap200_vCnt4_cD2_sT1_rcS10_rmCDTrue;0,5;2;1;4;150;4;all;1;10,0;2;305;305;432;2819;1316,473;Mi-8;28;;;;;;;;;;;;;;;;
Baghlan ai0.5_Mi-8_p28_hS150_gS4_dall_dP1_fCap200_vCnt4_cD2_sT1_rcS1_rmCDTrue;0,5;2;1;4;150;4;all;1;1,0;2;305;305;432;2819;1316,473;Mi-8;28;;;;;;;;;;;;;;;;
Baghlan ai0.5_Mi-8_p28_hS150_gS4_dall_dP1_fCap200_vCnt4_cD2_sT1_rcS3_rmCDTrue;0,5;2;1;4;150;4;all;1;3,0;2;305;305;432;2819;1316,473;Mi-8;28;;;;;;;;;;;;;;;;
Baghlan ai0.5_Mi-8_p28_hS150_gS4_dall_dP1_fCap200_vCnt4_cD2_sT1_rcS5_rmCDTrue;0,5;2;1;4;150;4;all;1;5,0;2;305;305;432;2819;1316,473;Mi-8;28;;;;;;;;;;;;;;;;
Baghlan ai0.5_Mi-8_p28_hS150_gS4_dall_dP1_fCap200_vCnt4_cD2_sT1_rcS7_rmCDTrue;0,5;2;1;4;150;4;all;1;7,0;2;305;305;432;2819;1316,473;Mi-8;28;;;;;;;;;;;;;;;;
Baghlan ai0.5_Mi-8_p28_hS150_gS4_dall_dP1_fCap200_vCnt4_cD2_sT2_rcS0.1_rmCDTrue;0,5;2;2;4;150;4;all;1;0,1;2;308;308;532;3046;1422,482;Mi-8;28;;;;;;;;;;;;;;;;
Baghlan ai0.5_Mi-8_p28_hS150_gS4_dall_dP1_fCap200_vCnt4_cD2_sT2_rcS0.5_rmCDTrue;0,5;2;2;4;150;4;all;1;0,5;2;308;308;532;3046;1422,482;Mi-8;28;;;;;;;;;;;;;;;;
Baghlan ai0.5_Mi-8_p28_hS150_gS4_dall_dP1_fCap200_vCnt4_cD2_sT2_rcS10_rmCDTrue;0,5;2;2;4;150;4;all;1;10,0;2;308;308;532;3046;1422,482;Mi-8;28;;;;;;;;;;;;;;;;
Baghlan ai0.5_Mi-8_p28_hS150_gS4_dall_dP1_fCap200_vCnt4_cD2_sT2_rcS1_rmCDTrue;0,5;2;2;4;150;4;all;1;1,0;2;308;308;532;3046;1422,482;Mi-8;28;;;;;;;;;;;;;;;;
Baghlan ai0.5_Mi-8_p28_hS150_gS4_dall_dP1_fCap200_vCnt4_cD2_sT2_rcS3_rmCDTrue;0,5;2;2;4;150;4;all;1;3,0;2;308;308;532;3046;1422,482;Mi-8;28;;;;;;;;;;;;;;;;
Baghlan ai0.5_Mi-8_p28_hS150_gS4_dall_dP1_fCap200_vCnt4_cD2_sT2_rcS5_rmCDTrue;0,5;2;2;4;150;4;all;1;5,0;2;308;308;532;3046;1422,482;Mi-8;28;;;;;;;;;;;;;;;;
Baghlan ai0.5_Mi-8_p28_hS150_gS4_dall_dP1_fCap200_vCnt4_cD2_sT2_rcS7_rmCDTrue;0,5;2;2;4;150;4;all;1;7,0;2;308;308;532;3046;1422,482;Mi-8;28;;;;;;;;;;;;;;;;
Baghlan ai0.5_Mi-8_p28_hS150_gS4_dall_dP1_fCap200_vCnt4_cD3_sT1_rcS0.1_rmCDTrue;0,5;3;1;4;150;4;all;1;0,1;2;323;323;432;2819;1316,473;Mi-8;28;;;;;;;;;;;;;;;;
Baghlan ai0.5_Mi-8_p28_hS150_gS4_dall_dP1_fCap200_vCnt4_cD3_sT1_rcS0.5_rmCDTrue;0,5;3;1;4;150;4;all;1;0,5;2;323;323;432;2819;1316,473;Mi-8;28;;;;;;;;;;;;;;;;
Baghlan ai0.5_Mi-8_p28_hS150_gS4_dall_dP1_fCap200_vCnt4_cD3_sT1_rcS10_rmCDTrue;0,5;3;1;4;150;4;all;1;10,0;2;323;323;432;2819;1316,473;Mi-8;28;;;;;;;;;;;;;;;;
Baghlan ai0.5_Mi-8_p28_hS150_gS4_dall_dP1_fCap200_vCnt4_cD3_sT1_rcS1_rmCDTrue;0,5;3;1;4;150;4;all;1;1,0;2;323;323;432;2819;1316,473;Mi-8;28;;;;;;;;;;;;;;;;
Baghlan ai0.5_Mi-8_p28_hS150_gS4_dall_dP1_fCap200_vCnt4_cD3_sT1_rcS3_rmCDTrue;0,5;3;1;4;150;4;all;1;3,0;2;323;323;432;2819;1316,473;Mi-8;28;;;;;;;;;;;;;;;;
Baghlan ai0.5_Mi-8_p28_hS150_gS4_dall_dP1_fCap200_vCnt4_cD3_sT1_rcS5_rmCDTrue;0,5;3;1;4;150;4;all;1;5,0;2;323;323;432;2819;1316,473;Mi-8;28;;;;;;;;;;;;;;;;
Baghlan ai0.5_Mi-8_p28_hS150_gS4_dall_dP1_fCap200_vCnt4_cD3_sT1_rcS7_rmCDTrue;0,5;3;1;4;150;4;all;1;7,0;2;323;323;432;2819;1316,473;Mi-8;28;;;;;;;;;;;;;;;;
Baghlan ai0.5_Mi-8_p28_hS150_gS4_dall_dP1_fCap200_vCnt4_cD3_sT2_rcS0.1_rmCDTrue;0,5;3;2;4;150;4;all;1;0,1;2;324;324;532;3046;1422,482;Mi-8;28;;;;;;;;;;;;;;;;
Baghlan ai0.5_Mi-8_p28_hS150_gS4_dall_dP1_fCap200_vCnt4_cD3_sT2_rcS0.5_rmCDTrue;0,5;3;2;4;150;4;all;1;0,5;2;324;324;532;3046;1422,482;Mi-8;28;;;;;;;;;;;;;;;;
Baghlan ai0.5_Mi-8_p28_hS150_gS4_dall_dP1_fCap200_vCnt4_cD3_sT2_rcS10_rmCDTrue;0,5;3;2;4;150;4;all;1;10,0;2;324;324;532;3046;1422,482;Mi-8;28;;;;;;;;;;;;;;;;
Baghlan ai0.5_Mi-8_p28_hS150_gS4_dall_dP1_fCap200_vCnt4_cD3_sT2_rcS1_rmCDTrue;0,5;3;2;4;150;4;all;1;1,0;2;324;324;532;3046;1422,482;Mi-8;28;;;;;;;;;;;;;;;;
Baghlan ai0.5_Mi-8_p28_hS150_gS4_dall_dP1_fCap200_vCnt4_cD3_sT2_rcS3_rmCDTrue;0,5;3;2;4;150;4;all;1;3,0;2;324;324;532;3046;1422,482;Mi-8;28;;;;;;;;;;;;;;;;
Baghlan ai0.5_Mi-8_p28_hS150_gS4_dall_dP1_fCap200_vCnt4_cD3_sT2_rcS5_rmCDTrue;0,5;3;2;4;150;4;all;1;5,0;2;324;324;532;3046;1422,482;Mi-8;28;;;;;;;;;;;;;;;;
Baghlan ai0.5_Mi-8_p28_hS150_gS4_dall_dP1_fCap200_vCnt4_cD3_sT2_rcS7_rmCDTrue;0,5;3;2;4;150;4;all;1;7,0;2;324;324;532;3046;1422,482;Mi-8;28;;;;;;;;;;;;;;;;
Baghlan ai0.5_Mi-8_p28_hS150_gS4_dall_dP1_fCap200_vCnt4_cD3_sT3_rcS0.1_rmCDTrue;0,5;3;3;4;150;4;all;1;0,1;2;324;324;554;3087;1441,629;Mi-8;28;;;;;;;;;;;;;;;;
Baghlan ai0.5_Mi-8_p28_hS150_gS4_dall_dP1_fCap200_vCnt4_cD3_sT3_rcS0.5_rmCDTrue;0,5;3;3;4;150;4;all;1;0,5;2;324;324;554;3087;1441,629;Mi-8;28;;;;;;;;;;;;;;;;
Baghlan ai0.5_Mi-8_p28_hS150_gS4_dall_dP1_fCap200_vCnt4_cD3_sT3_rcS10_rmCDTrue;0,5;3;3;4;150;4;all;1;10,0;2;324;324;554;3087;1441,629;Mi-8;28;;;;;;;;;;;;;;;;
Baghlan ai0.5_Mi-8_p28_hS150_gS4_dall_dP1_fCap200_vCnt4_cD3_sT3_rcS1_rmCDTrue;0,5;3;3;4;150;4;all;1;1,0;2;324;324;554;3087;1441,629;Mi-8;28;;;;;;;;;;;;;;;;
Baghlan ai0.5_Mi-8_p28_hS150_gS4_dall_dP1_fCap200_vCnt4_cD3_sT3_rcS3_rmCDTrue;0,5;3;3;4;150;4;all;1;3,0;2;324;324;554;3087;1441,629;Mi-8;28;;;;;;;;;;;;;;;;
Baghlan ai0.5_Mi-8_p28_hS150_gS4_dall_dP1_fCap200_vCnt4_cD3_sT3_rcS5_rmCDTrue;0,5;3;3;4;150;4;all;1;5,0;2;324;324;554;3087;1441,629;Mi-8;28;;;;;;;;;;;;;;;;
Baghlan ai0.5_Mi-8_p28_hS150_gS4_dall_dP1_fCap200_vCnt4_cD3_sT3_rcS7_rmCDTrue;0,5;3;3;4;150;4;all;1;7,0;2;324;324;554;3087;1441,629;Mi-8;28;;;;;;;;;;;;;;;;
Baghlan ai0.5_Mi-8_p28_hS150_gS4_dall_dP1_fCap200_vCnt4_cD4_sT1_rcS0.1_rmCDTrue;0,5;4;1;4;150;4;all;1;0,1;2;342;342;432;2819;1316,473;Mi-8;28;;;;;;;;;;;;;;;;
Baghlan ai0.5_Mi-8_p28_hS150_gS4_dall_dP1_fCap200_vCnt4_cD4_sT1_rcS0.5_rmCDTrue;0,5;4;1;4;150;4;all;1;0,5;2;342;342;432;2819;1316,473;Mi-8;28;;;;;;;;;;;;;;;;
Baghlan ai0.5_Mi-8_p28_hS150_gS4_dall_dP1_fCap200_vCnt4_cD4_sT1_rcS10_rmCDTrue;0,5;4;1;4;150;4;all;1;10,0;2;342;342;432;2819;1316,473;Mi-8;28;;;;;;;;;;;;;;;;
Baghlan ai0.5_Mi-8_p28_hS150_gS4_dall_dP1_fCap200_vCnt4_cD4_sT1_rcS1_rmCDTrue;0,5;4;1;4;150;4;all;1;1,0;2;342;342;432;2819;1316,473;Mi-8;28;;;;;;;;;;;;;;;;
Baghlan ai0.5_Mi-8_p28_hS150_gS4_dall_dP1_fCap200_vCnt4_cD4_sT1_rcS3_rmCDTrue;0,5;4;1;4;150;4;all;1;3,0;2;342;342;432;2819;1316,473;Mi-8;28;;;;;;;;;;;;;;;;
Baghlan ai0.5_Mi-8_p28_hS150_gS4_dall_dP1_fCap200_vCnt4_cD4_sT1_rcS5_rmCDTrue;0,5;4;1;4;150;4;all;1;5,0;2;342;342;432;2819;1316,473;Mi-8;28;;;;;;;;;;;;;;;;
Baghlan ai0.5_Mi-8_p28_hS150_gS4_dall_dP1_fCap200_vCnt4_cD4_sT1_rcS7_rmCDTrue;0,5;4;1;4;150;4;all;1;7,0;2;342;342;432;2819;1316,473;Mi-8;28;;;;;;;;;;;;;;;;
Baghlan ai0.5_Mi-8_p28_hS150_gS4_dall_dP1_fCap200_vCnt4_cD4_sT2_rcS0.1_rmCDTrue;0,5;4;2;4;150;4;all;1;0,1;2;342;342;532;3046;1422,482;Mi-8;28;;;;;;;;;;;;;;;;
Baghlan ai0.5_Mi-8_p28_hS150_gS4_dall_dP1_fCap200_vCnt4_cD4_sT2_rcS0.5_rmCDTrue;0,5;4;2;4;150;4;all;1;0,5;2;342;342;532;3046;1422,482;Mi-8;28;;;;;;;;;;;;;;;;
Baghlan ai0.5_Mi-8_p28_hS150_gS4_dall_dP1_fCap200_vCnt4_cD4_sT2_rcS10_rmCDTrue;0,5;4;2;4;150;4;all;1;10,0;2;342;342;532;3046;1422,482;Mi-8;28;;;;;;;;;;;;;;;;
Baghlan ai0.5_Mi-8_p28_hS150_gS4_dall_dP1_fCap200_vCnt4_cD4_sT2_rcS1_rmCDTrue;0,5;4;2;4;150;4;all;1;1,0;2;342;342;532;3046;1422,482;Mi-8;28;;;;;;;;;;;;;;;;
Baghlan ai0.5_Mi-8_p28_hS150_gS4_dall_dP1_fCap200_vCnt4_cD4_sT2_rcS3_rmCDTrue;0,5;4;2;4;150;4;all;1;3,0;2;342;342;532;3046;1422,482;Mi-8;28;;;;;;;;;;;;;;;;
Baghlan ai0.5_Mi-8_p28_hS150_gS4_dall_dP1_fCap200_vCnt4_cD4_sT2_rcS5_rmCDTrue;0,5;4;2;4;150;4;all;1;5,0;2;342;342;532;3046;1422,482;Mi-8;28;;;;;;;;;;;;;;;;
Baghlan ai0.5_Mi-8_p28_hS150_gS4_dall_dP1_fCap200_vCnt4_cD4_sT2_rcS7_rmCDTrue;0,5;4;2;4;150;4;all;1;7,0;2;342;342;532;3046;1422,482;Mi-8;28;;;;;;;;;;;;;;;;
Baghlan ai0.5_Mi-8_p28_hS150_gS4_dall_dP1_fCap200_vCnt4_cD4_sT3_rcS0.1_rmCDTrue;0,5;4;3;4;150;4;all;1;0,1;2;342;342;554;3087;1441,629;Mi-8;28;;;;;;;;;;;;;;;;
Baghlan ai0.5_Mi-8_p28_hS150_gS4_dall_dP1_fCap200_vCnt4_cD4_sT3_rcS0.5_rmCDTrue;0,5;4;3;4;150;4;all;1;0,5;2;342;342;554;3087;1441,629;Mi-8;28;;;;;;;;;;;;;;;;
Baghlan ai0.5_Mi-8_p28_hS150_gS4_dall_dP1_fCap200_vCnt4_cD4_sT3_rcS10_rmCDTrue;0,5;4;3;4;150;4;all;1;10,0;2;342;342;554;3087;1441,629;Mi-8;28;;;;;;;;;;;;;;;;
Baghlan ai0.5_Mi-8_p28_hS150_gS4_dall_dP1_fCap200_vCnt4_cD4_sT3_rcS1_rmCDTrue;0,5;4;3;4;150;4;all;1;1,0;2;342;342;554;3087;1441,629;Mi-8;28;;;;;;;;;;;;;;;;
Baghlan ai0.5_Mi-8_p28_hS150_gS4_dall_dP1_fCap200_vCnt4_cD4_sT3_rcS3_rmCDTrue;0,5;4;3;4;150;4;all;1;3,0;2;342;342;554;3087;1441,629;Mi-8;28;;;;;;;;;;;;;;;;
Baghlan ai0.5_Mi-8_p28_hS150_gS4_dall_dP1_fCap200_vCnt4_cD4_sT3_rcS5_rmCDTrue;0,5;4;3;4;150;4;all;1;5,0;2;342;342;554;3087;1441,629;Mi-8;28;;;;;;;;;;;;;;;;
Baghlan ai0.5_Mi-8_p28_hS150_gS4_dall_dP1_fCap200_vCnt4_cD4_sT3_rcS7_rmCDTrue;0,5;4;3;4;150;4;all;1;7,0;2;342;342;554;3087;1441,629;Mi-8;28;;;;;;;;;;;;;;;;
Baghlan ai0.5_Mi-8_p28_hS150_gS4_dall_dP1_fCap200_vCnt4_cD4_sT4_rcS0.1_rmCDTrue;0,5;4;4;4;150;4;all;1;0,1;2;342;342;558;3091;1443,497;Mi-8;28;;;;;;;;;;;;;;;;
Baghlan ai0.5_Mi-8_p28_hS150_gS4_dall_dP1_fCap200_vCnt4_cD4_sT4_rcS0.5_rmCDTrue;0,5;4;4;4;150;4;all;1;0,5;2;342;342;558;3091;1443,497;Mi-8;28;;;;;;;;;;;;;;;;
Baghlan ai0.5_Mi-8_p28_hS150_gS4_dall_dP1_fCap200_vCnt4_cD4_sT4_rcS10_rmCDTrue;0,5;4;4;4;150;4;all;1;10,0;2;342;342;558;3091;1443,497;Mi-8;28;;;;;;;;;;;;;;;;
Baghlan ai0.5_Mi-8_p28_hS150_gS4_dall_dP1_fCap200_vCnt4_cD4_sT4_rcS1_rmCDTrue;0,5;4;4;4;150;4;all;1;1,0;2;342;342;558;3091;1443,497;Mi-8;28;;;;;;;;;;;;;;;;
Baghlan ai0.5_Mi-8_p28_hS150_gS4_dall_dP1_fCap200_vCnt4_cD4_sT4_rcS3_rmCDTrue;0,5;4;4;4;150;4;all;1;3,0;2;342;342;558;3091;1443,497;Mi-8;28;;;;;;;;;;;;;;;;
Baghlan ai0.5_Mi-8_p28_hS150_gS4_dall_dP1_fCap200_vCnt4_cD4_sT4_rcS5_rmCDTrue;0,5;4;4;4;150;4;all;1;5,0;2;342;342;558;3091;1443,497;Mi-8;28;;;;;;;;;;;;;;;;
Baghlan ai0.5_Mi-8_p28_hS150_gS4_dall_dP1_fCap200_vCnt4_cD4_sT4_rcS7_rmCDTrue;0,5;4;4;4;150;4;all;1;7,0;2;342;342;558;3091;1443,497;Mi-8;28;;;;;;;;;;;;;;;;
Baghlan ai0.75_Mi-8_p28_hS150_gS4_dall_dP1_fCap200_vCnt1_cD1_sT1_rcS0.1_rmCDTrue;0,75;1;1;1;150;4;all;1;0,1;2;276;276;432;4187;1955,329;Mi-8;28;;;;;;;;;;;;;;;;
Baghlan ai0.75_Mi-8_p28_hS150_gS4_dall_dP1_fCap200_vCnt1_cD1_sT1_rcS0.5_rmCDTrue;0,75;1;1;1;150;4;all;1;0,5;2;276;276;432;4187;1955,329;Mi-8;28;;;;;;;;;;;;;;;;
Baghlan ai0.75_Mi-8_p28_hS150_gS4_dall_dP1_fCap200_vCnt1_cD1_sT1_rcS10_rmCDTrue;0,75;1;1;1;150;4;all;1;10,0;2;276;276;432;4187;1955,329;Mi-8;28;;;;;;;;;;;;;;;;
Baghlan ai0.75_Mi-8_p28_hS150_gS4_dall_dP1_fCap200_vCnt1_cD1_sT1_rcS1_rmCDTrue;0,75;1;1;1;150;4;all;1;1,0;2;276;276;432;4187;1955,329;Mi-8;28;;;;;;;;;;;;;;;;
Baghlan ai0.75_Mi-8_p28_hS150_gS4_dall_dP1_fCap200_vCnt1_cD1_sT1_rcS3_rmCDTrue;0,75;1;1;1;150;4;all;1;3,0;2;276;276;432;4187;1955,329;Mi-8;28;;;;;;;;;;;;;;;;
Baghlan ai0.75_Mi-8_p28_hS150_gS4_dall_dP1_fCap200_vCnt1_cD1_sT1_rcS5_rmCDTrue;0,75;1;1;1;150;4;all;1;5,0;2;276;276;432;4187;1955,329;Mi-8;28;;;;;;;;;;;;;;;;
Baghlan ai0.75_Mi-8_p28_hS150_gS4_dall_dP1_fCap200_vCnt1_cD1_sT1_rcS7_rmCDTrue;0,75;1;1;1;150;4;all;1;7,0;2;276;276;432;4187;1955,329;Mi-8;28;;;;;;;;;;;;;;;;
Baghlan ai0.75_Mi-8_p28_hS150_gS4_dall_dP1_fCap200_vCnt1_cD2_sT1_rcS0.1_rmCDTrue;0,75;2;1;1;150;4;all;1;0,1;2;305;305;432;4187;1955,329;Mi-8;28;;;;;;;;;;;;;;;;
Baghlan ai0.75_Mi-8_p28_hS150_gS4_dall_dP1_fCap200_vCnt1_cD2_sT1_rcS0.5_rmCDTrue;0,75;2;1;1;150;4;all;1;0,5;2;305;305;432;4187;1955,329;Mi-8;28;;;;;;;;;;;;;;;;
Baghlan ai0.75_Mi-8_p28_hS150_gS4_dall_dP1_fCap200_vCnt1_cD2_sT1_rcS10_rmCDTrue;0,75;2;1;1;150;4;all;1;10,0;2;305;305;432;4187;1955,329;Mi-8;28;;;;;;;;;;;;;;;;
Baghlan ai0.75_Mi-8_p28_hS150_gS4_dall_dP1_fCap200_vCnt1_cD2_sT1_rcS1_rmCDTrue;0,75;2;1;1;150;4;all;1;1,0;2;305;305;432;4187;1955,329;Mi-8;28;;;;;;;;;;;;;;;;
Baghlan ai0.75_Mi-8_p28_hS150_gS4_dall_dP1_fCap200_vCnt1_cD2_sT1_rcS3_rmCDTrue;0,75;2;1;1;150;4;all;1;3,0;2;305;305;432;4187;1955,329;Mi-8;28;;;;;;;;;;;;;;;;
Baghlan ai0.75_Mi-8_p28_hS150_gS4_dall_dP1_fCap200_vCnt1_cD2_sT1_rcS5_rmCDTrue;0,75;2;1;1;150;4;all;1;5,0;2;305;305;432;4187;1955,329;Mi-8;28;;;;;;;;;;;;;;;;
Baghlan ai0.75_Mi-8_p28_hS150_gS4_dall_dP1_fCap200_vCnt1_cD2_sT1_rcS7_rmCDTrue;0,75;2;1;1;150;4;all;1;7,0;2;305;305;432;4187;1955,329;Mi-8;28;;;;;;;;;;;;;;;;
Baghlan ai0.75_Mi-8_p28_hS150_gS4_dall_dP1_fCap200_vCnt1_cD2_sT2_rcS0.1_rmCDTrue;0,75;2;2;1;150;4;all;1;0,1;2;308;308;532;4513;2107,571;Mi-8;28;;;;;;;;;;;;;;;;
Baghlan ai0.75_Mi-8_p28_hS150_gS4_dall_dP1_fCap200_vCnt1_cD2_sT2_rcS0.5_rmCDTrue;0,75;2;2;1;150;4;all;1;0,5;2;308;308;532;4513;2107,571;Mi-8;28;;;;;;;;;;;;;;;;
Baghlan ai0.75_Mi-8_p28_hS150_gS4_dall_dP1_fCap200_vCnt1_cD2_sT2_rcS10_rmCDTrue;0,75;2;2;1;150;4;all;1;10,0;2;308;308;532;4513;2107,571;Mi-8;28;;;;;;;;;;;;;;;;
Baghlan ai0.75_Mi-8_p28_hS150_gS4_dall_dP1_fCap200_vCnt1_cD2_sT2_rcS1_rmCDTrue;0,75;2;2;1;150;4;all;1;1,0;2;308;308;532;4513;2107,571;Mi-8;28;;;;;;;;;;;;;;;;
Baghlan ai0.75_Mi-8_p28_hS150_gS4_dall_dP1_fCap200_vCnt1_cD2_sT2_rcS3_rmCDTrue;0,75;2;2;1;150;4;all;1;3,0;2;308;308;532;4513;2107,571;Mi-8;28;;;;;;;;;;;;;;;;
Baghlan ai0.75_Mi-8_p28_hS150_gS4_dall_dP1_fCap200_vCnt1_cD2_sT2_rcS5_rmCDTrue;0,75;2;2;1;150;4;all;1;5,0;2;308;308;532;4513;2107,571;Mi-8;28;;;;;;;;;;;;;;;;
Baghlan ai0.75_Mi-8_p28_hS150_gS4_dall_dP1_fCap200_vCnt1_cD2_sT2_rcS7_rmCDTrue;0,75;2;2;1;150;4;all;1;7,0;2;308;308;532;4513;2107,571;Mi-8;28;;;;;;;;;;;;;;;;
Baghlan ai0.75_Mi-8_p28_hS150_gS4_dall_dP1_fCap200_vCnt1_cD3_sT1_rcS0.1_rmCDTrue;0,75;3;1;1;150;4;all;1;0,1;2;323;323;432;4187;1955,329;Mi-8;28;;;;;;;;;;;;;;;;
Baghlan ai0.75_Mi-8_p28_hS150_gS4_dall_dP1_fCap200_vCnt1_cD3_sT1_rcS0.5_rmCDTrue;0,75;3;1;1;150;4;all;1;0,5;2;323;323;432;4187;1955,329;Mi-8;28;;;;;;;;;;;;;;;;
Baghlan ai0.75_Mi-8_p28_hS150_gS4_dall_dP1_fCap200_vCnt1_cD3_sT1_rcS10_rmCDTrue;0,75;3;1;1;150;4;all;1;10,0;2;323;323;432;4187;1955,329;Mi-8;28;;;;;;;;;;;;;;;;
Baghlan ai0.75_Mi-8_p28_hS150_gS4_dall_dP1_fCap200_vCnt1_cD3_sT1_rcS1_rmCDTrue;0,75;3;1;1;150;4;all;1;1,0;2;323;323;432;4187;1955,329;Mi-8;28;;;;;;;;;;;;;;;;
Baghlan ai0.75_Mi-8_p28_hS150_gS4_dall_dP1_fCap200_vCnt1_cD3_sT1_rcS3_rmCDTrue;0,75;3;1;1;150;4;all;1;3,0;2;323;323;432;4187;1955,329;Mi-8;28;;;;;;;;;;;;;;;;
Baghlan ai0.75_Mi-8_p28_hS150_gS4_dall_dP1_fCap200_vCnt1_cD3_sT1_rcS5_rmCDTrue;0,75;3;1;1;150;4;all;1;5,0;2;323;323;432;4187;1955,329;Mi-8;28;;;;;;;;;;;;;;;;
Baghlan ai0.75_Mi-8_p28_hS150_gS4_dall_dP1_fCap200_vCnt1_cD3_sT1_rcS7_rmCDTrue;0,75;3;1;1;150;4;all;1;7,0;2;323;323;432;4187;1955,329;Mi-8;28;;;;;;;;;;;;;;;;
Baghlan ai0.75_Mi-8_p28_hS150_gS4_dall_dP1_fCap200_vCnt1_cD3_sT2_rcS0.1_rmCDTrue;0,75;3;2;1;150;4;all;1;0,1;2;324;324;532;4513;2107,571;Mi-8;28;;;;;;;;;;;;;;;;
Baghlan ai0.75_Mi-8_p28_hS150_gS4_dall_dP1_fCap200_vCnt1_cD3_sT2_rcS0.5_rmCDTrue;0,75;3;2;1;150;4;all;1;0,5;2;324;324;532;4513;2107,571;Mi-8;28;;;;;;;;;;;;;;;;
Baghlan ai0.75_Mi-8_p28_hS150_gS4_dall_dP1_fCap200_vCnt1_cD3_sT2_rcS10_rmCDTrue;0,75;3;2;1;150;4;all;1;10,0;2;324;324;532;4513;2107,571;Mi-8;28;;;;;;;;;;;;;;;;
Baghlan ai0.75_Mi-8_p28_hS150_gS4_dall_dP1_fCap200_vCnt1_cD3_sT2_rcS1_rmCDTrue;0,75;3;2;1;150;4;all;1;1,0;2;324;324;532;4513;2107,571;Mi-8;28;;;;;;;;;;;;;;;;
Baghlan ai0.75_Mi-8_p28_hS150_gS4_dall_dP1_fCap200_vCnt1_cD3_sT2_rcS3_rmCDTrue;0,75;3;2;1;150;4;all;1;3,0;2;324;324;532;4513;2107,571;Mi-8;28;;;;;;;;;;;;;;;;
Baghlan ai0.75_Mi-8_p28_hS150_gS4_dall_dP1_fCap200_vCnt1_cD3_sT2_rcS5_rmCDTrue;0,75;3;2;1;150;4;all;1;5,0;2;324;324;532;4513;2107,571;Mi-8;28;;;;;;;;;;;;;;;;
Baghlan ai0.75_Mi-8_p28_hS150_gS4_dall_dP1_fCap200_vCnt1_cD3_sT2_rcS7_rmCDTrue;0,75;3;2;1;150;4;all;1;7,0;2;324;324;532;4513;2107,571;Mi-8;28;;;;;;;;;;;;;;;;
Baghlan ai0.75_Mi-8_p28_hS150_gS4_dall_dP1_fCap200_vCnt1_cD3_sT3_rcS0.1_rmCDTrue;0,75;3;3;1;150;4;all;1;0,1;2;324;324;554;4569;2133,723;Mi-8;28;;;;;;;;;;;;;;;;
Baghlan ai0.75_Mi-8_p28_hS150_gS4_dall_dP1_fCap200_vCnt1_cD3_sT3_rcS0.5_rmCDTrue;0,75;3;3;1;150;4;all;1;0,5;2;324;324;554;4569;2133,723;Mi-8;28;;;;;;;;;;;;;;;;
Baghlan ai0.75_Mi-8_p28_hS150_gS4_dall_dP1_fCap200_vCnt1_cD3_sT3_rcS10_rmCDTrue;0,75;3;3;1;150;4;all;1;10,0;2;324;324;554;4569;2133,723;Mi-8;28;;;;;;;;;;;;;;;;
Baghlan ai0.75_Mi-8_p28_hS150_gS4_dall_dP1_fCap200_vCnt1_cD3_sT3_rcS1_rmCDTrue;0,75;3;3;1;150;4;all;1;1,0;2;324;324;554;4569;2133,723;Mi-8;28;;;;;;;;;;;;;;;;
Baghlan ai0.75_Mi-8_p28_hS150_gS4_dall_dP1_fCap200_vCnt1_cD3_sT3_rcS3_rmCDTrue;0,75;3;3;1;150;4;all;1;3,0;2;324;324;554;4569;2133,723;Mi-8;28;;;;;;;;;;;;;;;;
Baghlan ai0.75_Mi-8_p28_hS150_gS4_dall_dP1_fCap200_vCnt1_cD3_sT3_rcS5_rmCDTrue;0,75;3;3;1;150;4;all;1;5,0;2;324;324;554;4569;2133,723;Mi-8;28;;;;;;;;;;;;;;;;
Baghlan ai0.75_Mi-8_p28_hS150_gS4_dall_dP1_fCap200_vCnt1_cD3_sT3_rcS7_rmCDTrue;0,75;3;3;1;150;4;all;1;7,0;2;324;324;554;4569;2133,723;Mi-8;28;;;;;;;;;;;;;;;;
Baghlan ai0.75_Mi-8_p28_hS150_gS4_dall_dP1_fCap200_vCnt1_cD4_sT1_rcS0.1_rmCDTrue;0,75;4;1;1;150;4;all;1;0,1;2;342;342;432;4187;1955,329;Mi-8;28;;;;;;;;;;;;;;;;
Baghlan ai0.75_Mi-8_p28_hS150_gS4_dall_dP1_fCap200_vCnt1_cD4_sT1_rcS0.5_rmCDTrue;0,75;4;1;1;150;4;all;1;0,5;2;342;342;432;4187;1955,329;Mi-8;28;;;;;;;;;;;;;;;;
Baghlan ai0.75_Mi-8_p28_hS150_gS4_dall_dP1_fCap200_vCnt1_cD4_sT1_rcS10_rmCDTrue;0,75;4;1;1;150;4;all;1;10,0;2;342;342;432;4187;1955,329;Mi-8;28;;;;;;;;;;;;;;;;
Baghlan ai0.75_Mi-8_p28_hS150_gS4_dall_dP1_fCap200_vCnt1_cD4_sT1_rcS1_rmCDTrue;0,75;4;1;1;150;4;all;1;1,0;2;342;342;432;4187;1955,329;Mi-8;28;;;;;;;;;;;;;;;;
Baghlan ai0.75_Mi-8_p28_hS150_gS4_dall_dP1_fCap200_vCnt1_cD4_sT1_rcS3_rmCDTrue;0,75;4;1;1;150;4;all;1;3,0;2;342;342;432;4187;1955,329;Mi-8;28;;;;;;;;;;;;;;;;
Baghlan ai0.75_Mi-8_p28_hS150_gS4_dall_dP1_fCap200_vCnt1_cD4_sT1_rcS5_rmCDTrue;0,75;4;1;1;150;4;all;1;5,0;2;342;342;432;4187;1955,329;Mi-8;28;;;;;;;;;;;;;;;;
Baghlan ai0.75_Mi-8_p28_hS150_gS4_dall_dP1_fCap200_vCnt1_cD4_sT1_rcS7_rmCDTrue;0,75;4;1;1;150;4;all;1;7,0;2;342;342;432;4187;1955,329;Mi-8;28;;;;;;;;;;;;;;;;
Baghlan ai0.75_Mi-8_p28_hS150_gS4_dall_dP1_fCap200_vCnt1_cD4_sT2_rcS0.1_rmCDTrue;0,75;4;2;1;150;4;all;1;0,1;2;342;342;532;4513;2107,571;Mi-8;28;;;;;;;;;;;;;;;;
Baghlan ai0.75_Mi-8_p28_hS150_gS4_dall_dP1_fCap200_vCnt1_cD4_sT2_rcS0.5_rmCDTrue;0,75;4;2;1;150;4;all;1;0,5;2;342;342;532;4513;2107,571;Mi-8;28;;;;;;;;;;;;;;;;
Baghlan ai0.75_Mi-8_p28_hS150_gS4_dall_dP1_fCap200_vCnt1_cD4_sT2_rcS10_rmCDTrue;0,75;4;2;1;150;4;all;1;10,0;2;342;342;532;4513;2107,571;Mi-8;28;;;;;;;;;;;;;;;;
Baghlan ai0.75_Mi-8_p28_hS150_gS4_dall_dP1_fCap200_vCnt1_cD4_sT2_rcS1_rmCDTrue;0,75;4;2;1;150;4;all;1;1,0;2;342;342;532;4513;2107,571;Mi-8;28;;;;;;;;;;;;;;;;
Baghlan ai0.75_Mi-8_p28_hS150_gS4_dall_dP1_fCap200_vCnt1_cD4_sT2_rcS3_rmCDTrue;0,75;4;2;1;150;4;all;1;3,0;2;342;342;532;4513;2107,571;Mi-8;28;;;;;;;;;;;;;;;;
Baghlan ai0.75_Mi-8_p28_hS150_gS4_dall_dP1_fCap200_vCnt1_cD4_sT2_rcS5_rmCDTrue;0,75;4;2;1;150;4;all;1;5,0;2;342;342;532;4513;2107,571;Mi-8;28;;;;;;;;;;;;;;;;
Baghlan ai0.75_Mi-8_p28_hS150_gS4_dall_dP1_fCap200_vCnt1_cD4_sT2_rcS7_rmCDTrue;0,75;4;2;1;150;4;all;1;7,0;2;342;342;532;4513;2107,571;Mi-8;28;;;;;;;;;;;;;;;;
Baghlan ai0.75_Mi-8_p28_hS150_gS4_dall_dP1_fCap200_vCnt1_cD4_sT3_rcS0.1_rmCDTrue;0,75;4;3;1;150;4;all;1;0,1;2;342;342;554;4569;2133,723;Mi-8;28;;;;;;;;;;;;;;;;
Baghlan ai0.75_Mi-8_p28_hS150_gS4_dall_dP1_fCap200_vCnt1_cD4_sT3_rcS0.5_rmCDTrue;0,75;4;3;1;150;4;all;1;0,5;2;342;342;554;4569;2133,723;Mi-8;28;;;;;;;;;;;;;;;;
Baghlan ai0.75_Mi-8_p28_hS150_gS4_dall_dP1_fCap200_vCnt1_cD4_sT3_rcS10_rmCDTrue;0,75;4;3;1;150;4;all;1;10,0;2;342;342;554;4569;2133,723;Mi-8;28;;;;;;;;;;;;;;;;
Baghlan ai0.75_Mi-8_p28_hS150_gS4_dall_dP1_fCap200_vCnt1_cD4_sT3_rcS1_rmCDTrue;0,75;4;3;1;150;4;all;1;1,0;2;342;342;554;4569;2133,723;Mi-8;28;;;;;;;;;;;;;;;;
Baghlan ai0.75_Mi-8_p28_hS150_gS4_dall_dP1_fCap200_vCnt1_cD4_sT3_rcS3_rmCDTrue;0,75;4;3;1;150;4;all;1;3,0;2;342;342;554;4569;2133,723;Mi-8;28;;;;;;;;;;;;;;;;
Baghlan ai0.75_Mi-8_p28_hS150_gS4_dall_dP1_fCap200_vCnt1_cD4_sT3_rcS5_rmCDTrue;0,75;4;3;1;150;4;all;1;5,0;2;342;342;554;4569;2133,723;Mi-8;28;;;;;;;;;;;;;;;;
Baghlan ai0.75_Mi-8_p28_hS150_gS4_dall_dP1_fCap200_vCnt1_cD4_sT3_rcS7_rmCDTrue;0,75;4;3;1;150;4;all;1;7,0;2;342;342;554;4569;2133,723;Mi-8;28;;;;;;;;;;;;;;;;
Baghlan ai0.75_Mi-8_p28_hS150_gS4_dall_dP1_fCap200_vCnt1_cD4_sT4_rcS0.1_rmCDTrue;0,75;4;4;1;150;4;all;1;0,1;2;342;342;558;4573;2135,591;Mi-8;28;;;;;;;;;;;;;;;;
Baghlan ai0.75_Mi-8_p28_hS150_gS4_dall_dP1_fCap200_vCnt1_cD4_sT4_rcS0.5_rmCDTrue;0,75;4;4;1;150;4;all;1;0,5;2;342;342;558;4573;2135,591;Mi-8;28;;;;;;;;;;;;;;;;
Baghlan ai0.75_Mi-8_p28_hS150_gS4_dall_dP1_fCap200_vCnt1_cD4_sT4_rcS10_rmCDTrue;0,75;4;4;1;150;4;all;1;10,0;2;342;342;558;4573;2135,591;Mi-8;28;;;;;;;;;;;;;;;;
Baghlan ai0.75_Mi-8_p28_hS150_gS4_dall_dP1_fCap200_vCnt1_cD4_sT4_rcS1_rmCDTrue;0,75;4;4;1;150;4;all;1;1,0;2;342;342;558;4573;2135,591;Mi-8;28;;;;;;;;;;;;;;;;
Baghlan ai0.75_Mi-8_p28_hS150_gS4_dall_dP1_fCap200_vCnt1_cD4_sT4_rcS3_rmCDTrue;0,75;4;4;1;150;4;all;1;3,0;2;342;342;558;4573;2135,591;Mi-8;28;;;;;;;;;;;;;;;;
Baghlan ai0.75_Mi-8_p28_hS150_gS4_dall_dP1_fCap200_vCnt1_cD4_sT4_rcS5_rmCDTrue;0,75;4;4;1;150;4;all;1;5,0;2;342;342;558;4573;2135,591;Mi-8;28;;;;;;;;;;;;;;;;
Baghlan ai0.75_Mi-8_p28_hS150_gS4_dall_dP1_fCap200_vCnt1_cD4_sT4_rcS7_rmCDTrue;0,75;4;4;1;150;4;all;1;7,0;2;342;342;558;4573;2135,591;Mi-8;28;;;;;;;;;;;;;;;;
Baghlan ai0.75_Mi-8_p28_hS150_gS4_dall_dP1_fCap200_vCnt2_cD1_sT1_rcS0.1_rmCDTrue;0,75;1;1;2;150;4;all;1;0,1;2;276;276;432;4187;1955,329;Mi-8;28;;;;;;;;;;;;;;;;
Baghlan ai0.75_Mi-8_p28_hS150_gS4_dall_dP1_fCap200_vCnt2_cD1_sT1_rcS0.5_rmCDTrue;0,75;1;1;2;150;4;all;1;0,5;2;276;276;432;4187;1955,329;Mi-8;28;;;;;;;;;;;;;;;;
Baghlan ai0.75_Mi-8_p28_hS150_gS4_dall_dP1_fCap200_vCnt2_cD1_sT1_rcS10_rmCDTrue;0,75;1;1;2;150;4;all;1;10,0;2;276;276;432;4187;1955,329;Mi-8;28;;;;;;;;;;;;;;;;
Baghlan ai0.75_Mi-8_p28_hS150_gS4_dall_dP1_fCap200_vCnt2_cD1_sT1_rcS1_rmCDTrue;0,75;1;1;2;150;4;all;1;1,0;2;276;276;432;4187;1955,329;Mi-8;28;;;;;;;;;;;;;;;;
Baghlan ai0.75_Mi-8_p28_hS150_gS4_dall_dP1_fCap200_vCnt2_cD1_sT1_rcS3_rmCDTrue;0,75;1;1;2;150;4;all;1;3,0;2;276;276;432;4187;1955,329;Mi-8;28;;;;;;;;;;;;;;;;
Baghlan ai0.75_Mi-8_p28_hS150_gS4_dall_dP1_fCap200_vCnt2_cD1_sT1_rcS5_rmCDTrue;0,75;1;1;2;150;4;all;1;5,0;2;276;276;432;4187;1955,329;Mi-8;28;;;;;;;;;;;;;;;;
Baghlan ai0.75_Mi-8_p28_hS150_gS4_dall_dP1_fCap200_vCnt2_cD1_sT1_rcS7_rmCDTrue;0,75;1;1;2;150;4;all;1;7,0;2;276;276;432;4187;1955,329;Mi-8;28;;;;;;;;;;;;;;;;
Baghlan ai0.75_Mi-8_p28_hS150_gS4_dall_dP1_fCap200_vCnt2_cD2_sT1_rcS0.1_rmCDTrue;0,75;2;1;2;150;4;all;1;0,1;2;305;305;432;4187;1955,329;Mi-8;28;;;;;;;;;;;;;;;;
Baghlan ai0.75_Mi-8_p28_hS150_gS4_dall_dP1_fCap200_vCnt2_cD2_sT1_rcS0.5_rmCDTrue;0,75;2;1;2;150;4;all;1;0,5;2;305;305;432;4187;1955,329;Mi-8;28;;;;;;;;;;;;;;;;
Baghlan ai0.75_Mi-8_p28_hS150_gS4_dall_dP1_fCap200_vCnt2_cD2_sT1_rcS10_rmCDTrue;0,75;2;1;2;150;4;all;1;10,0;2;305;305;432;4187;1955,329;Mi-8;28;;;;;;;;;;;;;;;;
Baghlan ai0.75_Mi-8_p28_hS150_gS4_dall_dP1_fCap200_vCnt2_cD2_sT1_rcS1_rmCDTrue;0,75;2;1;2;150;4;all;1;1,0;2;305;305;432;4187;1955,329;Mi-8;28;;;;;;;;;;;;;;;;
Baghlan ai0.75_Mi-8_p28_hS150_gS4_dall_dP1_fCap200_vCnt2_cD2_sT1_rcS3_rmCDTrue;0,75;2;1;2;150;4;all;1;3,0;2;305;305;432;4187;1955,329;Mi-8;28;;;;;;;;;;;;;;;;
Baghlan ai0.75_Mi-8_p28_hS150_gS4_dall_dP1_fCap200_vCnt2_cD2_sT1_rcS5_rmCDTrue;0,75;2;1;2;150;4;all;1;5,0;2;305;305;432;4187;1955,329;Mi-8;28;;;;;;;;;;;;;;;;
Baghlan ai0.75_Mi-8_p28_hS150_gS4_dall_dP1_fCap200_vCnt2_cD2_sT1_rcS7_rmCDTrue;0,75;2;1;2;150;4;all;1;7,0;2;305;305;432;4187;1955,329;Mi-8;28;;;;;;;;;;;;;;;;
Baghlan ai0.75_Mi-8_p28_hS150_gS4_dall_dP1_fCap200_vCnt2_cD2_sT2_rcS0.1_rmCDTrue;0,75;2;2;2;150;4;all;1;0,1;2;308;308;532;4513;2107,571;Mi-8;28;;;;;;;;;;;;;;;;
Baghlan ai0.75_Mi-8_p28_hS150_gS4_dall_dP1_fCap200_vCnt2_cD2_sT2_rcS0.5_rmCDTrue;0,75;2;2;2;150;4;all;1;0,5;2;308;308;532;4513;2107,571;Mi-8;28;;;;;;;;;;;;;;;;
Baghlan ai0.75_Mi-8_p28_hS150_gS4_dall_dP1_fCap200_vCnt2_cD2_sT2_rcS10_rmCDTrue;0,75;2;2;2;150;4;all;1;10,0;2;308;308;532;4513;2107,571;Mi-8;28;;;;;;;;;;;;;;;;
Baghlan ai0.75_Mi-8_p28_hS150_gS4_dall_dP1_fCap200_vCnt2_cD2_sT2_rcS1_rmCDTrue;0,75;2;2;2;150;4;all;1;1,0;2;308;308;532;4513;2107,571;Mi-8;28;;;;;;;;;;;;;;;;
Baghlan ai0.75_Mi-8_p28_hS150_gS4_dall_dP1_fCap200_vCnt2_cD2_sT2_rcS3_rmCDTrue;0,75;2;2;2;150;4;all;1;3,0;2;308;308;532;4513;2107,571;Mi-8;28;;;;;;;;;;;;;;;;
Baghlan ai0.75_Mi-8_p28_hS150_gS4_dall_dP1_fCap200_vCnt2_cD2_sT2_rcS5_rmCDTrue;0,75;2;2;2;150;4;all;1;5,0;2;308;308;532;4513;2107,571;Mi-8;28;;;;;;;;;;;;;;;;
Baghlan ai0.75_Mi-8_p28_hS150_gS4_dall_dP1_fCap200_vCnt2_cD2_sT2_rcS7_rmCDTrue;0,75;2;2;2;150;4;all;1;7,0;2;308;308;532;4513;2107,571;Mi-8;28;;;;;;;;;;;;;;;;
Baghlan ai0.75_Mi-8_p28_hS150_gS4_dall_dP1_fCap200_vCnt2_cD3_sT1_rcS0.1_rmCDTrue;0,75;3;1;2;150;4;all;1;0,1;2;323;323;432;4187;1955,329;Mi-8;28;;;;;;;;;;;;;;;;
Baghlan ai0.75_Mi-8_p28_hS150_gS4_dall_dP1_fCap200_vCnt2_cD3_sT1_rcS0.5_rmCDTrue;0,75;3;1;2;150;4;all;1;0,5;2;323;323;432;4187;1955,329;Mi-8;28;;;;;;;;;;;;;;;;
Baghlan ai0.75_Mi-8_p28_hS150_gS4_dall_dP1_fCap200_vCnt2_cD3_sT1_rcS10_rmCDTrue;0,75;3;1;2;150;4;all;1;10,0;2;323;323;432;4187;1955,329;Mi-8;28;;;;;;;;;;;;;;;;
Baghlan ai0.75_Mi-8_p28_hS150_gS4_dall_dP1_fCap200_vCnt2_cD3_sT1_rcS1_rmCDTrue;0,75;3;1;2;150;4;all;1;1,0;2;323;323;432;4187;1955,329;Mi-8;28;;;;;;;;;;;;;;;;
Baghlan ai0.75_Mi-8_p28_hS150_gS4_dall_dP1_fCap200_vCnt2_cD3_sT1_rcS3_rmCDTrue;0,75;3;1;2;150;4;all;1;3,0;2;323;323;432;4187;1955,329;Mi-8;28;;;;;;;;;;;;;;;;
Baghlan ai0.75_Mi-8_p28_hS150_gS4_dall_dP1_fCap200_vCnt2_cD3_sT1_rcS5_rmCDTrue;0,75;3;1;2;150;4;all;1;5,0;2;323;323;432;4187;1955,329;Mi-8;28;;;;;;;;;;;;;;;;
Baghlan ai0.75_Mi-8_p28_hS150_gS4_dall_dP1_fCap200_vCnt2_cD3_sT1_rcS7_rmCDTrue;0,75;3;1;2;150;4;all;1;7,0;2;323;323;432;4187;1955,329;Mi-8;28;;;;;;;;;;;;;;;;
Baghlan ai0.75_Mi-8_p28_hS150_gS4_dall_dP1_fCap200_vCnt2_cD3_sT2_rcS0.1_rmCDTrue;0,75;3;2;2;150;4;all;1;0,1;2;324;324;532;4513;2107,571;Mi-8;28;;;;;;;;;;;;;;;;
Baghlan ai0.75_Mi-8_p28_hS150_gS4_dall_dP1_fCap200_vCnt2_cD3_sT2_rcS0.5_rmCDTrue;0,75;3;2;2;150;4;all;1;0,5;2;324;324;532;4513;2107,571;Mi-8;28;;;;;;;;;;;;;;;;
Baghlan ai0.75_Mi-8_p28_hS150_gS4_dall_dP1_fCap200_vCnt2_cD3_sT2_rcS10_rmCDTrue;0,75;3;2;2;150;4;all;1;10,0;2;324;324;532;4513;2107,571;Mi-8;28;;;;;;;;;;;;;;;;
Baghlan ai0.75_Mi-8_p28_hS150_gS4_dall_dP1_fCap200_vCnt2_cD3_sT2_rcS1_rmCDTrue;0,75;3;2;2;150;4;all;1;1,0;2;324;324;532;4513;2107,571;Mi-8;28;;;;;;;;;;;;;;;;
Baghlan ai0.75_Mi-8_p28_hS150_gS4_dall_dP1_fCap200_vCnt2_cD3_sT2_rcS3_rmCDTrue;0,75;3;2;2;150;4;all;1;3,0;2;324;324;532;4513;2107,571;Mi-8;28;;;;;;;;;;;;;;;;
Baghlan ai0.75_Mi-8_p28_hS150_gS4_dall_dP1_fCap200_vCnt2_cD3_sT2_rcS5_rmCDTrue;0,75;3;2;2;150;4;all;1;5,0;2;324;324;532;4513;2107,571;Mi-8;28;;;;;;;;;;;;;;;;
Baghlan ai0.75_Mi-8_p28_hS150_gS4_dall_dP1_fCap200_vCnt2_cD3_sT2_rcS7_rmCDTrue;0,75;3;2;2;150;4;all;1;7,0;2;324;324;532;4513;2107,571;Mi-8;28;;;;;;;;;;;;;;;;
Baghlan ai0.75_Mi-8_p28_hS150_gS4_dall_dP1_fCap200_vCnt2_cD3_sT3_rcS0.1_rmCDTrue;0,75;3;3;2;150;4;all;1;0,1;2;324;324;554;4569;2133,723;Mi-8;28;;;;;;;;;;;;;;;;
Baghlan ai0.75_Mi-8_p28_hS150_gS4_dall_dP1_fCap200_vCnt2_cD3_sT3_rcS0.5_rmCDTrue;0,75;3;3;2;150;4;all;1;0,5;2;324;324;554;4569;2133,723;Mi-8;28;;;;;;;;;;;;;;;;
Baghlan ai0.75_Mi-8_p28_hS150_gS4_dall_dP1_fCap200_vCnt2_cD3_sT3_rcS10_rmCDTrue;0,75;3;3;2;150;4;all;1;10,0;2;324;324;554;4569;2133,723;Mi-8;28;;;;;;;;;;;;;;;;
Baghlan ai0.75_Mi-8_p28_hS150_gS4_dall_dP1_fCap200_vCnt2_cD3_sT3_rcS1_rmCDTrue;0,75;3;3;2;150;4;all;1;1,0;2;324;324;554;4569;2133,723;Mi-8;28;;;;;;;;;;;;;;;;
Baghlan ai0.75_Mi-8_p28_hS150_gS4_dall_dP1_fCap200_vCnt2_cD3_sT3_rcS3_rmCDTrue;0,75;3;3;2;150;4;all;1;3,0;2;324;324;554;4569;2133,723;Mi-8;28;;;;;;;;;;;;;;;;
Baghlan ai0.75_Mi-8_p28_hS150_gS4_dall_dP1_fCap200_vCnt2_cD3_sT3_rcS5_rmCDTrue;0,75;3;3;2;150;4;all;1;5,0;2;324;324;554;4569;2133,723;Mi-8;28;;;;;;;;;;;;;;;;
Baghlan ai0.75_Mi-8_p28_hS150_gS4_dall_dP1_fCap200_vCnt2_cD3_sT3_rcS7_rmCDTrue;0,75;3;3;2;150;4;all;1;7,0;2;324;324;554;4569;2133,723;Mi-8;28;;;;;;;;;;;;;;;;
Baghlan ai0.75_Mi-8_p28_hS150_gS4_dall_dP1_fCap200_vCnt2_cD4_sT1_rcS0.1_rmCDTrue;0,75;4;1;2;150;4;all;1;0,1;2;342;342;432;4187;1955,329;Mi-8;28;;;;;;;;;;;;;;;;
Baghlan ai0.75_Mi-8_p28_hS150_gS4_dall_dP1_fCap200_vCnt2_cD4_sT1_rcS0.5_rmCDTrue;0,75;4;1;2;150;4;all;1;0,5;2;342;342;432;4187;1955,329;Mi-8;28;;;;;;;;;;;;;;;;
Baghlan ai0.75_Mi-8_p28_hS150_gS4_dall_dP1_fCap200_vCnt2_cD4_sT1_rcS10_rmCDTrue;0,75;4;1;2;150;4;all;1;10,0;2;342;342;432;4187;1955,329;Mi-8;28;;;;;;;;;;;;;;;;
Baghlan ai0.75_Mi-8_p28_hS150_gS4_dall_dP1_fCap200_vCnt2_cD4_sT1_rcS1_rmCDTrue;0,75;4;1;2;150;4;all;1;1,0;2;342;342;432;4187;1955,329;Mi-8;28;;;;;;;;;;;;;;;;
Baghlan ai0.75_Mi-8_p28_hS150_gS4_dall_dP1_fCap200_vCnt2_cD4_sT1_rcS3_rmCDTrue;0,75;4;1;2;150;4;all;1;3,0;2;342;342;432;4187;1955,329;Mi-8;28;;;;;;;;;;;;;;;;
Baghlan ai0.75_Mi-8_p28_hS150_gS4_dall_dP1_fCap200_vCnt2_cD4_sT1_rcS5_rmCDTrue;0,75;4;1;2;150;4;all;1;5,0;2;342;342;432;4187;1955,329;Mi-8;28;;;;;;;;;;;;;;;;
Baghlan ai0.75_Mi-8_p28_hS150_gS4_dall_dP1_fCap200_vCnt2_cD4_sT1_rcS7_rmCDTrue;0,75;4;1;2;150;4;all;1;7,0;2;342;342;432;4187;1955,329;Mi-8;28;;;;;;;;;;;;;;;;
Baghlan ai0.75_Mi-8_p28_hS150_gS4_dall_dP1_fCap200_vCnt2_cD4_sT2_rcS0.1_rmCDTrue;0,75;4;2;2;150;4;all;1;0,1;2;342;342;532;4513;2107,571;Mi-8;28;;;;;;;;;;;;;;;;
Baghlan ai0.75_Mi-8_p28_hS150_gS4_dall_dP1_fCap200_vCnt2_cD4_sT2_rcS0.5_rmCDTrue;0,75;4;2;2;150;4;all;1;0,5;2;342;342;532;4513;2107,571;Mi-8;28;;;;;;;;;;;;;;;;
Baghlan ai0.75_Mi-8_p28_hS150_gS4_dall_dP1_fCap200_vCnt2_cD4_sT2_rcS10_rmCDTrue;0,75;4;2;2;150;4;all;1;10,0;2;342;342;532;4513;2107,571;Mi-8;28;;;;;;;;;;;;;;;;
Baghlan ai0.75_Mi-8_p28_hS150_gS4_dall_dP1_fCap200_vCnt2_cD4_sT2_rcS1_rmCDTrue;0,75;4;2;2;150;4;all;1;1,0;2;342;342;532;4513;2107,571;Mi-8;28;;;;;;;;;;;;;;;;
Baghlan ai0.75_Mi-8_p28_hS150_gS4_dall_dP1_fCap200_vCnt2_cD4_sT2_rcS3_rmCDTrue;0,75;4;2;2;150;4;all;1;3,0;2;342;342;532;4513;2107,571;Mi-8;28;;;;;;;;;;;;;;;;
Baghlan ai0.75_Mi-8_p28_hS150_gS4_dall_dP1_fCap200_vCnt2_cD4_sT2_rcS5_rmCDTrue;0,75;4;2;2;150;4;all;1;5,0;2;342;342;532;4513;2107,571;Mi-8;28;;;;;;;;;;;;;;;;
Baghlan ai0.75_Mi-8_p28_hS150_gS4_dall_dP1_fCap200_vCnt2_cD4_sT2_rcS7_rmCDTrue;0,75;4;2;2;150;4;all;1;7,0;2;342;342;532;4513;2107,571;Mi-8;28;;;;;;;;;;;;;;;;
Baghlan ai0.75_Mi-8_p28_hS150_gS4_dall_dP1_fCap200_vCnt2_cD4_sT3_rcS0.1_rmCDTrue;0,75;4;3;2;150;4;all;1;0,1;2;342;342;554;4569;2133,723;Mi-8;28;;;;;;;;;;;;;;;;
Baghlan ai0.75_Mi-8_p28_hS150_gS4_dall_dP1_fCap200_vCnt2_cD4_sT3_rcS0.5_rmCDTrue;0,75;4;3;2;150;4;all;1;0,5;2;342;342;554;4569;2133,723;Mi-8;28;;;;;;;;;;;;;;;;
Baghlan ai0.75_Mi-8_p28_hS150_gS4_dall_dP1_fCap200_vCnt2_cD4_sT3_rcS10_rmCDTrue;0,75;4;3;2;150;4;all;1;10,0;2;342;342;554;4569;2133,723;Mi-8;28;;;;;;;;;;;;;;;;
Baghlan ai0.75_Mi-8_p28_hS150_gS4_dall_dP1_fCap200_vCnt2_cD4_sT3_rcS1_rmCDTrue;0,75;4;3;2;150;4;all;1;1,0;2;342;342;554;4569;2133,723;Mi-8;28;;;;;;;;;;;;;;;;
Baghlan ai0.75_Mi-8_p28_hS150_gS4_dall_dP1_fCap200_vCnt2_cD4_sT3_rcS3_rmCDTrue;0,75;4;3;2;150;4;all;1;3,0;2;342;342;554;4569;2133,723;Mi-8;28;;;;;;;;;;;;;;;;
Baghlan ai0.75_Mi-8_p28_hS150_gS4_dall_dP1_fCap200_vCnt2_cD4_sT3_rcS5_rmCDTrue;0,75;4;3;2;150;4;all;1;5,0;2;342;342;554;4569;2133,723;Mi-8;28;;;;;;;;;;;;;;;;
Baghlan ai0.75_Mi-8_p28_hS150_gS4_dall_dP1_fCap200_vCnt2_cD4_sT3_rcS7_rmCDTrue;0,75;4;3;2;150;4;all;1;7,0;2;342;342;554;4569;2133,723;Mi-8;28;;;;;;;;;;;;;;;;
Baghlan ai0.75_Mi-8_p28_hS150_gS4_dall_dP1_fCap200_vCnt2_cD4_sT4_rcS0.1_rmCDTrue;0,75;4;4;2;150;4;all;1;0,1;2;342;342;558;4573;2135,591;Mi-8;28;;;;;;;;;;;;;;;;
Baghlan ai0.75_Mi-8_p28_hS150_gS4_dall_dP1_fCap200_vCnt2_cD4_sT4_rcS0.5_rmCDTrue;0,75;4;4;2;150;4;all;1;0,5;2;342;342;558;4573;2135,591;Mi-8;28;;;;;;;;;;;;;;;;
Baghlan ai0.75_Mi-8_p28_hS150_gS4_dall_dP1_fCap200_vCnt2_cD4_sT4_rcS10_rmCDTrue;0,75;4;4;2;150;4;all;1;10,0;2;342;342;558;4573;2135,591;Mi-8;28;;;;;;;;;;;;;;;;
Baghlan ai0.75_Mi-8_p28_hS150_gS4_dall_dP1_fCap200_vCnt2_cD4_sT4_rcS1_rmCDTrue;0,75;4;4;2;150;4;all;1;1,0;2;342;342;558;4573;2135,591;Mi-8;28;;;;;;;;;;;;;;;;
Baghlan ai0.75_Mi-8_p28_hS150_gS4_dall_dP1_fCap200_vCnt2_cD4_sT4_rcS3_rmCDTrue;0,75;4;4;2;150;4;all;1;3,0;2;342;342;558;4573;2135,591;Mi-8;28;;;;;;;;;;;;;;;;
Baghlan ai0.75_Mi-8_p28_hS150_gS4_dall_dP1_fCap200_vCnt2_cD4_sT4_rcS5_rmCDTrue;0,75;4;4;2;150;4;all;1;5,0;2;342;342;558;4573;2135,591;Mi-8;28;;;;;;;;;;;;;;;;
Baghlan ai0.75_Mi-8_p28_hS150_gS4_dall_dP1_fCap200_vCnt2_cD4_sT4_rcS7_rmCDTrue;0,75;4;4;2;150;4;all;1;7,0;2;342;342;558;4573;2135,591;Mi-8;28;;;;;;;;;;;;;;;;
Baghlan ai0.75_Mi-8_p28_hS150_gS4_dall_dP1_fCap200_vCnt3_cD1_sT1_rcS0.1_rmCDTrue;0,75;1;1;3;150;4;all;1;0,1;2;276;276;432;4187;1955,329;Mi-8;28;;;;;;;;;;;;;;;;
Baghlan ai0.75_Mi-8_p28_hS150_gS4_dall_dP1_fCap200_vCnt3_cD1_sT1_rcS0.5_rmCDTrue;0,75;1;1;3;150;4;all;1;0,5;2;276;276;432;4187;1955,329;Mi-8;28;;;;;;;;;;;;;;;;
Baghlan ai0.75_Mi-8_p28_hS150_gS4_dall_dP1_fCap200_vCnt3_cD1_sT1_rcS10_rmCDTrue;0,75;1;1;3;150;4;all;1;10,0;2;276;276;432;4187;1955,329;Mi-8;28;;;;;;;;;;;;;;;;
Baghlan ai0.75_Mi-8_p28_hS150_gS4_dall_dP1_fCap200_vCnt3_cD1_sT1_rcS1_rmCDTrue;0,75;1;1;3;150;4;all;1;1,0;2;276;276;432;4187;1955,329;Mi-8;28;;;;;;;;;;;;;;;;
Baghlan ai0.75_Mi-8_p28_hS150_gS4_dall_dP1_fCap200_vCnt3_cD1_sT1_rcS3_rmCDTrue;0,75;1;1;3;150;4;all;1;3,0;2;276;276;432;4187;1955,329;Mi-8;28;;;;;;;;;;;;;;;;
Baghlan ai0.75_Mi-8_p28_hS150_gS4_dall_dP1_fCap200_vCnt3_cD1_sT1_rcS5_rmCDTrue;0,75;1;1;3;150;4;all;1;5,0;2;276;276;432;4187;1955,329;Mi-8;28;;;;;;;;;;;;;;;;
Baghlan ai0.75_Mi-8_p28_hS150_gS4_dall_dP1_fCap200_vCnt3_cD1_sT1_rcS7_rmCDTrue;0,75;1;1;3;150;4;all;1;7,0;2;276;276;432;4187;1955,329;Mi-8;28;;;;;;;;;;;;;;;;
Baghlan ai0.75_Mi-8_p28_hS150_gS4_dall_dP1_fCap200_vCnt3_cD2_sT1_rcS0.1_rmCDTrue;0,75;2;1;3;150;4;all;1;0,1;2;305;305;432;4187;1955,329;Mi-8;28;;;;;;;;;;;;;;;;
Baghlan ai0.75_Mi-8_p28_hS150_gS4_dall_dP1_fCap200_vCnt3_cD2_sT1_rcS0.5_rmCDTrue;0,75;2;1;3;150;4;all;1;0,5;2;305;305;432;4187;1955,329;Mi-8;28;;;;;;;;;;;;;;;;
Baghlan ai0.75_Mi-8_p28_hS150_gS4_dall_dP1_fCap200_vCnt3_cD2_sT1_rcS10_rmCDTrue;0,75;2;1;3;150;4;all;1;10,0;2;305;305;432;4187;1955,329;Mi-8;28;;;;;;;;;;;;;;;;
Baghlan ai0.75_Mi-8_p28_hS150_gS4_dall_dP1_fCap200_vCnt3_cD2_sT1_rcS1_rmCDTrue;0,75;2;1;3;150;4;all;1;1,0;2;305;305;432;4187;1955,329;Mi-8;28;;;;;;;;;;;;;;;;
Baghlan ai0.75_Mi-8_p28_hS150_gS4_dall_dP1_fCap200_vCnt3_cD2_sT1_rcS3_rmCDTrue;0,75;2;1;3;150;4;all;1;3,0;2;305;305;432;4187;1955,329;Mi-8;28;;;;;;;;;;;;;;;;
Baghlan ai0.75_Mi-8_p28_hS150_gS4_dall_dP1_fCap200_vCnt3_cD2_sT1_rcS5_rmCDTrue;0,75;2;1;3;150;4;all;1;5,0;2;305;305;432;4187;1955,329;Mi-8;28;;;;;;;;;;;;;;;;
Baghlan ai0.75_Mi-8_p28_hS150_gS4_dall_dP1_fCap200_vCnt3_cD2_sT1_rcS7_rmCDTrue;0,75;2;1;3;150;4;all;1;7,0;2;305;305;432;4187;1955,329;Mi-8;28;;;;;;;;;;;;;;;;
Baghlan ai0.75_Mi-8_p28_hS150_gS4_dall_dP1_fCap200_vCnt3_cD2_sT2_rcS0.1_rmCDTrue;0,75;2;2;3;150;4;all;1;0,1;2;308;308;532;4513;2107,571;Mi-8;28;;;;;;;;;;;;;;;;
Baghlan ai0.75_Mi-8_p28_hS150_gS4_dall_dP1_fCap200_vCnt3_cD2_sT2_rcS0.5_rmCDTrue;0,75;2;2;3;150;4;all;1;0,5;2;308;308;532;4513;2107,571;Mi-8;28;;;;;;;;;;;;;;;;
Baghlan ai0.75_Mi-8_p28_hS150_gS4_dall_dP1_fCap200_vCnt3_cD2_sT2_rcS10_rmCDTrue;0,75;2;2;3;150;4;all;1;10,0;2;308;308;532;4513;2107,571;Mi-8;28;;;;;;;;;;;;;;;;
Baghlan ai0.75_Mi-8_p28_hS150_gS4_dall_dP1_fCap200_vCnt3_cD2_sT2_rcS1_rmCDTrue;0,75;2;2;3;150;4;all;1;1,0;2;308;308;532;4513;2107,571;Mi-8;28;;;;;;;;;;;;;;;;
Baghlan ai0.75_Mi-8_p28_hS150_gS4_dall_dP1_fCap200_vCnt3_cD2_sT2_rcS3_rmCDTrue;0,75;2;2;3;150;4;all;1;3,0;2;308;308;532;4513;2107,571;Mi-8;28;;;;;;;;;;;;;;;;
Baghlan ai0.75_Mi-8_p28_hS150_gS4_dall_dP1_fCap200_vCnt3_cD2_sT2_rcS5_rmCDTrue;0,75;2;2;3;150;4;all;1;5,0;2;308;308;532;4513;2107,571;Mi-8;28;;;;;;;;;;;;;;;;
Baghlan ai0.75_Mi-8_p28_hS150_gS4_dall_dP1_fCap200_vCnt3_cD2_sT2_rcS7_rmCDTrue;0,75;2;2;3;150;4;all;1;7,0;2;308;308;532;4513;2107,571;Mi-8;28;;;;;;;;;;;;;;;;
Baghlan ai0.75_Mi-8_p28_hS150_gS4_dall_dP1_fCap200_vCnt3_cD3_sT1_rcS0.1_rmCDTrue;0,75;3;1;3;150;4;all;1;0,1;2;323;323;432;4187;1955,329;Mi-8;28;;;;;;;;;;;;;;;;
Baghlan ai0.75_Mi-8_p28_hS150_gS4_dall_dP1_fCap200_vCnt3_cD3_sT1_rcS0.5_rmCDTrue;0,75;3;1;3;150;4;all;1;0,5;2;323;323;432;4187;1955,329;Mi-8;28;;;;;;;;;;;;;;;;
Baghlan ai0.75_Mi-8_p28_hS150_gS4_dall_dP1_fCap200_vCnt3_cD3_sT1_rcS10_rmCDTrue;0,75;3;1;3;150;4;all;1;10,0;2;323;323;432;4187;1955,329;Mi-8;28;;;;;;;;;;;;;;;;
Baghlan ai0.75_Mi-8_p28_hS150_gS4_dall_dP1_fCap200_vCnt3_cD3_sT1_rcS1_rmCDTrue;0,75;3;1;3;150;4;all;1;1,0;2;323;323;432;4187;1955,329;Mi-8;28;;;;;;;;;;;;;;;;
Baghlan ai0.75_Mi-8_p28_hS150_gS4_dall_dP1_fCap200_vCnt3_cD3_sT1_rcS3_rmCDTrue;0,75;3;1;3;150;4;all;1;3,0;2;323;323;432;4187;1955,329;Mi-8;28;;;;;;;;;;;;;;;;
Baghlan ai0.75_Mi-8_p28_hS150_gS4_dall_dP1_fCap200_vCnt3_cD3_sT1_rcS5_rmCDTrue;0,75;3;1;3;150;4;all;1;5,0;2;323;323;432;4187;1955,329;Mi-8;28;;;;;;;;;;;;;;;;
Baghlan ai0.75_Mi-8_p28_hS150_gS4_dall_dP1_fCap200_vCnt3_cD3_sT1_rcS7_rmCDTrue;0,75;3;1;3;150;4;all;1;7,0;2;323;323;432;4187;1955,329;Mi-8;28;;;;;;;;;;;;;;;;
Baghlan ai0.75_Mi-8_p28_hS150_gS4_dall_dP1_fCap200_vCnt3_cD3_sT2_rcS0.1_rmCDTrue;0,75;3;2;3;150;4;all;1;0,1;2;324;324;532;4513;2107,571;Mi-8;28;;;;;;;;;;;;;;;;
Baghlan ai0.75_Mi-8_p28_hS150_gS4_dall_dP1_fCap200_vCnt3_cD3_sT2_rcS0.5_rmCDTrue;0,75;3;2;3;150;4;all;1;0,5;2;324;324;532;4513;2107,571;Mi-8;28;;;;;;;;;;;;;;;;
Baghlan ai0.75_Mi-8_p28_hS150_gS4_dall_dP1_fCap200_vCnt3_cD3_sT2_rcS10_rmCDTrue;0,75;3;2;3;150;4;all;1;10,0;2;324;324;532;4513;2107,571;Mi-8;28;;;;;;;;;;;;;;;;
Baghlan ai0.75_Mi-8_p28_hS150_gS4_dall_dP1_fCap200_vCnt3_cD3_sT2_rcS1_rmCDTrue;0,75;3;2;3;150;4;all;1;1,0;2;324;324;532;4513;2107,571;Mi-8;28;;;;;;;;;;;;;;;;
Baghlan ai0.75_Mi-8_p28_hS150_gS4_dall_dP1_fCap200_vCnt3_cD3_sT2_rcS3_rmCDTrue;0,75;3;2;3;150;4;all;1;3,0;2;324;324;532;4513;2107,571;Mi-8;28;;;;;;;;;;;;;;;;
Baghlan ai0.75_Mi-8_p28_hS150_gS4_dall_dP1_fCap200_vCnt3_cD3_sT2_rcS5_rmCDTrue;0,75;3;2;3;150;4;all;1;5,0;2;324;324;532;4513;2107,571;Mi-8;28;;;;;;;;;;;;;;;;
Baghlan ai0.75_Mi-8_p28_hS150_gS4_dall_dP1_fCap200_vCnt3_cD3_sT2_rcS7_rmCDTrue;0,75;3;2;3;150;4;all;1;7,0;2;324;324;532;4513;2107,571;Mi-8;28;;;;;;;;;;;;;;;;
Baghlan ai0.75_Mi-8_p28_hS150_gS4_dall_dP1_fCap200_vCnt3_cD3_sT3_rcS0.1_rmCDTrue;0,75;3;3;3;150;4;all;1;0,1;2;324;324;554;4569;2133,723;Mi-8;28;;;;;;;;;;;;;;;;
Baghlan ai0.75_Mi-8_p28_hS150_gS4_dall_dP1_fCap200_vCnt3_cD3_sT3_rcS0.5_rmCDTrue;0,75;3;3;3;150;4;all;1;0,5;2;324;324;554;4569;2133,723;Mi-8;28;;;;;;;;;;;;;;;;
Baghlan ai0.75_Mi-8_p28_hS150_gS4_dall_dP1_fCap200_vCnt3_cD3_sT3_rcS10_rmCDTrue;0,75;3;3;3;150;4;all;1;10,0;2;324;324;554;4569;2133,723;Mi-8;28;;;;;;;;;;;;;;;;
Baghlan ai0.75_Mi-8_p28_hS150_gS4_dall_dP1_fCap200_vCnt3_cD3_sT3_rcS1_rmCDTrue;0,75;3;3;3;150;4;all;1;1,0;2;324;324;554;4569;2133,723;Mi-8;28;;;;;;;;;;;;;;;;
Baghlan ai0.75_Mi-8_p28_hS150_gS4_dall_dP1_fCap200_vCnt3_cD3_sT3_rcS3_rmCDTrue;0,75;3;3;3;150;4;all;1;3,0;2;324;324;554;4569;2133,723;Mi-8;28;;;;;;;;;;;;;;;;
Baghlan ai0.75_Mi-8_p28_hS150_gS4_dall_dP1_fCap200_vCnt3_cD3_sT3_rcS5_rmCDTrue;0,75;3;3;3;150;4;all;1;5,0;2;324;324;554;4569;2133,723;Mi-8;28;;;;;;;;;;;;;;;;
Baghlan ai0.75_Mi-8_p28_hS150_gS4_dall_dP1_fCap200_vCnt3_cD3_sT3_rcS7_rmCDTrue;0,75;3;3;3;150;4;all;1;7,0;2;324;324;554;4569;2133,723;Mi-8;28;;;;;;;;;;;;;;;;
Baghlan ai0.75_Mi-8_p28_hS150_gS4_dall_dP1_fCap200_vCnt3_cD4_sT1_rcS0.1_rmCDTrue;0,75;4;1;3;150;4;all;1;0,1;2;342;342;432;4187;1955,329;Mi-8;28;;;;;;;;;;;;;;;;
Baghlan ai0.75_Mi-8_p28_hS150_gS4_dall_dP1_fCap200_vCnt3_cD4_sT1_rcS0.5_rmCDTrue;0,75;4;1;3;150;4;all;1;0,5;2;342;342;432;4187;1955,329;Mi-8;28;;;;;;;;;;;;;;;;
Baghlan ai0.75_Mi-8_p28_hS150_gS4_dall_dP1_fCap200_vCnt3_cD4_sT1_rcS10_rmCDTrue;0,75;4;1;3;150;4;all;1;10,0;2;342;342;432;4187;1955,329;Mi-8;28;;;;;;;;;;;;;;;;
Baghlan ai0.75_Mi-8_p28_hS150_gS4_dall_dP1_fCap200_vCnt3_cD4_sT1_rcS1_rmCDTrue;0,75;4;1;3;150;4;all;1;1,0;2;342;342;432;4187;1955,329;Mi-8;28;;;;;;;;;;;;;;;;
Baghlan ai0.75_Mi-8_p28_hS150_gS4_dall_dP1_fCap200_vCnt3_cD4_sT1_rcS3_rmCDTrue;0,75;4;1;3;150;4;all;1;3,0;2;342;342;432;4187;1955,329;Mi-8;28;;;;;;;;;;;;;;;;
Baghlan ai0.75_Mi-8_p28_hS150_gS4_dall_dP1_fCap200_vCnt3_cD4_sT1_rcS5_rmCDTrue;0,75;4;1;3;150;4;all;1;5,0;2;342;342;432;4187;1955,329;Mi-8;28;;;;;;;;;;;;;;;;
Baghlan ai0.75_Mi-8_p28_hS150_gS4_dall_dP1_fCap200_vCnt3_cD4_sT1_rcS7_rmCDTrue;0,75;4;1;3;150;4;all;1;7,0;2;342;342;432;4187;1955,329;Mi-8;28;;;;;;;;;;;;;;;;
Baghlan ai0.75_Mi-8_p28_hS150_gS4_dall_dP1_fCap200_vCnt3_cD4_sT2_rcS0.1_rmCDTrue;0,75;4;2;3;150;4;all;1;0,1;2;342;342;532;4513;2107,571;Mi-8;28;;;;;;;;;;;;;;;;
Baghlan ai0.75_Mi-8_p28_hS150_gS4_dall_dP1_fCap200_vCnt3_cD4_sT2_rcS0.5_rmCDTrue;0,75;4;2;3;150;4;all;1;0,5;2;342;342;532;4513;2107,571;Mi-8;28;;;;;;;;;;;;;;;;
Baghlan ai0.75_Mi-8_p28_hS150_gS4_dall_dP1_fCap200_vCnt3_cD4_sT2_rcS10_rmCDTrue;0,75;4;2;3;150;4;all;1;10,0;2;342;342;532;4513;2107,571;Mi-8;28;;;;;;;;;;;;;;;;
Baghlan ai0.75_Mi-8_p28_hS150_gS4_dall_dP1_fCap200_vCnt3_cD4_sT2_rcS1_rmCDTrue;0,75;4;2;3;150;4;all;1;1,0;2;342;342;532;4513;2107,571;Mi-8;28;;;;;;;;;;;;;;;;
Baghlan ai0.75_Mi-8_p28_hS150_gS4_dall_dP1_fCap200_vCnt3_cD4_sT2_rcS3_rmCDTrue;0,75;4;2;3;150;4;all;1;3,0;2;342;342;532;4513;2107,571;Mi-8;28;;;;;;;;;;;;;;;;
Baghlan ai0.75_Mi-8_p28_hS150_gS4_dall_dP1_fCap200_vCnt3_cD4_sT2_rcS5_rmCDTrue;0,75;4;2;3;150;4;all;1;5,0;2;342;342;532;4513;2107,571;Mi-8;28;;;;;;;;;;;;;;;;
Baghlan ai0.75_Mi-8_p28_hS150_gS4_dall_dP1_fCap200_vCnt3_cD4_sT2_rcS7_rmCDTrue;0,75;4;2;3;150;4;all;1;7,0;2;342;342;532;4513;2107,571;Mi-8;28;;;;;;;;;;;;;;;;
Baghlan ai0.75_Mi-8_p28_hS150_gS4_dall_dP1_fCap200_vCnt3_cD4_sT3_rcS0.1_rmCDTrue;0,75;4;3;3;150;4;all;1;0,1;2;342;342;554;4569;2133,723;Mi-8;28;;;;;;;;;;;;;;;;
Baghlan ai0.75_Mi-8_p28_hS150_gS4_dall_dP1_fCap200_vCnt3_cD4_sT3_rcS0.5_rmCDTrue;0,75;4;3;3;150;4;all;1;0,5;2;342;342;554;4569;2133,723;Mi-8;28;;;;;;;;;;;;;;;;
Baghlan ai0.75_Mi-8_p28_hS150_gS4_dall_dP1_fCap200_vCnt3_cD4_sT3_rcS10_rmCDTrue;0,75;4;3;3;150;4;all;1;10,0;2;342;342;554;4569;2133,723;Mi-8;28;;;;;;;;;;;;;;;;
Baghlan ai0.75_Mi-8_p28_hS150_gS4_dall_dP1_fCap200_vCnt3_cD4_sT3_rcS1_rmCDTrue;0,75;4;3;3;150;4;all;1;1,0;2;342;342;554;4569;2133,723;Mi-8;28;;;;;;;;;;;;;;;;
Baghlan ai0.75_Mi-8_p28_hS150_gS4_dall_dP1_fCap200_vCnt3_cD4_sT3_rcS3_rmCDTrue;0,75;4;3;3;150;4;all;1;3,0;2;342;342;554;4569;2133,723;Mi-8;28;;;;;;;;;;;;;;;;
Baghlan ai0.75_Mi-8_p28_hS150_gS4_dall_dP1_fCap200_vCnt3_cD4_sT3_rcS5_rmCDTrue;0,75;4;3;3;150;4;all;1;5,0;2;342;342;554;4569;2133,723;Mi-8;28;;;;;;;;;;;;;;;;
Baghlan ai0.75_Mi-8_p28_hS150_gS4_dall_dP1_fCap200_vCnt3_cD4_sT3_rcS7_rmCDTrue;0,75;4;3;3;150;4;all;1;7,0;2;342;342;554;4569;2133,723;Mi-8;28;;;;;;;;;;;;;;;;
Baghlan ai0.75_Mi-8_p28_hS150_gS4_dall_dP1_fCap200_vCnt3_cD4_sT4_rcS0.1_rmCDTrue;0,75;4;4;3;150;4;all;1;0,1;2;342;342;558;4573;2135,591;Mi-8;28;;;;;;;;;;;;;;;;
Baghlan ai0.75_Mi-8_p28_hS150_gS4_dall_dP1_fCap200_vCnt3_cD4_sT4_rcS0.5_rmCDTrue;0,75;4;4;3;150;4;all;1;0,5;2;342;342;558;4573;2135,591;Mi-8;28;;;;;;;;;;;;;;;;
Baghlan ai0.75_Mi-8_p28_hS150_gS4_dall_dP1_fCap200_vCnt3_cD4_sT4_rcS10_rmCDTrue;0,75;4;4;3;150;4;all;1;10,0;2;342;342;558;4573;2135,591;Mi-8;28;;;;;;;;;;;;;;;;
Baghlan ai0.75_Mi-8_p28_hS150_gS4_dall_dP1_fCap200_vCnt3_cD4_sT4_rcS1_rmCDTrue;0,75;4;4;3;150;4;all;1;1,0;2;342;342;558;4573;2135,591;Mi-8;28;;;;;;;;;;;;;;;;
Baghlan ai0.75_Mi-8_p28_hS150_gS4_dall_dP1_fCap200_vCnt3_cD4_sT4_rcS3_rmCDTrue;0,75;4;4;3;150;4;all;1;3,0;2;342;342;558;4573;2135,591;Mi-8;28;;;;;;;;;;;;;;;;
Baghlan ai0.75_Mi-8_p28_hS150_gS4_dall_dP1_fCap200_vCnt3_cD4_sT4_rcS5_rmCDTrue;0,75;4;4;3;150;4;all;1;5,0;2;342;342;558;4573;2135,591;Mi-8;28;;;;;;;;;;;;;;;;
Baghlan ai0.75_Mi-8_p28_hS150_gS4_dall_dP1_fCap200_vCnt3_cD4_sT4_rcS7_rmCDTrue;0,75;4;4;3;150;4;all;1;7,0;2;342;342;558;4573;2135,591;Mi-8;28;;;;;;;;;;;;;;;;
Baghlan ai0.75_Mi-8_p28_hS150_gS4_dall_dP1_fCap200_vCnt4_cD1_sT1_rcS0.1_rmCDTrue;0,75;1;1;4;150;4;all;1;0,1;2;276;276;432;4187;1955,329;Mi-8;28;;;;;;;;;;;;;;;;
Baghlan ai0.75_Mi-8_p28_hS150_gS4_dall_dP1_fCap200_vCnt4_cD1_sT1_rcS0.5_rmCDTrue;0,75;1;1;4;150;4;all;1;0,5;2;276;276;432;4187;1955,329;Mi-8;28;;;;;;;;;;;;;;;;
Baghlan ai0.75_Mi-8_p28_hS150_gS4_dall_dP1_fCap200_vCnt4_cD1_sT1_rcS10_rmCDTrue;0,75;1;1;4;150;4;all;1;10,0;2;276;276;432;4187;1955,329;Mi-8;28;;;;;;;;;;;;;;;;
Baghlan ai0.75_Mi-8_p28_hS150_gS4_dall_dP1_fCap200_vCnt4_cD1_sT1_rcS1_rmCDTrue;0,75;1;1;4;150;4;all;1;1,0;2;276;276;432;4187;1955,329;Mi-8;28;;;;;;;;;;;;;;;;
Baghlan ai0.75_Mi-8_p28_hS150_gS4_dall_dP1_fCap200_vCnt4_cD1_sT1_rcS3_rmCDTrue;0,75;1;1;4;150;4;all;1;3,0;2;276;276;432;4187;1955,329;Mi-8;28;;;;;;;;;;;;;;;;
Baghlan ai0.75_Mi-8_p28_hS150_gS4_dall_dP1_fCap200_vCnt4_cD1_sT1_rcS5_rmCDTrue;0,75;1;1;4;150;4;all;1;5,0;2;276;276;432;4187;1955,329;Mi-8;28;;;;;;;;;;;;;;;;
Baghlan ai0.75_Mi-8_p28_hS150_gS4_dall_dP1_fCap200_vCnt4_cD1_sT1_rcS7_rmCDTrue;0,75;1;1;4;150;4;all;1;7,0;2;276;276;432;4187;1955,329;Mi-8;28;;;;;;;;;;;;;;;;
Baghlan ai0.75_Mi-8_p28_hS150_gS4_dall_dP1_fCap200_vCnt4_cD2_sT1_rcS0.1_rmCDTrue;0,75;2;1;4;150;4;all;1;0,1;2;305;305;432;4187;1955,329;Mi-8;28;;;;;;;;;;;;;;;;
Baghlan ai0.75_Mi-8_p28_hS150_gS4_dall_dP1_fCap200_vCnt4_cD2_sT1_rcS0.5_rmCDTrue;0,75;2;1;4;150;4;all;1;0,5;2;305;305;432;4187;1955,329;Mi-8;28;;;;;;;;;;;;;;;;
Baghlan ai0.75_Mi-8_p28_hS150_gS4_dall_dP1_fCap200_vCnt4_cD2_sT1_rcS10_rmCDTrue;0,75;2;1;4;150;4;all;1;10,0;2;305;305;432;4187;1955,329;Mi-8;28;;;;;;;;;;;;;;;;
Baghlan ai0.75_Mi-8_p28_hS150_gS4_dall_dP1_fCap200_vCnt4_cD2_sT1_rcS1_rmCDTrue;0,75;2;1;4;150;4;all;1;1,0;2;305;305;432;4187;1955,329;Mi-8;28;;;;;;;;;;;;;;;;
Baghlan ai0.75_Mi-8_p28_hS150_gS4_dall_dP1_fCap200_vCnt4_cD2_sT1_rcS3_rmCDTrue;0,75;2;1;4;150;4;all;1;3,0;2;305;305;432;4187;1955,329;Mi-8;28;;;;;;;;;;;;;;;;
Baghlan ai0.75_Mi-8_p28_hS150_gS4_dall_dP1_fCap200_vCnt4_cD2_sT1_rcS5_rmCDTrue;0,75;2;1;4;150;4;all;1;5,0;2;305;305;432;4187;1955,329;Mi-8;28;;;;;;;;;;;;;;;;
Baghlan ai0.75_Mi-8_p28_hS150_gS4_dall_dP1_fCap200_vCnt4_cD2_sT1_rcS7_rmCDTrue;0,75;2;1;4;150;4;all;1;7,0;2;305;305;432;4187;1955,329;Mi-8;28;;;;;;;;;;;;;;;;
Baghlan ai0.75_Mi-8_p28_hS150_gS4_dall_dP1_fCap200_vCnt4_cD2_sT2_rcS0.1_rmCDTrue;0,75;2;2;4;150;4;all;1;0,1;2;308;308;532;4513;2107,571;Mi-8;28;;;;;;;;;;;;;;;;
Baghlan ai0.75_Mi-8_p28_hS150_gS4_dall_dP1_fCap200_vCnt4_cD2_sT2_rcS0.5_rmCDTrue;0,75;2;2;4;150;4;all;1;0,5;2;308;308;532;4513;2107,571;Mi-8;28;;;;;;;;;;;;;;;;
Baghlan ai0.75_Mi-8_p28_hS150_gS4_dall_dP1_fCap200_vCnt4_cD2_sT2_rcS10_rmCDTrue;0,75;2;2;4;150;4;all;1;10,0;2;308;308;532;4513;2107,571;Mi-8;28;;;;;;;;;;;;;;;;
Baghlan ai0.75_Mi-8_p28_hS150_gS4_dall_dP1_fCap200_vCnt4_cD2_sT2_rcS1_rmCDTrue;0,75;2;2;4;150;4;all;1;1,0;2;308;308;532;4513;2107,571;Mi-8;28;;;;;;;;;;;;;;;;
Baghlan ai0.75_Mi-8_p28_hS150_gS4_dall_dP1_fCap200_vCnt4_cD2_sT2_rcS3_rmCDTrue;0,75;2;2;4;150;4;all;1;3,0;2;308;308;532;4513;2107,571;Mi-8;28;;;;;;;;;;;;;;;;
Baghlan ai0.75_Mi-8_p28_hS150_gS4_dall_dP1_fCap200_vCnt4_cD2_sT2_rcS5_rmCDTrue;0,75;2;2;4;150;4;all;1;5,0;2;308;308;532;4513;2107,571;Mi-8;28;;;;;;;;;;;;;;;;
Baghlan ai0.75_Mi-8_p28_hS150_gS4_dall_dP1_fCap200_vCnt4_cD2_sT2_rcS7_rmCDTrue;0,75;2;2;4;150;4;all;1;7,0;2;308;308;532;4513;2107,571;Mi-8;28;;;;;;;;;;;;;;;;
Baghlan ai0.75_Mi-8_p28_hS150_gS4_dall_dP1_fCap200_vCnt4_cD3_sT1_rcS0.1_rmCDTrue;0,75;3;1;4;150;4;all;1;0,1;2;323;323;432;4187;1955,329;Mi-8;28;;;;;;;;;;;;;;;;
Baghlan ai0.75_Mi-8_p28_hS150_gS4_dall_dP1_fCap200_vCnt4_cD3_sT1_rcS0.5_rmCDTrue;0,75;3;1;4;150;4;all;1;0,5;2;323;323;432;4187;1955,329;Mi-8;28;;;;;;;;;;;;;;;;
Baghlan ai0.75_Mi-8_p28_hS150_gS4_dall_dP1_fCap200_vCnt4_cD3_sT1_rcS10_rmCDTrue;0,75;3;1;4;150;4;all;1;10,0;2;323;323;432;4187;1955,329;Mi-8;28;;;;;;;;;;;;;;;;
Baghlan ai0.75_Mi-8_p28_hS150_gS4_dall_dP1_fCap200_vCnt4_cD3_sT1_rcS1_rmCDTrue;0,75;3;1;4;150;4;all;1;1,0;2;323;323;432;4187;1955,329;Mi-8;28;;;;;;;;;;;;;;;;
Baghlan ai0.75_Mi-8_p28_hS150_gS4_dall_dP1_fCap200_vCnt4_cD3_sT1_rcS3_rmCDTrue;0,75;3;1;4;150;4;all;1;3,0;2;323;323;432;4187;1955,329;Mi-8;28;;;;;;;;;;;;;;;;
Baghlan ai0.75_Mi-8_p28_hS150_gS4_dall_dP1_fCap200_vCnt4_cD3_sT1_rcS5_rmCDTrue;0,75;3;1;4;150;4;all;1;5,0;2;323;323;432;4187;1955,329;Mi-8;28;;;;;;;;;;;;;;;;
Baghlan ai0.75_Mi-8_p28_hS150_gS4_dall_dP1_fCap200_vCnt4_cD3_sT1_rcS7_rmCDTrue;0,75;3;1;4;150;4;all;1;7,0;2;323;323;432;4187;1955,329;Mi-8;28;;;;;;;;;;;;;;;;
Baghlan ai0.75_Mi-8_p28_hS150_gS4_dall_dP1_fCap200_vCnt4_cD3_sT2_rcS0.1_rmCDTrue;0,75;3;2;4;150;4;all;1;0,1;2;324;324;532;4513;2107,571;Mi-8;28;;;;;;;;;;;;;;;;
Baghlan ai0.75_Mi-8_p28_hS150_gS4_dall_dP1_fCap200_vCnt4_cD3_sT2_rcS0.5_rmCDTrue;0,75;3;2;4;150;4;all;1;0,5;2;324;324;532;4513;2107,571;Mi-8;28;;;;;;;;;;;;;;;;
Baghlan ai0.75_Mi-8_p28_hS150_gS4_dall_dP1_fCap200_vCnt4_cD3_sT2_rcS10_rmCDTrue;0,75;3;2;4;150;4;all;1;10,0;2;324;324;532;4513;2107,571;Mi-8;28;;;;;;;;;;;;;;;;
Baghlan ai0.75_Mi-8_p28_hS150_gS4_dall_dP1_fCap200_vCnt4_cD3_sT2_rcS1_rmCDTrue;0,75;3;2;4;150;4;all;1;1,0;2;324;324;532;4513;2107,571;Mi-8;28;;;;;;;;;;;;;;;;
Baghlan ai0.75_Mi-8_p28_hS150_gS4_dall_dP1_fCap200_vCnt4_cD3_sT2_rcS3_rmCDTrue;0,75;3;2;4;150;4;all;1;3,0;2;324;324;532;4513;2107,571;Mi-8;28;;;;;;;;;;;;;;;;
Baghlan ai0.75_Mi-8_p28_hS150_gS4_dall_dP1_fCap200_vCnt4_cD3_sT2_rcS5_rmCDTrue;0,75;3;2;4;150;4;all;1;5,0;2;324;324;532;4513;2107,571;Mi-8;28;;;;;;;;;;;;;;;;
Baghlan ai0.75_Mi-8_p28_hS150_gS4_dall_dP1_fCap200_vCnt4_cD3_sT2_rcS7_rmCDTrue;0,75;3;2;4;150;4;all;1;7,0;2;324;324;532;4513;2107,571;Mi-8;28;;;;;;;;;;;;;;;;
Baghlan ai0.75_Mi-8_p28_hS150_gS4_dall_dP1_fCap200_vCnt4_cD3_sT3_rcS0.1_rmCDTrue;0,75;3;3;4;150;4;all;1;0,1;2;324;324;554;4569;2133,723;Mi-8;28;;;;;;;;;;;;;;;;
Baghlan ai0.75_Mi-8_p28_hS150_gS4_dall_dP1_fCap200_vCnt4_cD3_sT3_rcS0.5_rmCDTrue;0,75;3;3;4;150;4;all;1;0,5;2;324;324;554;4569;2133,723;Mi-8;28;;;;;;;;;;;;;;;;
Baghlan ai0.75_Mi-8_p28_hS150_gS4_dall_dP1_fCap200_vCnt4_cD3_sT3_rcS10_rmCDTrue;0,75;3;3;4;150;4;all;1;10,0;2;324;324;554;4569;2133,723;Mi-8;28;;;;;;;;;;;;;;;;
Baghlan ai0.75_Mi-8_p28_hS150_gS4_dall_dP1_fCap200_vCnt4_cD3_sT3_rcS1_rmCDTrue;0,75;3;3;4;150;4;all;1;1,0;2;324;324;554;4569;2133,723;Mi-8;28;;;;;;;;;;;;;;;;
Baghlan ai0.75_Mi-8_p28_hS150_gS4_dall_dP1_fCap200_vCnt4_cD3_sT3_rcS3_rmCDTrue;0,75;3;3;4;150;4;all;1;3,0;2;324;324;554;4569;2133,723;Mi-8;28;;;;;;;;;;;;;;;;
Baghlan ai0.75_Mi-8_p28_hS150_gS4_dall_dP1_fCap200_vCnt4_cD3_sT3_rcS5_rmCDTrue;0,75;3;3;4;150;4;all;1;5,0;2;324;324;554;4569;2133,723;Mi-8;28;;;;;;;;;;;;;;;;
Baghlan ai0.75_Mi-8_p28_hS150_gS4_dall_dP1_fCap200_vCnt4_cD3_sT3_rcS7_rmCDTrue;0,75;3;3;4;150;4;all;1;7,0;2;324;324;554;4569;2133,723;Mi-8;28;;;;;;;;;;;;;;;;
Baghlan ai0.75_Mi-8_p28_hS150_gS4_dall_dP1_fCap200_vCnt4_cD4_sT1_rcS0.1_rmCDTrue;0,75;4;1;4;150;4;all;1;0,1;2;342;342;432;4187;1955,329;Mi-8;28;;;;;;;;;;;;;;;;
Baghlan ai0.75_Mi-8_p28_hS150_gS4_dall_dP1_fCap200_vCnt4_cD4_sT1_rcS0.5_rmCDTrue;0,75;4;1;4;150;4;all;1;0,5;2;342;342;432;4187;1955,329;Mi-8;28;;;;;;;;;;;;;;;;
Baghlan ai0.75_Mi-8_p28_hS150_gS4_dall_dP1_fCap200_vCnt4_cD4_sT1_rcS10_rmCDTrue;0,75;4;1;4;150;4;all;1;10,0;2;342;342;432;4187;1955,329;Mi-8;28;;;;;;;;;;;;;;;;
Baghlan ai0.75_Mi-8_p28_hS150_gS4_dall_dP1_fCap200_vCnt4_cD4_sT1_rcS1_rmCDTrue;0,75;4;1;4;150;4;all;1;1,0;2;342;342;432;4187;1955,329;Mi-8;28;;;;;;;;;;;;;;;;
Baghlan ai0.75_Mi-8_p28_hS150_gS4_dall_dP1_fCap200_vCnt4_cD4_sT1_rcS3_rmCDTrue;0,75;4;1;4;150;4;all;1;3,0;2;342;342;432;4187;1955,329;Mi-8;28;;;;;;;;;;;;;;;;
Baghlan ai0.75_Mi-8_p28_hS150_gS4_dall_dP1_fCap200_vCnt4_cD4_sT1_rcS5_rmCDTrue;0,75;4;1;4;150;4;all;1;5,0;2;342;342;432;4187;1955,329;Mi-8;28;;;;;;;;;;;;;;;;
Baghlan ai0.75_Mi-8_p28_hS150_gS4_dall_dP1_fCap200_vCnt4_cD4_sT1_rcS7_rmCDTrue;0,75;4;1;4;150;4;all;1;7,0;2;342;342;432;4187;1955,329;Mi-8;28;;;;;;;;;;;;;;;;
Baghlan ai0.75_Mi-8_p28_hS150_gS4_dall_dP1_fCap200_vCnt4_cD4_sT2_rcS0.1_rmCDTrue;0,75;4;2;4;150;4;all;1;0,1;2;342;342;532;4513;2107,571;Mi-8;28;;;;;;;;;;;;;;;;
Baghlan ai0.75_Mi-8_p28_hS150_gS4_dall_dP1_fCap200_vCnt4_cD4_sT2_rcS0.5_rmCDTrue;0,75;4;2;4;150;4;all;1;0,5;2;342;342;532;4513;2107,571;Mi-8;28;;;;;;;;;;;;;;;;
Baghlan ai0.75_Mi-8_p28_hS150_gS4_dall_dP1_fCap200_vCnt4_cD4_sT2_rcS10_rmCDTrue;0,75;4;2;4;150;4;all;1;10,0;2;342;342;532;4513;2107,571;Mi-8;28;;;;;;;;;;;;;;;;
Baghlan ai0.75_Mi-8_p28_hS150_gS4_dall_dP1_fCap200_vCnt4_cD4_sT2_rcS1_rmCDTrue;0,75;4;2;4;150;4;all;1;1,0;2;342;342;532;4513;2107,571;Mi-8;28;;;;;;;;;;;;;;;;
Baghlan ai0.75_Mi-8_p28_hS150_gS4_dall_dP1_fCap200_vCnt4_cD4_sT2_rcS3_rmCDTrue;0,75;4;2;4;150;4;all;1;3,0;2;342;342;532;4513;2107,571;Mi-8;28;;;;;;;;;;;;;;;;
Baghlan ai0.75_Mi-8_p28_hS150_gS4_dall_dP1_fCap200_vCnt4_cD4_sT2_rcS5_rmCDTrue;0,75;4;2;4;150;4;all;1;5,0;2;342;342;532;4513;2107,571;Mi-8;28;;;;;;;;;;;;;;;;
Baghlan ai0.75_Mi-8_p28_hS150_gS4_dall_dP1_fCap200_vCnt4_cD4_sT2_rcS7_rmCDTrue;0,75;4;2;4;150;4;all;1;7,0;2;342;342;532;4513;2107,571;Mi-8;28;;;;;;;;;;;;;;;;
Baghlan ai0.75_Mi-8_p28_hS150_gS4_dall_dP1_fCap200_vCnt4_cD4_sT3_rcS0.1_rmCDTrue;0,75;4;3;4;150;4;all;1;0,1;2;342;342;554;4569;2133,723;Mi-8;28;;;;;;;;;;;;;;;;
Baghlan ai0.75_Mi-8_p28_hS150_gS4_dall_dP1_fCap200_vCnt4_cD4_sT3_rcS0.5_rmCDTrue;0,75;4;3;4;150;4;all;1;0,5;2;342;342;554;4569;2133,723;Mi-8;28;;;;;;;;;;;;;;;;
Baghlan ai0.75_Mi-8_p28_hS150_gS4_dall_dP1_fCap200_vCnt4_cD4_sT3_rcS10_rmCDTrue;0,75;4;3;4;150;4;all;1;10,0;2;342;342;554;4569;2133,723;Mi-8;28;;;;;;;;;;;;;;;;
Baghlan ai0.75_Mi-8_p28_hS150_gS4_dall_dP1_fCap200_vCnt4_cD4_sT3_rcS1_rmCDTrue;0,75;4;3;4;150;4;all;1;1,0;2;342;342;554;4569;2133,723;Mi-8;28;;;;;;;;;;;;;;;;
Baghlan ai0.75_Mi-8_p28_hS150_gS4_dall_dP1_fCap200_vCnt4_cD4_sT3_rcS3_rmCDTrue;0,75;4;3;4;150;4;all;1;3,0;2;342;342;554;4569;2133,723;Mi-8;28;;;;;;;;;;;;;;;;
Baghlan ai0.75_Mi-8_p28_hS150_gS4_dall_dP1_fCap200_vCnt4_cD4_sT3_rcS5_rmCDTrue;0,75;4;3;4;150;4;all;1;5,0;2;342;342;554;4569;2133,723;Mi-8;28;;;;;;;;;;;;;;;;
Baghlan ai0.75_Mi-8_p28_hS150_gS4_dall_dP1_fCap200_vCnt4_cD4_sT3_rcS7_rmCDTrue;0,75;4;3;4;150;4;all;1;7,0;2;342;342;554;4569;2133,723;Mi-8;28;;;;;;;;;;;;;;;;
Baghlan ai0.75_Mi-8_p28_hS150_gS4_dall_dP1_fCap200_vCnt4_cD4_sT4_rcS0.1_rmCDTrue;0,75;4;4;4;150;4;all;1;0,1;2;342;342;558;4573;2135,591;Mi-8;28;;;;;;;;;;;;;;;;
Baghlan ai0.75_Mi-8_p28_hS150_gS4_dall_dP1_fCap200_vCnt4_cD4_sT4_rcS0.5_rmCDTrue;0,75;4;4;4;150;4;all;1;0,5;2;342;342;558;4573;2135,591;Mi-8;28;;;;;;;;;;;;;;;;
Baghlan ai0.75_Mi-8_p28_hS150_gS4_dall_dP1_fCap200_vCnt4_cD4_sT4_rcS10_rmCDTrue;0,75;4;4;4;150;4;all;1;10,0;2;342;342;558;4573;2135,591;Mi-8;28;;;;;;;;;;;;;;;;
Baghlan ai0.75_Mi-8_p28_hS150_gS4_dall_dP1_fCap200_vCnt4_cD4_sT4_rcS1_rmCDTrue;0,75;4;4;4;150;4;all;1;1,0;2;342;342;558;4573;2135,591;Mi-8;28;;;;;;;;;;;;;;;;
Baghlan ai0.75_Mi-8_p28_hS150_gS4_dall_dP1_fCap200_vCnt4_cD4_sT4_rcS3_rmCDTrue;0,75;4;4;4;150;4;all;1;3,0;2;342;342;558;4573;2135,591;Mi-8;28;;;;;;;;;;;;;;;;
Baghlan ai0.75_Mi-8_p28_hS150_gS4_dall_dP1_fCap200_vCnt4_cD4_sT4_rcS5_rmCDTrue;0,75;4;4;4;150;4;all;1;5,0;2;342;342;558;4573;2135,591;Mi-8;28;;;;;;;;;;;;;;;;
Baghlan ai0.75_Mi-8_p28_hS150_gS4_dall_dP1_fCap200_vCnt4_cD4_sT4_rcS7_rmCDTrue;0,75;4;4;4;150;4;all;1;7,0;2;342;342;558;4573;2135,591;Mi-8;28;;;;;;;;;;;;;;;;
Baghlan ai1.25_Mi-8_p28_hS150_gS4_dall_dP1_fCap200_vCnt1_cD1_sT1_rcS0.1_rmCDTrue;1,25;1;1;1;150;4;all;1;0,1;2;276;276;432;6916;3229,772;Mi-8;28;;;;;;;;;;;;;;;;
Baghlan ai1.25_Mi-8_p28_hS150_gS4_dall_dP1_fCap200_vCnt1_cD1_sT1_rcS0.5_rmCDTrue;1,25;1;1;1;150;4;all;1;0,5;2;276;276;432;6916;3229,772;Mi-8;28;;;;;;;;;;;;;;;;
Baghlan ai1.25_Mi-8_p28_hS150_gS4_dall_dP1_fCap200_vCnt1_cD1_sT1_rcS10_rmCDTrue;1,25;1;1;1;150;4;all;1;10,0;2;276;276;432;6916;3229,772;Mi-8;28;;;;;;;;;;;;;;;;
Baghlan ai1.25_Mi-8_p28_hS150_gS4_dall_dP1_fCap200_vCnt1_cD1_sT1_rcS1_rmCDTrue;1,25;1;1;1;150;4;all;1;1,0;2;276;276;432;6916;3229,772;Mi-8;28;;;;;;;;;;;;;;;;
Baghlan ai1.25_Mi-8_p28_hS150_gS4_dall_dP1_fCap200_vCnt1_cD1_sT1_rcS3_rmCDTrue;1,25;1;1;1;150;4;all;1;3,0;2;276;276;432;6916;3229,772;Mi-8;28;;;;;;;;;;;;;;;;
Baghlan ai1.25_Mi-8_p28_hS150_gS4_dall_dP1_fCap200_vCnt1_cD1_sT1_rcS5_rmCDTrue;1,25;1;1;1;150;4;all;1;5,0;2;276;276;432;6916;3229,772;Mi-8;28;;;;;;;;;;;;;;;;
Baghlan ai1.25_Mi-8_p28_hS150_gS4_dall_dP1_fCap200_vCnt1_cD1_sT1_rcS7_rmCDTrue;1,25;1;1;1;150;4;all;1;7,0;2;276;276;432;6916;3229,772;Mi-8;28;;;;;;;;;;;;;;;;
Baghlan ai1.25_Mi-8_p28_hS150_gS4_dall_dP1_fCap200_vCnt1_cD2_sT1_rcS0.1_rmCDTrue;1,25;2;1;1;150;4;all;1;0,1;2;305;305;432;6916;3229,772;Mi-8;28;;;;;;;;;;;;;;;;
Baghlan ai1.25_Mi-8_p28_hS150_gS4_dall_dP1_fCap200_vCnt1_cD2_sT1_rcS0.5_rmCDTrue;1,25;2;1;1;150;4;all;1;0,5;2;305;305;432;6916;3229,772;Mi-8;28;;;;;;;;;;;;;;;;
Baghlan ai1.25_Mi-8_p28_hS150_gS4_dall_dP1_fCap200_vCnt1_cD2_sT1_rcS10_rmCDTrue;1,25;2;1;1;150;4;all;1;10,0;2;305;305;432;6916;3229,772;Mi-8;28;;;;;;;;;;;;;;;;
Baghlan ai1.25_Mi-8_p28_hS150_gS4_dall_dP1_fCap200_vCnt1_cD2_sT1_rcS1_rmCDTrue;1,25;2;1;1;150;4;all;1;1,0;2;305;305;432;6916;3229,772;Mi-8;28;;;;;;;;;;;;;;;;
Baghlan ai1.25_Mi-8_p28_hS150_gS4_dall_dP1_fCap200_vCnt1_cD2_sT1_rcS3_rmCDTrue;1,25;2;1;1;150;4;all;1;3,0;2;305;305;432;6916;3229,772;Mi-8;28;;;;;;;;;;;;;;;;
Baghlan ai1.25_Mi-8_p28_hS150_gS4_dall_dP1_fCap200_vCnt1_cD2_sT1_rcS5_rmCDTrue;1,25;2;1;1;150;4;all;1;5,0;2;305;305;432;6916;3229,772;Mi-8;28;;;;;;;;;;;;;;;;
Baghlan ai1.25_Mi-8_p28_hS150_gS4_dall_dP1_fCap200_vCnt1_cD2_sT1_rcS7_rmCDTrue;1,25;2;1;1;150;4;all;1;7,0;2;305;305;432;6916;3229,772;Mi-8;28;;;;;;;;;;;;;;;;
Baghlan ai1.25_Mi-8_p28_hS150_gS4_dall_dP1_fCap200_vCnt1_cD2_sT2_rcS0.1_rmCDTrue;1,25;2;2;1;150;4;all;1;0,1;2;308;308;532;7462;3484,754;Mi-8;28;;;;;;;;;;;;;;;;
Baghlan ai1.25_Mi-8_p28_hS150_gS4_dall_dP1_fCap200_vCnt1_cD2_sT2_rcS0.5_rmCDTrue;1,25;2;2;1;150;4;all;1;0,5;2;308;308;532;7462;3484,754;Mi-8;28;;;;;;;;;;;;;;;;
Baghlan ai1.25_Mi-8_p28_hS150_gS4_dall_dP1_fCap200_vCnt1_cD2_sT2_rcS10_rmCDTrue;1,25;2;2;1;150;4;all;1;10,0;2;308;308;532;7462;3484,754;Mi-8;28;;;;;;;;;;;;;;;;
Baghlan ai1.25_Mi-8_p28_hS150_gS4_dall_dP1_fCap200_vCnt1_cD2_sT2_rcS1_rmCDTrue;1,25;2;2;1;150;4;all;1;1,0;2;308;308;532;7462;3484,754;Mi-8;28;;;;;;;;;;;;;;;;
Baghlan ai1.25_Mi-8_p28_hS150_gS4_dall_dP1_fCap200_vCnt1_cD2_sT2_rcS3_rmCDTrue;1,25;2;2;1;150;4;all;1;3,0;2;308;308;532;7462;3484,754;Mi-8;28;;;;;;;;;;;;;;;;
Baghlan ai1.25_Mi-8_p28_hS150_gS4_dall_dP1_fCap200_vCnt1_cD2_sT2_rcS5_rmCDTrue;1,25;2;2;1;150;4;all;1;5,0;2;308;308;532;7462;3484,754;Mi-8;28;;;;;;;;;;;;;;;;
Baghlan ai1.25_Mi-8_p28_hS150_gS4_dall_dP1_fCap200_vCnt1_cD2_sT2_rcS7_rmCDTrue;1,25;2;2;1;150;4;all;1;7,0;2;308;308;532;7462;3484,754;Mi-8;28;;;;;;;;;;;;;;;;
Baghlan ai1.25_Mi-8_p28_hS150_gS4_dall_dP1_fCap200_vCnt1_cD3_sT1_rcS0.1_rmCDTrue;1,25;3;1;1;150;4;all;1;0,1;2;323;323;432;6916;3229,772;Mi-8;28;;;;;;;;;;;;;;;;
Baghlan ai1.25_Mi-8_p28_hS150_gS4_dall_dP1_fCap200_vCnt1_cD3_sT1_rcS0.5_rmCDTrue;1,25;3;1;1;150;4;all;1;0,5;2;323;323;432;6916;3229,772;Mi-8;28;;;;;;;;;;;;;;;;
Baghlan ai1.25_Mi-8_p28_hS150_gS4_dall_dP1_fCap200_vCnt1_cD3_sT1_rcS10_rmCDTrue;1,25;3;1;1;150;4;all;1;10,0;2;323;323;432;6916;3229,772;Mi-8;28;;;;;;;;;;;;;;;;
Baghlan ai1.25_Mi-8_p28_hS150_gS4_dall_dP1_fCap200_vCnt1_cD3_sT1_rcS1_rmCDTrue;1,25;3;1;1;150;4;all;1;1,0;2;323;323;432;6916;3229,772;Mi-8;28;;;;;;;;;;;;;;;;
Baghlan ai1.25_Mi-8_p28_hS150_gS4_dall_dP1_fCap200_vCnt1_cD3_sT1_rcS3_rmCDTrue;1,25;3;1;1;150;4;all;1;3,0;2;323;323;432;6916;3229,772;Mi-8;28;;;;;;;;;;;;;;;;
Baghlan ai1.25_Mi-8_p28_hS150_gS4_dall_dP1_fCap200_vCnt1_cD3_sT1_rcS5_rmCDTrue;1,25;3;1;1;150;4;all;1;5,0;2;323;323;432;6916;3229,772;Mi-8;28;;;;;;;;;;;;;;;;
Baghlan ai1.25_Mi-8_p28_hS150_gS4_dall_dP1_fCap200_vCnt1_cD3_sT1_rcS7_rmCDTrue;1,25;3;1;1;150;4;all;1;7,0;2;323;323;432;6916;3229,772;Mi-8;28;;;;;;;;;;;;;;;;
Baghlan ai1.25_Mi-8_p28_hS150_gS4_dall_dP1_fCap200_vCnt1_cD3_sT2_rcS0.1_rmCDTrue;1,25;3;2;1;150;4;all;1;0,1;2;324;324;532;7462;3484,754;Mi-8;28;;;;;;;;;;;;;;;;
Baghlan ai1.25_Mi-8_p28_hS150_gS4_dall_dP1_fCap200_vCnt1_cD3_sT2_rcS0.5_rmCDTrue;1,25;3;2;1;150;4;all;1;0,5;2;324;324;532;7462;3484,754;Mi-8;28;;;;;;;;;;;;;;;;
Baghlan ai1.25_Mi-8_p28_hS150_gS4_dall_dP1_fCap200_vCnt1_cD3_sT2_rcS10_rmCDTrue;1,25;3;2;1;150;4;all;1;10,0;2;324;324;532;7462;3484,754;Mi-8;28;;;;;;;;;;;;;;;;
Baghlan ai1.25_Mi-8_p28_hS150_gS4_dall_dP1_fCap200_vCnt1_cD3_sT2_rcS1_rmCDTrue;1,25;3;2;1;150;4;all;1;1,0;2;324;324;532;7462;3484,754;Mi-8;28;;;;;;;;;;;;;;;;
Baghlan ai1.25_Mi-8_p28_hS150_gS4_dall_dP1_fCap200_vCnt1_cD3_sT2_rcS3_rmCDTrue;1,25;3;2;1;150;4;all;1;3,0;2;324;324;532;7462;3484,754;Mi-8;28;;;;;;;;;;;;;;;;
Baghlan ai1.25_Mi-8_p28_hS150_gS4_dall_dP1_fCap200_vCnt1_cD3_sT2_rcS5_rmCDTrue;1,25;3;2;1;150;4;all;1;5,0;2;324;324;532;7462;3484,754;Mi-8;28;;;;;;;;;;;;;;;;
Baghlan ai1.25_Mi-8_p28_hS150_gS4_dall_dP1_fCap200_vCnt1_cD3_sT2_rcS7_rmCDTrue;1,25;3;2;1;150;4;all;1;7,0;2;324;324;532;7462;3484,754;Mi-8;28;;;;;;;;;;;;;;;;
Baghlan ai1.25_Mi-8_p28_hS150_gS4_dall_dP1_fCap200_vCnt1_cD3_sT3_rcS0.1_rmCDTrue;1,25;3;3;1;150;4;all;1;0,1;2;324;324;554;7558;3529,586;Mi-8;28;;;;;;;;;;;;;;;;
Baghlan ai1.25_Mi-8_p28_hS150_gS4_dall_dP1_fCap200_vCnt1_cD3_sT3_rcS0.5_rmCDTrue;1,25;3;3;1;150;4;all;1;0,5;2;324;324;554;7558;3529,586;Mi-8;28;;;;;;;;;;;;;;;;
Baghlan ai1.25_Mi-8_p28_hS150_gS4_dall_dP1_fCap200_vCnt1_cD3_sT3_rcS10_rmCDTrue;1,25;3;3;1;150;4;all;1;10,0;2;324;324;554;7558;3529,586;Mi-8;28;;;;;;;;;;;;;;;;
Baghlan ai1.25_Mi-8_p28_hS150_gS4_dall_dP1_fCap200_vCnt1_cD3_sT3_rcS1_rmCDTrue;1,25;3;3;1;150;4;all;1;1,0;2;324;324;554;7558;3529,586;Mi-8;28;;;;;;;;;;;;;;;;
Baghlan ai1.25_Mi-8_p28_hS150_gS4_dall_dP1_fCap200_vCnt1_cD3_sT3_rcS3_rmCDTrue;1,25;3;3;1;150;4;all;1;3,0;2;324;324;554;7558;3529,586;Mi-8;28;;;;;;;;;;;;;;;;
Baghlan ai1.25_Mi-8_p28_hS150_gS4_dall_dP1_fCap200_vCnt1_cD3_sT3_rcS5_rmCDTrue;1,25;3;3;1;150;4;all;1;5,0;2;324;324;554;7558;3529,586;Mi-8;28;;;;;;;;;;;;;;;;
Baghlan ai1.25_Mi-8_p28_hS150_gS4_dall_dP1_fCap200_vCnt1_cD3_sT3_rcS7_rmCDTrue;1,25;3;3;1;150;4;all;1;7,0;2;324;324;554;7558;3529,586;Mi-8;28;;;;;;;;;;;;;;;;
Baghlan ai1.25_Mi-8_p28_hS150_gS4_dall_dP1_fCap200_vCnt1_cD4_sT1_rcS0.1_rmCDTrue;1,25;4;1;1;150;4;all;1;0,1;2;342;342;432;6916;3229,772;Mi-8;28;;;;;;;;;;;;;;;;
Baghlan ai1.25_Mi-8_p28_hS150_gS4_dall_dP1_fCap200_vCnt1_cD4_sT1_rcS0.5_rmCDTrue;1,25;4;1;1;150;4;all;1;0,5;2;342;342;432;6916;3229,772;Mi-8;28;;;;;;;;;;;;;;;;
Baghlan ai1.25_Mi-8_p28_hS150_gS4_dall_dP1_fCap200_vCnt1_cD4_sT1_rcS10_rmCDTrue;1,25;4;1;1;150;4;all;1;10,0;2;342;342;432;6916;3229,772;Mi-8;28;;;;;;;;;;;;;;;;
Baghlan ai1.25_Mi-8_p28_hS150_gS4_dall_dP1_fCap200_vCnt1_cD4_sT1_rcS1_rmCDTrue;1,25;4;1;1;150;4;all;1;1,0;2;342;342;432;6916;3229,772;Mi-8;28;;;;;;;;;;;;;;;;
Baghlan ai1.25_Mi-8_p28_hS150_gS4_dall_dP1_fCap200_vCnt1_cD4_sT1_rcS3_rmCDTrue;1,25;4;1;1;150;4;all;1;3,0;2;342;342;432;6916;3229,772;Mi-8;28;;;;;;;;;;;;;;;;
Baghlan ai1.25_Mi-8_p28_hS150_gS4_dall_dP1_fCap200_vCnt1_cD4_sT1_rcS5_rmCDTrue;1,25;4;1;1;150;4;all;1;5,0;2;342;342;432;6916;3229,772;Mi-8;28;;;;;;;;;;;;;;;;
Baghlan ai1.25_Mi-8_p28_hS150_gS4_dall_dP1_fCap200_vCnt1_cD4_sT1_rcS7_rmCDTrue;1,25;4;1;1;150;4;all;1;7,0;2;342;342;432;6916;3229,772;Mi-8;28;;;;;;;;;;;;;;;;
Baghlan ai1.25_Mi-8_p28_hS150_gS4_dall_dP1_fCap200_vCnt1_cD4_sT2_rcS0.1_rmCDTrue;1,25;4;2;1;150;4;all;1;0,1;2;342;342;532;7462;3484,754;Mi-8;28;;;;;;;;;;;;;;;;
Baghlan ai1.25_Mi-8_p28_hS150_gS4_dall_dP1_fCap200_vCnt1_cD4_sT2_rcS0.5_rmCDTrue;1,25;4;2;1;150;4;all;1;0,5;2;342;342;532;7462;3484,754;Mi-8;28;;;;;;;;;;;;;;;;
Baghlan ai1.25_Mi-8_p28_hS150_gS4_dall_dP1_fCap200_vCnt1_cD4_sT2_rcS10_rmCDTrue;1,25;4;2;1;150;4;all;1;10,0;2;342;342;532;7462;3484,754;Mi-8;28;;;;;;;;;;;;;;;;
Baghlan ai1.25_Mi-8_p28_hS150_gS4_dall_dP1_fCap200_vCnt1_cD4_sT2_rcS1_rmCDTrue;1,25;4;2;1;150;4;all;1;1,0;2;342;342;532;7462;3484,754;Mi-8;28;;;;;;;;;;;;;;;;
Baghlan ai1.25_Mi-8_p28_hS150_gS4_dall_dP1_fCap200_vCnt1_cD4_sT2_rcS3_rmCDTrue;1,25;4;2;1;150;4;all;1;3,0;2;342;342;532;7462;3484,754;Mi-8;28;;;;;;;;;;;;;;;;
Baghlan ai1.25_Mi-8_p28_hS150_gS4_dall_dP1_fCap200_vCnt1_cD4_sT2_rcS5_rmCDTrue;1,25;4;2;1;150;4;all;1;5,0;2;342;342;532;7462;3484,754;Mi-8;28;;;;;;;;;;;;;;;;
Baghlan ai1.25_Mi-8_p28_hS150_gS4_dall_dP1_fCap200_vCnt1_cD4_sT2_rcS7_rmCDTrue;1,25;4;2;1;150;4;all;1;7,0;2;342;342;532;7462;3484,754;Mi-8;28;;;;;;;;;;;;;;;;
Baghlan ai1.25_Mi-8_p28_hS150_gS4_dall_dP1_fCap200_vCnt1_cD4_sT3_rcS0.1_rmCDTrue;1,25;4;3;1;150;4;all;1;0,1;2;342;342;554;7558;3529,586;Mi-8;28;;;;;;;;;;;;;;;;
Baghlan ai1.25_Mi-8_p28_hS150_gS4_dall_dP1_fCap200_vCnt1_cD4_sT3_rcS0.5_rmCDTrue;1,25;4;3;1;150;4;all;1;0,5;2;342;342;554;7558;3529,586;Mi-8;28;;;;;;;;;;;;;;;;
Baghlan ai1.25_Mi-8_p28_hS150_gS4_dall_dP1_fCap200_vCnt1_cD4_sT3_rcS10_rmCDTrue;1,25;4;3;1;150;4;all;1;10,0;2;342;342;554;7558;3529,586;Mi-8;28;;;;;;;;;;;;;;;;
Baghlan ai1.25_Mi-8_p28_hS150_gS4_dall_dP1_fCap200_vCnt1_cD4_sT3_rcS1_rmCDTrue;1,25;4;3;1;150;4;all;1;1,0;2;342;342;554;7558;3529,586;Mi-8;28;;;;;;;;;;;;;;;;
Baghlan ai1.25_Mi-8_p28_hS150_gS4_dall_dP1_fCap200_vCnt1_cD4_sT3_rcS3_rmCDTrue;1,25;4;3;1;150;4;all;1;3,0;2;342;342;554;7558;3529,586;Mi-8;28;;;;;;;;;;;;;;;;
Baghlan ai1.25_Mi-8_p28_hS150_gS4_dall_dP1_fCap200_vCnt1_cD4_sT3_rcS5_rmCDTrue;1,25;4;3;1;150;4;all;1;5,0;2;342;342;554;7558;3529,586;Mi-8;28;;;;;;;;;;;;;;;;
Baghlan ai1.25_Mi-8_p28_hS150_gS4_dall_dP1_fCap200_vCnt1_cD4_sT3_rcS7_rmCDTrue;1,25;4;3;1;150;4;all;1;7,0;2;342;342;554;7558;3529,586;Mi-8;28;;;;;;;;;;;;;;;;
Baghlan ai1.25_Mi-8_p28_hS150_gS4_dall_dP1_fCap200_vCnt1_cD4_sT4_rcS0.1_rmCDTrue;1,25;4;4;1;150;4;all;1;0,1;2;342;342;558;7566;3533,322;Mi-8;28;;;;;;;;;;;;;;;;
Baghlan ai1.25_Mi-8_p28_hS150_gS4_dall_dP1_fCap200_vCnt1_cD4_sT4_rcS0.5_rmCDTrue;1,25;4;4;1;150;4;all;1;0,5;2;342;342;558;7566;3533,322;Mi-8;28;;;;;;;;;;;;;;;;
Baghlan ai1.25_Mi-8_p28_hS150_gS4_dall_dP1_fCap200_vCnt1_cD4_sT4_rcS10_rmCDTrue;1,25;4;4;1;150;4;all;1;10,0;2;342;342;558;7566;3533,322;Mi-8;28;;;;;;;;;;;;;;;;
Baghlan ai1.25_Mi-8_p28_hS150_gS4_dall_dP1_fCap200_vCnt1_cD4_sT4_rcS1_rmCDTrue;1,25;4;4;1;150;4;all;1;1,0;2;342;342;558;7566;3533,322;Mi-8;28;;;;;;;;;;;;;;;;
Baghlan ai1.25_Mi-8_p28_hS150_gS4_dall_dP1_fCap200_vCnt1_cD4_sT4_rcS3_rmCDTrue;1,25;4;4;1;150;4;all;1;3,0;2;342;342;558;7566;3533,322;Mi-8;28;;;;;;;;;;;;;;;;
Baghlan ai1.25_Mi-8_p28_hS150_gS4_dall_dP1_fCap200_vCnt1_cD4_sT4_rcS5_rmCDTrue;1,25;4;4;1;150;4;all;1;5,0;2;342;342;558;7566;3533,322;Mi-8;28;;;;;;;;;;;;;;;;
Baghlan ai1.25_Mi-8_p28_hS150_gS4_dall_dP1_fCap200_vCnt1_cD4_sT4_rcS7_rmCDTrue;1,25;4;4;1;150;4;all;1;7,0;2;342;342;558;7566;3533,322;Mi-8;28;;;;;;;;;;;;;;;;
Baghlan ai1.25_Mi-8_p28_hS150_gS4_dall_dP1_fCap200_vCnt2_cD1_sT1_rcS0.1_rmCDTrue;1,25;1;1;2;150;4;all;1;0,1;2;276;276;432;6916;3229,772;Mi-8;28;;;;;;;;;;;;;;;;
Baghlan ai1.25_Mi-8_p28_hS150_gS4_dall_dP1_fCap200_vCnt2_cD1_sT1_rcS0.5_rmCDTrue;1,25;1;1;2;150;4;all;1;0,5;2;276;276;432;6916;3229,772;Mi-8;28;;;;;;;;;;;;;;;;
Baghlan ai1.25_Mi-8_p28_hS150_gS4_dall_dP1_fCap200_vCnt2_cD1_sT1_rcS10_rmCDTrue;1,25;1;1;2;150;4;all;1;10,0;2;276;276;432;6916;3229,772;Mi-8;28;;;;;;;;;;;;;;;;
Baghlan ai1.25_Mi-8_p28_hS150_gS4_dall_dP1_fCap200_vCnt2_cD1_sT1_rcS1_rmCDTrue;1,25;1;1;2;150;4;all;1;1,0;2;276;276;432;6916;3229,772;Mi-8;28;;;;;;;;;;;;;;;;
Baghlan ai1.25_Mi-8_p28_hS150_gS4_dall_dP1_fCap200_vCnt2_cD1_sT1_rcS3_rmCDTrue;1,25;1;1;2;150;4;all;1;3,0;2;276;276;432;6916;3229,772;Mi-8;28;;;;;;;;;;;;;;;;
Baghlan ai1.25_Mi-8_p28_hS150_gS4_dall_dP1_fCap200_vCnt2_cD1_sT1_rcS5_rmCDTrue;1,25;1;1;2;150;4;all;1;5,0;2;276;276;432;6916;3229,772;Mi-8;28;;;;;;;;;;;;;;;;
Baghlan ai1.25_Mi-8_p28_hS150_gS4_dall_dP1_fCap200_vCnt2_cD1_sT1_rcS7_rmCDTrue;1,25;1;1;2;150;4;all;1;7,0;2;276;276;432;6916;3229,772;Mi-8;28;;;;;;;;;;;;;;;;
Baghlan ai1.25_Mi-8_p28_hS150_gS4_dall_dP1_fCap200_vCnt2_cD2_sT1_rcS0.1_rmCDTrue;1,25;2;1;2;150;4;all;1;0,1;2;305;305;432;6916;3229,772;Mi-8;28;;;;;;;;;;;;;;;;
Baghlan ai1.25_Mi-8_p28_hS150_gS4_dall_dP1_fCap200_vCnt2_cD2_sT1_rcS0.5_rmCDTrue;1,25;2;1;2;150;4;all;1;0,5;2;305;305;432;6916;3229,772;Mi-8;28;;;;;;;;;;;;;;;;
Baghlan ai1.25_Mi-8_p28_hS150_gS4_dall_dP1_fCap200_vCnt2_cD2_sT1_rcS10_rmCDTrue;1,25;2;1;2;150;4;all;1;10,0;2;305;305;432;6916;3229,772;Mi-8;28;;;;;;;;;;;;;;;;
Baghlan ai1.25_Mi-8_p28_hS150_gS4_dall_dP1_fCap200_vCnt2_cD2_sT1_rcS1_rmCDTrue;1,25;2;1;2;150;4;all;1;1,0;2;305;305;432;6916;3229,772;Mi-8;28;;;;;;;;;;;;;;;;
Baghlan ai1.25_Mi-8_p28_hS150_gS4_dall_dP1_fCap200_vCnt2_cD2_sT1_rcS3_rmCDTrue;1,25;2;1;2;150;4;all;1;3,0;2;305;305;432;6916;3229,772;Mi-8;28;;;;;;;;;;;;;;;;
Baghlan ai1.25_Mi-8_p28_hS150_gS4_dall_dP1_fCap200_vCnt2_cD2_sT1_rcS5_rmCDTrue;1,25;2;1;2;150;4;all;1;5,0;2;305;305;432;6916;3229,772;Mi-8;28;;;;;;;;;;;;;;;;
Baghlan ai1.25_Mi-8_p28_hS150_gS4_dall_dP1_fCap200_vCnt2_cD2_sT1_rcS7_rmCDTrue;1,25;2;1;2;150;4;all;1;7,0;2;305;305;432;6916;3229,772;Mi-8;28;;;;;;;;;;;;;;;;
Baghlan ai1.25_Mi-8_p28_hS150_gS4_dall_dP1_fCap200_vCnt2_cD2_sT2_rcS0.1_rmCDTrue;1,25;2;2;2;150;4;all;1;0,1;2;308;308;532;7462;3484,754;Mi-8;28;;;;;;;;;;;;;;;;
Baghlan ai1.25_Mi-8_p28_hS150_gS4_dall_dP1_fCap200_vCnt2_cD2_sT2_rcS0.5_rmCDTrue;1,25;2;2;2;150;4;all;1;0,5;2;308;308;532;7462;3484,754;Mi-8;28;;;;;;;;;;;;;;;;
Baghlan ai1.25_Mi-8_p28_hS150_gS4_dall_dP1_fCap200_vCnt2_cD2_sT2_rcS10_rmCDTrue;1,25;2;2;2;150;4;all;1;10,0;2;308;308;532;7462;3484,754;Mi-8;28;;;;;;;;;;;;;;;;
Baghlan ai1.25_Mi-8_p28_hS150_gS4_dall_dP1_fCap200_vCnt2_cD2_sT2_rcS1_rmCDTrue;1,25;2;2;2;150;4;all;1;1,0;2;308;308;532;7462;3484,754;Mi-8;28;;;;;;;;;;;;;;;;
Baghlan ai1.25_Mi-8_p28_hS150_gS4_dall_dP1_fCap200_vCnt2_cD2_sT2_rcS3_rmCDTrue;1,25;2;2;2;150;4;all;1;3,0;2;308;308;532;7462;3484,754;Mi-8;28;;;;;;;;;;;;;;;;
Baghlan ai1.25_Mi-8_p28_hS150_gS4_dall_dP1_fCap200_vCnt2_cD2_sT2_rcS5_rmCDTrue;1,25;2;2;2;150;4;all;1;5,0;2;308;308;532;7462;3484,754;Mi-8;28;;;;;;;;;;;;;;;;
Baghlan ai1.25_Mi-8_p28_hS150_gS4_dall_dP1_fCap200_vCnt2_cD2_sT2_rcS7_rmCDTrue;1,25;2;2;2;150;4;all;1;7,0;2;308;308;532;7462;3484,754;Mi-8;28;;;;;;;;;;;;;;;;
Baghlan ai1.25_Mi-8_p28_hS150_gS4_dall_dP1_fCap200_vCnt2_cD3_sT1_rcS0.1_rmCDTrue;1,25;3;1;2;150;4;all;1;0,1;2;323;323;432;6916;3229,772;Mi-8;28;;;;;;;;;;;;;;;;
Baghlan ai1.25_Mi-8_p28_hS150_gS4_dall_dP1_fCap200_vCnt2_cD3_sT1_rcS0.5_rmCDTrue;1,25;3;1;2;150;4;all;1;0,5;2;323;323;432;6916;3229,772;Mi-8;28;;;;;;;;;;;;;;;;
Baghlan ai1.25_Mi-8_p28_hS150_gS4_dall_dP1_fCap200_vCnt2_cD3_sT1_rcS10_rmCDTrue;1,25;3;1;2;150;4;all;1;10,0;2;323;323;432;6916;3229,772;Mi-8;28;;;;;;;;;;;;;;;;
Baghlan ai1.25_Mi-8_p28_hS150_gS4_dall_dP1_fCap200_vCnt2_cD3_sT1_rcS1_rmCDTrue;1,25;3;1;2;150;4;all;1;1,0;2;323;323;432;6916;3229,772;Mi-8;28;;;;;;;;;;;;;;;;
Baghlan ai1.25_Mi-8_p28_hS150_gS4_dall_dP1_fCap200_vCnt2_cD3_sT1_rcS3_rmCDTrue;1,25;3;1;2;150;4;all;1;3,0;2;323;323;432;6916;3229,772;Mi-8;28;;;;;;;;;;;;;;;;
Baghlan ai1.25_Mi-8_p28_hS150_gS4_dall_dP1_fCap200_vCnt2_cD3_sT1_rcS5_rmCDTrue;1,25;3;1;2;150;4;all;1;5,0;2;323;323;432;6916;3229,772;Mi-8;28;;;;;;;;;;;;;;;;
Baghlan ai1.25_Mi-8_p28_hS150_gS4_dall_dP1_fCap200_vCnt2_cD3_sT1_rcS7_rmCDTrue;1,25;3;1;2;150;4;all;1;7,0;2;323;323;432;6916;3229,772;Mi-8;28;;;;;;;;;;;;;;;;
Baghlan ai1.25_Mi-8_p28_hS150_gS4_dall_dP1_fCap200_vCnt2_cD3_sT2_rcS0.1_rmCDTrue;1,25;3;2;2;150;4;all;1;0,1;2;324;324;532;7462;3484,754;Mi-8;28;;;;;;;;;;;;;;;;
Baghlan ai1.25_Mi-8_p28_hS150_gS4_dall_dP1_fCap200_vCnt2_cD3_sT2_rcS0.5_rmCDTrue;1,25;3;2;2;150;4;all;1;0,5;2;324;324;532;7462;3484,754;Mi-8;28;;;;;;;;;;;;;;;;
Baghlan ai1.25_Mi-8_p28_hS150_gS4_dall_dP1_fCap200_vCnt2_cD3_sT2_rcS10_rmCDTrue;1,25;3;2;2;150;4;all;1;10,0;2;324;324;532;7462;3484,754;Mi-8;28;;;;;;;;;;;;;;;;
Baghlan ai1.25_Mi-8_p28_hS150_gS4_dall_dP1_fCap200_vCnt2_cD3_sT2_rcS1_rmCDTrue;1,25;3;2;2;150;4;all;1;1,0;2;324;324;532;7462;3484,754;Mi-8;28;;;;;;;;;;;;;;;;
Baghlan ai1.25_Mi-8_p28_hS150_gS4_dall_dP1_fCap200_vCnt2_cD3_sT2_rcS3_rmCDTrue;1,25;3;2;2;150;4;all;1;3,0;2;324;324;532;7462;3484,754;Mi-8;28;;;;;;;;;;;;;;;;
Baghlan ai1.25_Mi-8_p28_hS150_gS4_dall_dP1_fCap200_vCnt2_cD3_sT2_rcS5_rmCDTrue;1,25;3;2;2;150;4;all;1;5,0;2;324;324;532;7462;3484,754;Mi-8;28;;;;;;;;;;;;;;;;
Baghlan ai1.25_Mi-8_p28_hS150_gS4_dall_dP1_fCap200_vCnt2_cD3_sT2_rcS7_rmCDTrue;1,25;3;2;2;150;4;all;1;7,0;2;324;324;532;7462;3484,754;Mi-8;28;;;;;;;;;;;;;;;;
Baghlan ai1.25_Mi-8_p28_hS150_gS4_dall_dP1_fCap200_vCnt2_cD3_sT3_rcS0.1_rmCDTrue;1,25;3;3;2;150;4;all;1;0,1;2;324;324;554;7558;3529,586;Mi-8;28;;;;;;;;;;;;;;;;
Baghlan ai1.25_Mi-8_p28_hS150_gS4_dall_dP1_fCap200_vCnt2_cD3_sT3_rcS0.5_rmCDTrue;1,25;3;3;2;150;4;all;1;0,5;2;324;324;554;7558;3529,586;Mi-8;28;;;;;;;;;;;;;;;;
Baghlan ai1.25_Mi-8_p28_hS150_gS4_dall_dP1_fCap200_vCnt2_cD3_sT3_rcS10_rmCDTrue;1,25;3;3;2;150;4;all;1;10,0;2;324;324;554;7558;3529,586;Mi-8;28;;;;;;;;;;;;;;;;
Baghlan ai1.25_Mi-8_p28_hS150_gS4_dall_dP1_fCap200_vCnt2_cD3_sT3_rcS1_rmCDTrue;1,25;3;3;2;150;4;all;1;1,0;2;324;324;554;7558;3529,586;Mi-8;28;;;;;;;;;;;;;;;;
Baghlan ai1.25_Mi-8_p28_hS150_gS4_dall_dP1_fCap200_vCnt2_cD3_sT3_rcS3_rmCDTrue;1,25;3;3;2;150;4;all;1;3,0;2;324;324;554;7558;3529,586;Mi-8;28;;;;;;;;;;;;;;;;
Baghlan ai1.25_Mi-8_p28_hS150_gS4_dall_dP1_fCap200_vCnt2_cD3_sT3_rcS5_rmCDTrue;1,25;3;3;2;150;4;all;1;5,0;2;324;324;554;7558;3529,586;Mi-8;28;;;;;;;;;;;;;;;;
Baghlan ai1.25_Mi-8_p28_hS150_gS4_dall_dP1_fCap200_vCnt2_cD3_sT3_rcS7_rmCDTrue;1,25;3;3;2;150;4;all;1;7,0;2;324;324;554;7558;3529,586;Mi-8;28;;;;;;;;;;;;;;;;
Baghlan ai1.25_Mi-8_p28_hS150_gS4_dall_dP1_fCap200_vCnt2_cD4_sT1_rcS0.1_rmCDTrue;1,25;4;1;2;150;4;all;1;0,1;2;342;342;432;6916;3229,772;Mi-8;28;;;;;;;;;;;;;;;;
Baghlan ai1.25_Mi-8_p28_hS150_gS4_dall_dP1_fCap200_vCnt2_cD4_sT1_rcS0.5_rmCDTrue;1,25;4;1;2;150;4;all;1;0,5;2;342;342;432;6916;3229,772;Mi-8;28;;;;;;;;;;;;;;;;
Baghlan ai1.25_Mi-8_p28_hS150_gS4_dall_dP1_fCap200_vCnt2_cD4_sT1_rcS10_rmCDTrue;1,25;4;1;2;150;4;all;1;10,0;2;342;342;432;6916;3229,772;Mi-8;28;;;;;;;;;;;;;;;;
Baghlan ai1.25_Mi-8_p28_hS150_gS4_dall_dP1_fCap200_vCnt2_cD4_sT1_rcS1_rmCDTrue;1,25;4;1;2;150;4;all;1;1,0;2;342;342;432;6916;3229,772;Mi-8;28;;;;;;;;;;;;;;;;
Baghlan ai1.25_Mi-8_p28_hS150_gS4_dall_dP1_fCap200_vCnt2_cD4_sT1_rcS3_rmCDTrue;1,25;4;1;2;150;4;all;1;3,0;2;342;342;432;6916;3229,772;Mi-8;28;;;;;;;;;;;;;;;;
Baghlan ai1.25_Mi-8_p28_hS150_gS4_dall_dP1_fCap200_vCnt2_cD4_sT1_rcS5_rmCDTrue;1,25;4;1;2;150;4;all;1;5,0;2;342;342;432;6916;3229,772;Mi-8;28;;;;;;;;;;;;;;;;
Baghlan ai1.25_Mi-8_p28_hS150_gS4_dall_dP1_fCap200_vCnt2_cD4_sT1_rcS7_rmCDTrue;1,25;4;1;2;150;4;all;1;7,0;2;342;342;432;6916;3229,772;Mi-8;28;;;;;;;;;;;;;;;;
Baghlan ai1.25_Mi-8_p28_hS150_gS4_dall_dP1_fCap200_vCnt2_cD4_sT2_rcS0.1_rmCDTrue;1,25;4;2;2;150;4;all;1;0,1;2;342;342;532;7462;3484,754;Mi-8;28;;;;;;;;;;;;;;;;
Baghlan ai1.25_Mi-8_p28_hS150_gS4_dall_dP1_fCap200_vCnt2_cD4_sT2_rcS0.5_rmCDTrue;1,25;4;2;2;150;4;all;1;0,5;2;342;342;532;7462;3484,754;Mi-8;28;;;;;;;;;;;;;;;;
Baghlan ai1.25_Mi-8_p28_hS150_gS4_dall_dP1_fCap200_vCnt2_cD4_sT2_rcS10_rmCDTrue;1,25;4;2;2;150;4;all;1;10,0;2;342;342;532;7462;3484,754;Mi-8;28;;;;;;;;;;;;;;;;
Baghlan ai1.25_Mi-8_p28_hS150_gS4_dall_dP1_fCap200_vCnt2_cD4_sT2_rcS1_rmCDTrue;1,25;4;2;2;150;4;all;1;1,0;2;342;342;532;7462;3484,754;Mi-8;28;;;;;;;;;;;;;;;;
Baghlan ai1.25_Mi-8_p28_hS150_gS4_dall_dP1_fCap200_vCnt2_cD4_sT2_rcS3_rmCDTrue;1,25;4;2;2;150;4;all;1;3,0;2;342;342;532;7462;3484,754;Mi-8;28;;;;;;;;;;;;;;;;
Baghlan ai1.25_Mi-8_p28_hS150_gS4_dall_dP1_fCap200_vCnt2_cD4_sT2_rcS5_rmCDTrue;1,25;4;2;2;150;4;all;1;5,0;2;342;342;532;7462;3484,754;Mi-8;28;;;;;;;;;;;;;;;;
Baghlan ai1.25_Mi-8_p28_hS150_gS4_dall_dP1_fCap200_vCnt2_cD4_sT2_rcS7_rmCDTrue;1,25;4;2;2;150;4;all;1;7,0;2;342;342;532;7462;3484,754;Mi-8;28;;;;;;;;;;;;;;;;
Baghlan ai1.25_Mi-8_p28_hS150_gS4_dall_dP1_fCap200_vCnt2_cD4_sT3_rcS0.1_rmCDTrue;1,25;4;3;2;150;4;all;1;0,1;2;342;342;554;7558;3529,586;Mi-8;28;;;;;;;;;;;;;;;;
Baghlan ai1.25_Mi-8_p28_hS150_gS4_dall_dP1_fCap200_vCnt2_cD4_sT3_rcS0.5_rmCDTrue;1,25;4;3;2;150;4;all;1;0,5;2;342;342;554;7558;3529,586;Mi-8;28;;;;;;;;;;;;;;;;
Baghlan ai1.25_Mi-8_p28_hS150_gS4_dall_dP1_fCap200_vCnt2_cD4_sT3_rcS10_rmCDTrue;1,25;4;3;2;150;4;all;1;10,0;2;342;342;554;7558;3529,586;Mi-8;28;;;;;;;;;;;;;;;;
Baghlan ai1.25_Mi-8_p28_hS150_gS4_dall_dP1_fCap200_vCnt2_cD4_sT3_rcS1_rmCDTrue;1,25;4;3;2;150;4;all;1;1,0;2;342;342;554;7558;3529,586;Mi-8;28;;;;;;;;;;;;;;;;
Baghlan ai1.25_Mi-8_p28_hS150_gS4_dall_dP1_fCap200_vCnt2_cD4_sT3_rcS3_rmCDTrue;1,25;4;3;2;150;4;all;1;3,0;2;342;342;554;7558;3529,586;Mi-8;28;;;;;;;;;;;;;;;;
Baghlan ai1.25_Mi-8_p28_hS150_gS4_dall_dP1_fCap200_vCnt2_cD4_sT3_rcS5_rmCDTrue;1,25;4;3;2;150;4;all;1;5,0;2;342;342;554;7558;3529,586;Mi-8;28;;;;;;;;;;;;;;;;
Baghlan ai1.25_Mi-8_p28_hS150_gS4_dall_dP1_fCap200_vCnt2_cD4_sT3_rcS7_rmCDTrue;1,25;4;3;2;150;4;all;1;7,0;2;342;342;554;7558;3529,586;Mi-8;28;;;;;;;;;;;;;;;;
Baghlan ai1.25_Mi-8_p28_hS150_gS4_dall_dP1_fCap200_vCnt2_cD4_sT4_rcS0.1_rmCDTrue;1,25;4;4;2;150;4;all;1;0,1;2;342;342;558;7566;3533,322;Mi-8;28;;;;;;;;;;;;;;;;
Baghlan ai1.25_Mi-8_p28_hS150_gS4_dall_dP1_fCap200_vCnt2_cD4_sT4_rcS0.5_rmCDTrue;1,25;4;4;2;150;4;all;1;0,5;2;342;342;558;7566;3533,322;Mi-8;28;;;;;;;;;;;;;;;;
Baghlan ai1.25_Mi-8_p28_hS150_gS4_dall_dP1_fCap200_vCnt2_cD4_sT4_rcS10_rmCDTrue;1,25;4;4;2;150;4;all;1;10,0;2;342;342;558;7566;3533,322;Mi-8;28;;;;;;;;;;;;;;;;
Baghlan ai1.25_Mi-8_p28_hS150_gS4_dall_dP1_fCap200_vCnt2_cD4_sT4_rcS1_rmCDTrue;1,25;4;4;2;150;4;all;1;1,0;2;342;342;558;7566;3533,322;Mi-8;28;;;;;;;;;;;;;;;;
Baghlan ai1.25_Mi-8_p28_hS150_gS4_dall_dP1_fCap200_vCnt2_cD4_sT4_rcS3_rmCDTrue;1,25;4;4;2;150;4;all;1;3,0;2;342;342;558;7566;3533,322;Mi-8;28;;;;;;;;;;;;;;;;
Baghlan ai1.25_Mi-8_p28_hS150_gS4_dall_dP1_fCap200_vCnt2_cD4_sT4_rcS5_rmCDTrue;1,25;4;4;2;150;4;all;1;5,0;2;342;342;558;7566;3533,322;Mi-8;28;;;;;;;;;;;;;;;;
Baghlan ai1.25_Mi-8_p28_hS150_gS4_dall_dP1_fCap200_vCnt2_cD4_sT4_rcS7_rmCDTrue;1,25;4;4;2;150;4;all;1;7,0;2;342;342;558;7566;3533,322;Mi-8;28;;;;;;;;;;;;;;;;
Baghlan ai1.25_Mi-8_p28_hS150_gS4_dall_dP1_fCap200_vCnt3_cD1_sT1_rcS0.1_rmCDTrue;1,25;1;1;3;150;4;all;1;0,1;2;276;276;432;6916;3229,772;Mi-8;28;;;;;;;;;;;;;;;;
Baghlan ai1.25_Mi-8_p28_hS150_gS4_dall_dP1_fCap200_vCnt3_cD1_sT1_rcS0.5_rmCDTrue;1,25;1;1;3;150;4;all;1;0,5;2;276;276;432;6916;3229,772;Mi-8;28;;;;;;;;;;;;;;;;
Baghlan ai1.25_Mi-8_p28_hS150_gS4_dall_dP1_fCap200_vCnt3_cD1_sT1_rcS10_rmCDTrue;1,25;1;1;3;150;4;all;1;10,0;2;276;276;432;6916;3229,772;Mi-8;28;;;;;;;;;;;;;;;;
Baghlan ai1.25_Mi-8_p28_hS150_gS4_dall_dP1_fCap200_vCnt3_cD1_sT1_rcS1_rmCDTrue;1,25;1;1;3;150;4;all;1;1,0;2;276;276;432;6916;3229,772;Mi-8;28;;;;;;;;;;;;;;;;
Baghlan ai1.25_Mi-8_p28_hS150_gS4_dall_dP1_fCap200_vCnt3_cD1_sT1_rcS3_rmCDTrue;1,25;1;1;3;150;4;all;1;3,0;2;276;276;432;6916;3229,772;Mi-8;28;;;;;;;;;;;;;;;;
Baghlan ai1.25_Mi-8_p28_hS150_gS4_dall_dP1_fCap200_vCnt3_cD1_sT1_rcS5_rmCDTrue;1,25;1;1;3;150;4;all;1;5,0;2;276;276;432;6916;3229,772;Mi-8;28;;;;;;;;;;;;;;;;
Baghlan ai1.25_Mi-8_p28_hS150_gS4_dall_dP1_fCap200_vCnt3_cD1_sT1_rcS7_rmCDTrue;1,25;1;1;3;150;4;all;1;7,0;2;276;276;432;6916;3229,772;Mi-8;28;;;;;;;;;;;;;;;;
Baghlan ai1.25_Mi-8_p28_hS150_gS4_dall_dP1_fCap200_vCnt3_cD2_sT1_rcS0.1_rmCDTrue;1,25;2;1;3;150;4;all;1;0,1;2;305;305;432;6916;3229,772;Mi-8;28;;;;;;;;;;;;;;;;
Baghlan ai1.25_Mi-8_p28_hS150_gS4_dall_dP1_fCap200_vCnt3_cD2_sT1_rcS0.5_rmCDTrue;1,25;2;1;3;150;4;all;1;0,5;2;305;305;432;6916;3229,772;Mi-8;28;;;;;;;;;;;;;;;;
Baghlan ai1.25_Mi-8_p28_hS150_gS4_dall_dP1_fCap200_vCnt3_cD2_sT1_rcS10_rmCDTrue;1,25;2;1;3;150;4;all;1;10,0;2;305;305;432;6916;3229,772;Mi-8;28;;;;;;;;;;;;;;;;
Baghlan ai1.25_Mi-8_p28_hS150_gS4_dall_dP1_fCap200_vCnt3_cD2_sT1_rcS1_rmCDTrue;1,25;2;1;3;150;4;all;1;1,0;2;305;305;432;6916;3229,772;Mi-8;28;;;;;;;;;;;;;;;;
Baghlan ai1.25_Mi-8_p28_hS150_gS4_dall_dP1_fCap200_vCnt3_cD2_sT1_rcS3_rmCDTrue;1,25;2;1;3;150;4;all;1;3,0;2;305;305;432;6916;3229,772;Mi-8;28;;;;;;;;;;;;;;;;
Baghlan ai1.25_Mi-8_p28_hS150_gS4_dall_dP1_fCap200_vCnt3_cD2_sT1_rcS5_rmCDTrue;1,25;2;1;3;150;4;all;1;5,0;2;305;305;432;6916;3229,772;Mi-8;28;;;;;;;;;;;;;;;;
Baghlan ai1.25_Mi-8_p28_hS150_gS4_dall_dP1_fCap200_vCnt3_cD2_sT1_rcS7_rmCDTrue;1,25;2;1;3;150;4;all;1;7,0;2;305;305;432;6916;3229,772;Mi-8;28;;;;;;;;;;;;;;;;
Baghlan ai1.25_Mi-8_p28_hS150_gS4_dall_dP1_fCap200_vCnt3_cD2_sT2_rcS0.1_rmCDTrue;1,25;2;2;3;150;4;all;1;0,1;2;308;308;532;7462;3484,754;Mi-8;28;;;;;;;;;;;;;;;;
Baghlan ai1.25_Mi-8_p28_hS150_gS4_dall_dP1_fCap200_vCnt3_cD2_sT2_rcS0.5_rmCDTrue;1,25;2;2;3;150;4;all;1;0,5;2;308;308;532;7462;3484,754;Mi-8;28;;;;;;;;;;;;;;;;
Baghlan ai1.25_Mi-8_p28_hS150_gS4_dall_dP1_fCap200_vCnt3_cD2_sT2_rcS10_rmCDTrue;1,25;2;2;3;150;4;all;1;10,0;2;308;308;532;7462;3484,754;Mi-8;28;;;;;;;;;;;;;;;;
Baghlan ai1.25_Mi-8_p28_hS150_gS4_dall_dP1_fCap200_vCnt3_cD2_sT2_rcS1_rmCDTrue;1,25;2;2;3;150;4;all;1;1,0;2;308;308;532;7462;3484,754;Mi-8;28;;;;;;;;;;;;;;;;
Baghlan ai1.25_Mi-8_p28_hS150_gS4_dall_dP1_fCap200_vCnt3_cD2_sT2_rcS3_rmCDTrue;1,25;2;2;3;150;4;all;1;3,0;2;308;308;532;7462;3484,754;Mi-8;28;;;;;;;;;;;;;;;;
Baghlan ai1.25_Mi-8_p28_hS150_gS4_dall_dP1_fCap200_vCnt3_cD2_sT2_rcS5_rmCDTrue;1,25;2;2;3;150;4;all;1;5,0;2;308;308;532;7462;3484,754;Mi-8;28;;;;;;;;;;;;;;;;
Baghlan ai1.25_Mi-8_p28_hS150_gS4_dall_dP1_fCap200_vCnt3_cD2_sT2_rcS7_rmCDTrue;1,25;2;2;3;150;4;all;1;7,0;2;308;308;532;7462;3484,754;Mi-8;28;;;;;;;;;;;;;;;;
Baghlan ai1.25_Mi-8_p28_hS150_gS4_dall_dP1_fCap200_vCnt3_cD3_sT1_rcS0.1_rmCDTrue;1,25;3;1;3;150;4;all;1;0,1;2;323;323;432;6916;3229,772;Mi-8;28;;;;;;;;;;;;;;;;
Baghlan ai1.25_Mi-8_p28_hS150_gS4_dall_dP1_fCap200_vCnt3_cD3_sT1_rcS0.5_rmCDTrue;1,25;3;1;3;150;4;all;1;0,5;2;323;323;432;6916;3229,772;Mi-8;28;;;;;;;;;;;;;;;;
Baghlan ai1.25_Mi-8_p28_hS150_gS4_dall_dP1_fCap200_vCnt3_cD3_sT1_rcS10_rmCDTrue;1,25;3;1;3;150;4;all;1;10,0;2;323;323;432;6916;3229,772;Mi-8;28;;;;;;;;;;;;;;;;
Baghlan ai1.25_Mi-8_p28_hS150_gS4_dall_dP1_fCap200_vCnt3_cD3_sT1_rcS1_rmCDTrue;1,25;3;1;3;150;4;all;1;1,0;2;323;323;432;6916;3229,772;Mi-8;28;;;;;;;;;;;;;;;;
Baghlan ai1.25_Mi-8_p28_hS150_gS4_dall_dP1_fCap200_vCnt3_cD3_sT1_rcS3_rmCDTrue;1,25;3;1;3;150;4;all;1;3,0;2;323;323;432;6916;3229,772;Mi-8;28;;;;;;;;;;;;;;;;
Baghlan ai1.25_Mi-8_p28_hS150_gS4_dall_dP1_fCap200_vCnt3_cD3_sT1_rcS5_rmCDTrue;1,25;3;1;3;150;4;all;1;5,0;2;323;323;432;6916;3229,772;Mi-8;28;;;;;;;;;;;;;;;;
Baghlan ai1.25_Mi-8_p28_hS150_gS4_dall_dP1_fCap200_vCnt3_cD3_sT1_rcS7_rmCDTrue;1,25;3;1;3;150;4;all;1;7,0;2;323;323;432;6916;3229,772;Mi-8;28;;;;;;;;;;;;;;;;
Baghlan ai1.25_Mi-8_p28_hS150_gS4_dall_dP1_fCap200_vCnt3_cD3_sT2_rcS0.1_rmCDTrue;1,25;3;2;3;150;4;all;1;0,1;2;324;324;532;7462;3484,754;Mi-8;28;;;;;;;;;;;;;;;;
Baghlan ai1.25_Mi-8_p28_hS150_gS4_dall_dP1_fCap200_vCnt3_cD3_sT2_rcS0.5_rmCDTrue;1,25;3;2;3;150;4;all;1;0,5;2;324;324;532;7462;3484,754;Mi-8;28;;;;;;;;;;;;;;;;
Baghlan ai1.25_Mi-8_p28_hS150_gS4_dall_dP1_fCap200_vCnt3_cD3_sT2_rcS10_rmCDTrue;1,25;3;2;3;150;4;all;1;10,0;2;324;324;532;7462;3484,754;Mi-8;28;;;;;;;;;;;;;;;;
Baghlan ai1.25_Mi-8_p28_hS150_gS4_dall_dP1_fCap200_vCnt3_cD3_sT2_rcS1_rmCDTrue;1,25;3;2;3;150;4;all;1;1,0;2;324;324;532;7462;3484,754;Mi-8;28;;;;;;;;;;;;;;;;
Baghlan ai1.25_Mi-8_p28_hS150_gS4_dall_dP1_fCap200_vCnt3_cD3_sT2_rcS3_rmCDTrue;1,25;3;2;3;150;4;all;1;3,0;2;324;324;532;7462;3484,754;Mi-8;28;;;;;;;;;;;;;;;;
Baghlan ai1.25_Mi-8_p28_hS150_gS4_dall_dP1_fCap200_vCnt3_cD3_sT2_rcS5_rmCDTrue;1,25;3;2;3;150;4;all;1;5,0;2;324;324;532;7462;3484,754;Mi-8;28;;;;;;;;;;;;;;;;
Baghlan ai1.25_Mi-8_p28_hS150_gS4_dall_dP1_fCap200_vCnt3_cD3_sT2_rcS7_rmCDTrue;1,25;3;2;3;150;4;all;1;7,0;2;324;324;532;7462;3484,754;Mi-8;28;;;;;;;;;;;;;;;;
Baghlan ai1.25_Mi-8_p28_hS150_gS4_dall_dP1_fCap200_vCnt3_cD3_sT3_rcS0.1_rmCDTrue;1,25;3;3;3;150;4;all;1;0,1;2;324;324;554;7558;3529,586;Mi-8;28;;;;;;;;;;;;;;;;
Baghlan ai1.25_Mi-8_p28_hS150_gS4_dall_dP1_fCap200_vCnt3_cD3_sT3_rcS0.5_rmCDTrue;1,25;3;3;3;150;4;all;1;0,5;2;324;324;554;7558;3529,586;Mi-8;28;;;;;;;;;;;;;;;;
Baghlan ai1.25_Mi-8_p28_hS150_gS4_dall_dP1_fCap200_vCnt3_cD3_sT3_rcS10_rmCDTrue;1,25;3;3;3;150;4;all;1;10,0;2;324;324;554;7558;3529,586;Mi-8;28;;;;;;;;;;;;;;;;
Baghlan ai1.25_Mi-8_p28_hS150_gS4_dall_dP1_fCap200_vCnt3_cD3_sT3_rcS1_rmCDTrue;1,25;3;3;3;150;4;all;1;1,0;2;324;324;554;7558;3529,586;Mi-8;28;;;;;;;;;;;;;;;;
Baghlan ai1.25_Mi-8_p28_hS150_gS4_dall_dP1_fCap200_vCnt3_cD3_sT3_rcS3_rmCDTrue;1,25;3;3;3;150;4;all;1;3,0;2;324;324;554;7558;3529,586;Mi-8;28;;;;;;;;;;;;;;;;
Baghlan ai1.25_Mi-8_p28_hS150_gS4_dall_dP1_fCap200_vCnt3_cD3_sT3_rcS5_rmCDTrue;1,25;3;3;3;150;4;all;1;5,0;2;324;324;554;7558;3529,586;Mi-8;28;;;;;;;;;;;;;;;;
Baghlan ai1.25_Mi-8_p28_hS150_gS4_dall_dP1_fCap200_vCnt3_cD3_sT3_rcS7_rmCDTrue;1,25;3;3;3;150;4;all;1;7,0;2;324;324;554;7558;3529,586;Mi-8;28;;;;;;;;;;;;;;;;
Baghlan ai1.25_Mi-8_p28_hS150_gS4_dall_dP1_fCap200_vCnt3_cD4_sT1_rcS0.1_rmCDTrue;1,25;4;1;3;150;4;all;1;0,1;2;342;342;432;6916;3229,772;Mi-8;28;;;;;;;;;;;;;;;;
Baghlan ai1.25_Mi-8_p28_hS150_gS4_dall_dP1_fCap200_vCnt3_cD4_sT1_rcS0.5_rmCDTrue;1,25;4;1;3;150;4;all;1;0,5;2;342;342;432;6916;3229,772;Mi-8;28;;;;;;;;;;;;;;;;
Baghlan ai1.25_Mi-8_p28_hS150_gS4_dall_dP1_fCap200_vCnt3_cD4_sT1_rcS10_rmCDTrue;1,25;4;1;3;150;4;all;1;10,0;2;342;342;432;6916;3229,772;Mi-8;28;;;;;;;;;;;;;;;;
Baghlan ai1.25_Mi-8_p28_hS150_gS4_dall_dP1_fCap200_vCnt3_cD4_sT1_rcS1_rmCDTrue;1,25;4;1;3;150;4;all;1;1,0;2;342;342;432;6916;3229,772;Mi-8;28;;;;;;;;;;;;;;;;
Baghlan ai1.25_Mi-8_p28_hS150_gS4_dall_dP1_fCap200_vCnt3_cD4_sT1_rcS3_rmCDTrue;1,25;4;1;3;150;4;all;1;3,0;2;342;342;432;6916;3229,772;Mi-8;28;;;;;;;;;;;;;;;;
Baghlan ai1.25_Mi-8_p28_hS150_gS4_dall_dP1_fCap200_vCnt3_cD4_sT1_rcS5_rmCDTrue;1,25;4;1;3;150;4;all;1;5,0;2;342;342;432;6916;3229,772;Mi-8;28;;;;;;;;;;;;;;;;
Baghlan ai1.25_Mi-8_p28_hS150_gS4_dall_dP1_fCap200_vCnt3_cD4_sT1_rcS7_rmCDTrue;1,25;4;1;3;150;4;all;1;7,0;2;342;342;432;6916;3229,772;Mi-8;28;;;;;;;;;;;;;;;;
Baghlan ai1.25_Mi-8_p28_hS150_gS4_dall_dP1_fCap200_vCnt3_cD4_sT2_rcS0.1_rmCDTrue;1,25;4;2;3;150;4;all;1;0,1;2;342;342;532;7462;3484,754;Mi-8;28;;;;;;;;;;;;;;;;
Baghlan ai1.25_Mi-8_p28_hS150_gS4_dall_dP1_fCap200_vCnt3_cD4_sT2_rcS0.5_rmCDTrue;1,25;4;2;3;150;4;all;1;0,5;2;342;342;532;7462;3484,754;Mi-8;28;;;;;;;;;;;;;;;;
Baghlan ai1.25_Mi-8_p28_hS150_gS4_dall_dP1_fCap200_vCnt3_cD4_sT2_rcS10_rmCDTrue;1,25;4;2;3;150;4;all;1;10,0;2;342;342;532;7462;3484,754;Mi-8;28;;;;;;;;;;;;;;;;
Baghlan ai1.25_Mi-8_p28_hS150_gS4_dall_dP1_fCap200_vCnt3_cD4_sT2_rcS1_rmCDTrue;1,25;4;2;3;150;4;all;1;1,0;2;342;342;532;7462;3484,754;Mi-8;28;;;;;;;;;;;;;;;;
Baghlan ai1.25_Mi-8_p28_hS150_gS4_dall_dP1_fCap200_vCnt3_cD4_sT2_rcS3_rmCDTrue;1,25;4;2;3;150;4;all;1;3,0;2;342;342;532;7462;3484,754;Mi-8;28;;;;;;;;;;;;;;;;
Baghlan ai1.25_Mi-8_p28_hS150_gS4_dall_dP1_fCap200_vCnt3_cD4_sT2_rcS5_rmCDTrue;1,25;4;2;3;150;4;all;1;5,0;2;342;342;532;7462;3484,754;Mi-8;28;;;;;;;;;;;;;;;;
Baghlan ai1.25_Mi-8_p28_hS150_gS4_dall_dP1_fCap200_vCnt3_cD4_sT2_rcS7_rmCDTrue;1,25;4;2;3;150;4;all;1;7,0;2;342;342;532;7462;3484,754;Mi-8;28;;;;;;;;;;;;;;;;
Baghlan ai1.25_Mi-8_p28_hS150_gS4_dall_dP1_fCap200_vCnt3_cD4_sT3_rcS0.1_rmCDTrue;1,25;4;3;3;150;4;all;1;0,1;2;342;342;554;7558;3529,586;Mi-8;28;;;;;;;;;;;;;;;;
Baghlan ai1.25_Mi-8_p28_hS150_gS4_dall_dP1_fCap200_vCnt3_cD4_sT3_rcS0.5_rmCDTrue;1,25;4;3;3;150;4;all;1;0,5;2;342;342;554;7558;3529,586;Mi-8;28;;;;;;;;;;;;;;;;
Baghlan ai1.25_Mi-8_p28_hS150_gS4_dall_dP1_fCap200_vCnt3_cD4_sT3_rcS10_rmCDTrue;1,25;4;3;3;150;4;all;1;10,0;2;342;342;554;7558;3529,586;Mi-8;28;;;;;;;;;;;;;;;;
Baghlan ai1.25_Mi-8_p28_hS150_gS4_dall_dP1_fCap200_vCnt3_cD4_sT3_rcS1_rmCDTrue;1,25;4;3;3;150;4;all;1;1,0;2;342;342;554;7558;3529,586;Mi-8;28;;;;;;;;;;;;;;;;
Baghlan ai1.25_Mi-8_p28_hS150_gS4_dall_dP1_fCap200_vCnt3_cD4_sT3_rcS3_rmCDTrue;1,25;4;3;3;150;4;all;1;3,0;2;342;342;554;7558;3529,586;Mi-8;28;;;;;;;;;;;;;;;;
Baghlan ai1.25_Mi-8_p28_hS150_gS4_dall_dP1_fCap200_vCnt3_cD4_sT3_rcS5_rmCDTrue;1,25;4;3;3;150;4;all;1;5,0;2;342;342;554;7558;3529,586;Mi-8;28;;;;;;;;;;;;;;;;
Baghlan ai1.25_Mi-8_p28_hS150_gS4_dall_dP1_fCap200_vCnt3_cD4_sT3_rcS7_rmCDTrue;1,25;4;3;3;150;4;all;1;7,0;2;342;342;554;7558;3529,586;Mi-8;28;;;;;;;;;;;;;;;;
Baghlan ai1.25_Mi-8_p28_hS150_gS4_dall_dP1_fCap200_vCnt3_cD4_sT4_rcS0.1_rmCDTrue;1,25;4;4;3;150;4;all;1;0,1;2;342;342;558;7566;3533,322;Mi-8;28;;;;;;;;;;;;;;;;
Baghlan ai1.25_Mi-8_p28_hS150_gS4_dall_dP1_fCap200_vCnt3_cD4_sT4_rcS0.5_rmCDTrue;1,25;4;4;3;150;4;all;1;0,5;2;342;342;558;7566;3533,322;Mi-8;28;;;;;;;;;;;;;;;;
Baghlan ai1.25_Mi-8_p28_hS150_gS4_dall_dP1_fCap200_vCnt3_cD4_sT4_rcS10_rmCDTrue;1,25;4;4;3;150;4;all;1;10,0;2;342;342;558;7566;3533,322;Mi-8;28;;;;;;;;;;;;;;;;
Baghlan ai1.25_Mi-8_p28_hS150_gS4_dall_dP1_fCap200_vCnt3_cD4_sT4_rcS1_rmCDTrue;1,25;4;4;3;150;4;all;1;1,0;2;342;342;558;7566;3533,322;Mi-8;28;;;;;;;;;;;;;;;;
Baghlan ai1.25_Mi-8_p28_hS150_gS4_dall_dP1_fCap200_vCnt3_cD4_sT4_rcS3_rmCDTrue;1,25;4;4;3;150;4;all;1;3,0;2;342;342;558;7566;3533,322;Mi-8;28;;;;;;;;;;;;;;;;
Baghlan ai1.25_Mi-8_p28_hS150_gS4_dall_dP1_fCap200_vCnt3_cD4_sT4_rcS5_rmCDTrue;1,25;4;4;3;150;4;all;1;5,0;2;342;342;558;7566;3533,322;Mi-8;28;;;;;;;;;;;;;;;;
Baghlan ai1.25_Mi-8_p28_hS150_gS4_dall_dP1_fCap200_vCnt3_cD4_sT4_rcS7_rmCDTrue;1,25;4;4;3;150;4;all;1;7,0;2;342;342;558;7566;3533,322;Mi-8;28;;;;;;;;;;;;;;;;
Baghlan ai1.25_Mi-8_p28_hS150_gS4_dall_dP1_fCap200_vCnt4_cD1_sT1_rcS0.1_rmCDTrue;1,25;1;1;4;150;4;all;1;0,1;2;276;276;432;6916;3229,772;Mi-8;28;;;;;;;;;;;;;;;;
Baghlan ai1.25_Mi-8_p28_hS150_gS4_dall_dP1_fCap200_vCnt4_cD1_sT1_rcS0.5_rmCDTrue;1,25;1;1;4;150;4;all;1;0,5;2;276;276;432;6916;3229,772;Mi-8;28;;;;;;;;;;;;;;;;
Baghlan ai1.25_Mi-8_p28_hS150_gS4_dall_dP1_fCap200_vCnt4_cD1_sT1_rcS10_rmCDTrue;1,25;1;1;4;150;4;all;1;10,0;2;276;276;432;6916;3229,772;Mi-8;28;;;;;;;;;;;;;;;;
Baghlan ai1.25_Mi-8_p28_hS150_gS4_dall_dP1_fCap200_vCnt4_cD1_sT1_rcS1_rmCDTrue;1,25;1;1;4;150;4;all;1;1,0;2;276;276;432;6916;3229,772;Mi-8;28;;;;;;;;;;;;;;;;
Baghlan ai1.25_Mi-8_p28_hS150_gS4_dall_dP1_fCap200_vCnt4_cD1_sT1_rcS3_rmCDTrue;1,25;1;1;4;150;4;all;1;3,0;2;276;276;432;6916;3229,772;Mi-8;28;;;;;;;;;;;;;;;;
Baghlan ai1.25_Mi-8_p28_hS150_gS4_dall_dP1_fCap200_vCnt4_cD1_sT1_rcS5_rmCDTrue;1,25;1;1;4;150;4;all;1;5,0;2;276;276;432;6916;3229,772;Mi-8;28;;;;;;;;;;;;;;;;
Baghlan ai1.25_Mi-8_p28_hS150_gS4_dall_dP1_fCap200_vCnt4_cD1_sT1_rcS7_rmCDTrue;1,25;1;1;4;150;4;all;1;7,0;2;276;276;432;6916;3229,772;Mi-8;28;;;;;;;;;;;;;;;;
Baghlan ai1.25_Mi-8_p28_hS150_gS4_dall_dP1_fCap200_vCnt4_cD2_sT1_rcS0.1_rmCDTrue;1,25;2;1;4;150;4;all;1;0,1;2;305;305;432;6916;3229,772;Mi-8;28;;;;;;;;;;;;;;;;
Baghlan ai1.25_Mi-8_p28_hS150_gS4_dall_dP1_fCap200_vCnt4_cD2_sT1_rcS0.5_rmCDTrue;1,25;2;1;4;150;4;all;1;0,5;2;305;305;432;6916;3229,772;Mi-8;28;;;;;;;;;;;;;;;;
Baghlan ai1.25_Mi-8_p28_hS150_gS4_dall_dP1_fCap200_vCnt4_cD2_sT1_rcS10_rmCDTrue;1,25;2;1;4;150;4;all;1;10,0;2;305;305;432;6916;3229,772;Mi-8;28;;;;;;;;;;;;;;;;
Baghlan ai1.25_Mi-8_p28_hS150_gS4_dall_dP1_fCap200_vCnt4_cD2_sT1_rcS1_rmCDTrue;1,25;2;1;4;150;4;all;1;1,0;2;305;305;432;6916;3229,772;Mi-8;28;;;;;;;;;;;;;;;;
Baghlan ai1.25_Mi-8_p28_hS150_gS4_dall_dP1_fCap200_vCnt4_cD2_sT1_rcS3_rmCDTrue;1,25;2;1;4;150;4;all;1;3,0;2;305;305;432;6916;3229,772;Mi-8;28;;;;;;;;;;;;;;;;
Baghlan ai1.25_Mi-8_p28_hS150_gS4_dall_dP1_fCap200_vCnt4_cD2_sT1_rcS5_rmCDTrue;1,25;2;1;4;150;4;all;1;5,0;2;305;305;432;6916;3229,772;Mi-8;28;;;;;;;;;;;;;;;;
Baghlan ai1.25_Mi-8_p28_hS150_gS4_dall_dP1_fCap200_vCnt4_cD2_sT1_rcS7_rmCDTrue;1,25;2;1;4;150;4;all;1;7,0;2;305;305;432;6916;3229,772;Mi-8;28;;;;;;;;;;;;;;;;
Baghlan ai1.25_Mi-8_p28_hS150_gS4_dall_dP1_fCap200_vCnt4_cD2_sT2_rcS0.1_rmCDTrue;1,25;2;2;4;150;4;all;1;0,1;2;308;308;532;7462;3484,754;Mi-8;28;;;;;;;;;;;;;;;;
Baghlan ai1.25_Mi-8_p28_hS150_gS4_dall_dP1_fCap200_vCnt4_cD2_sT2_rcS0.5_rmCDTrue;1,25;2;2;4;150;4;all;1;0,5;2;308;308;532;7462;3484,754;Mi-8;28;;;;;;;;;;;;;;;;
Baghlan ai1.25_Mi-8_p28_hS150_gS4_dall_dP1_fCap200_vCnt4_cD2_sT2_rcS10_rmCDTrue;1,25;2;2;4;150;4;all;1;10,0;2;308;308;532;7462;3484,754;Mi-8;28;;;;;;;;;;;;;;;;
Baghlan ai1.25_Mi-8_p28_hS150_gS4_dall_dP1_fCap200_vCnt4_cD2_sT2_rcS1_rmCDTrue;1,25;2;2;4;150;4;all;1;1,0;2;308;308;532;7462;3484,754;Mi-8;28;;;;;;;;;;;;;;;;
Baghlan ai1.25_Mi-8_p28_hS150_gS4_dall_dP1_fCap200_vCnt4_cD2_sT2_rcS3_rmCDTrue;1,25;2;2;4;150;4;all;1;3,0;2;308;308;532;7462;3484,754;Mi-8;28;;;;;;;;;;;;;;;;
Baghlan ai1.25_Mi-8_p28_hS150_gS4_dall_dP1_fCap200_vCnt4_cD2_sT2_rcS5_rmCDTrue;1,25;2;2;4;150;4;all;1;5,0;2;308;308;532;7462;3484,754;Mi-8;28;;;;;;;;;;;;;;;;
Baghlan ai1.25_Mi-8_p28_hS150_gS4_dall_dP1_fCap200_vCnt4_cD2_sT2_rcS7_rmCDTrue;1,25;2;2;4;150;4;all;1;7,0;2;308;308;532;7462;3484,754;Mi-8;28;;;;;;;;;;;;;;;;
Baghlan ai1.25_Mi-8_p28_hS150_gS4_dall_dP1_fCap200_vCnt4_cD3_sT1_rcS0.1_rmCDTrue;1,25;3;1;4;150;4;all;1;0,1;2;323;323;432;6916;3229,772;Mi-8;28;;;;;;;;;;;;;;;;
Baghlan ai1.25_Mi-8_p28_hS150_gS4_dall_dP1_fCap200_vCnt4_cD3_sT1_rcS0.5_rmCDTrue;1,25;3;1;4;150;4;all;1;0,5;2;323;323;432;6916;3229,772;Mi-8;28;;;;;;;;;;;;;;;;
Baghlan ai1.25_Mi-8_p28_hS150_gS4_dall_dP1_fCap200_vCnt4_cD3_sT1_rcS10_rmCDTrue;1,25;3;1;4;150;4;all;1;10,0;2;323;323;432;6916;3229,772;Mi-8;28;;;;;;;;;;;;;;;;
Baghlan ai1.25_Mi-8_p28_hS150_gS4_dall_dP1_fCap200_vCnt4_cD3_sT1_rcS1_rmCDTrue;1,25;3;1;4;150;4;all;1;1,0;2;323;323;432;6916;3229,772;Mi-8;28;;;;;;;;;;;;;;;;
Baghlan ai1.25_Mi-8_p28_hS150_gS4_dall_dP1_fCap200_vCnt4_cD3_sT1_rcS3_rmCDTrue;1,25;3;1;4;150;4;all;1;3,0;2;323;323;432;6916;3229,772;Mi-8;28;;;;;;;;;;;;;;;;
Baghlan ai1.25_Mi-8_p28_hS150_gS4_dall_dP1_fCap200_vCnt4_cD3_sT1_rcS5_rmCDTrue;1,25;3;1;4;150;4;all;1;5,0;2;323;323;432;6916;3229,772;Mi-8;28;;;;;;;;;;;;;;;;
Baghlan ai1.25_Mi-8_p28_hS150_gS4_dall_dP1_fCap200_vCnt4_cD3_sT1_rcS7_rmCDTrue;1,25;3;1;4;150;4;all;1;7,0;2;323;323;432;6916;3229,772;Mi-8;28;;;;;;;;;;;;;;;;
Baghlan ai1.25_Mi-8_p28_hS150_gS4_dall_dP1_fCap200_vCnt4_cD3_sT2_rcS0.1_rmCDTrue;1,25;3;2;4;150;4;all;1;0,1;2;324;324;532;7462;3484,754;Mi-8;28;;;;;;;;;;;;;;;;
Baghlan ai1.25_Mi-8_p28_hS150_gS4_dall_dP1_fCap200_vCnt4_cD3_sT2_rcS0.5_rmCDTrue;1,25;3;2;4;150;4;all;1;0,5;2;324;324;532;7462;3484,754;Mi-8;28;;;;;;;;;;;;;;;;
Baghlan ai1.25_Mi-8_p28_hS150_gS4_dall_dP1_fCap200_vCnt4_cD3_sT2_rcS10_rmCDTrue;1,25;3;2;4;150;4;all;1;10,0;2;324;324;532;7462;3484,754;Mi-8;28;;;;;;;;;;;;;;;;
Baghlan ai1.25_Mi-8_p28_hS150_gS4_dall_dP1_fCap200_vCnt4_cD3_sT2_rcS1_rmCDTrue;1,25;3;2;4;150;4;all;1;1,0;2;324;324;532;7462;3484,754;Mi-8;28;;;;;;;;;;;;;;;;
Baghlan ai1.25_Mi-8_p28_hS150_gS4_dall_dP1_fCap200_vCnt4_cD3_sT2_rcS3_rmCDTrue;1,25;3;2;4;150;4;all;1;3,0;2;324;324;532;7462;3484,754;Mi-8;28;;;;;;;;;;;;;;;;
Baghlan ai1.25_Mi-8_p28_hS150_gS4_dall_dP1_fCap200_vCnt4_cD3_sT2_rcS5_rmCDTrue;1,25;3;2;4;150;4;all;1;5,0;2;324;324;532;7462;3484,754;Mi-8;28;;;;;;;;;;;;;;;;
Baghlan ai1.25_Mi-8_p28_hS150_gS4_dall_dP1_fCap200_vCnt4_cD3_sT2_rcS7_rmCDTrue;1,25;3;2;4;150;4;all;1;7,0;2;324;324;532;7462;3484,754;Mi-8;28;;;;;;;;;;;;;;;;
Baghlan ai1.25_Mi-8_p28_hS150_gS4_dall_dP1_fCap200_vCnt4_cD3_sT3_rcS0.1_rmCDTrue;1,25;3;3;4;150;4;all;1;0,1;2;324;324;554;7558;3529,586;Mi-8;28;;;;;;;;;;;;;;;;
Baghlan ai1.25_Mi-8_p28_hS150_gS4_dall_dP1_fCap200_vCnt4_cD3_sT3_rcS0.5_rmCDTrue;1,25;3;3;4;150;4;all;1;0,5;2;324;324;554;7558;3529,586;Mi-8;28;;;;;;;;;;;;;;;;
Baghlan ai1.25_Mi-8_p28_hS150_gS4_dall_dP1_fCap200_vCnt4_cD3_sT3_rcS10_rmCDTrue;1,25;3;3;4;150;4;all;1;10,0;2;324;324;554;7558;3529,586;Mi-8;28;;;;;;;;;;;;;;;;
Baghlan ai1.25_Mi-8_p28_hS150_gS4_dall_dP1_fCap200_vCnt4_cD3_sT3_rcS1_rmCDTrue;1,25;3;3;4;150;4;all;1;1,0;2;324;324;554;7558;3529,586;Mi-8;28;;;;;;;;;;;;;;;;
Baghlan ai1.25_Mi-8_p28_hS150_gS4_dall_dP1_fCap200_vCnt4_cD3_sT3_rcS3_rmCDTrue;1,25;3;3;4;150;4;all;1;3,0;2;324;324;554;7558;3529,586;Mi-8;28;;;;;;;;;;;;;;;;
Baghlan ai1.25_Mi-8_p28_hS150_gS4_dall_dP1_fCap200_vCnt4_cD3_sT3_rcS5_rmCDTrue;1,25;3;3;4;150;4;all;1;5,0;2;324;324;554;7558;3529,586;Mi-8;28;;;;;;;;;;;;;;;;
Baghlan ai1.25_Mi-8_p28_hS150_gS4_dall_dP1_fCap200_vCnt4_cD3_sT3_rcS7_rmCDTrue;1,25;3;3;4;150;4;all;1;7,0;2;324;324;554;7558;3529,586;Mi-8;28;;;;;;;;;;;;;;;;
Baghlan ai1.25_Mi-8_p28_hS150_gS4_dall_dP1_fCap200_vCnt4_cD4_sT1_rcS0.1_rmCDTrue;1,25;4;1;4;150;4;all;1;0,1;2;342;342;432;6916;3229,772;Mi-8;28;;;;;;;;;;;;;;;;
Baghlan ai1.25_Mi-8_p28_hS150_gS4_dall_dP1_fCap200_vCnt4_cD4_sT1_rcS0.5_rmCDTrue;1,25;4;1;4;150;4;all;1;0,5;2;342;342;432;6916;3229,772;Mi-8;28;;;;;;;;;;;;;;;;
Baghlan ai1.25_Mi-8_p28_hS150_gS4_dall_dP1_fCap200_vCnt4_cD4_sT1_rcS10_rmCDTrue;1,25;4;1;4;150;4;all;1;10,0;2;342;342;432;6916;3229,772;Mi-8;28;;;;;;;;;;;;;;;;
Baghlan ai1.25_Mi-8_p28_hS150_gS4_dall_dP1_fCap200_vCnt4_cD4_sT1_rcS1_rmCDTrue;1,25;4;1;4;150;4;all;1;1,0;2;342;342;432;6916;3229,772;Mi-8;28;;;;;;;;;;;;;;;;
Baghlan ai1.25_Mi-8_p28_hS150_gS4_dall_dP1_fCap200_vCnt4_cD4_sT1_rcS3_rmCDTrue;1,25;4;1;4;150;4;all;1;3,0;2;342;342;432;6916;3229,772;Mi-8;28;;;;;;;;;;;;;;;;
Baghlan ai1.25_Mi-8_p28_hS150_gS4_dall_dP1_fCap200_vCnt4_cD4_sT1_rcS5_rmCDTrue;1,25;4;1;4;150;4;all;1;5,0;2;342;342;432;6916;3229,772;Mi-8;28;;;;;;;;;;;;;;;;
Baghlan ai1.25_Mi-8_p28_hS150_gS4_dall_dP1_fCap200_vCnt4_cD4_sT1_rcS7_rmCDTrue;1,25;4;1;4;150;4;all;1;7,0;2;342;342;432;6916;3229,772;Mi-8;28;;;;;;;;;;;;;;;;
Baghlan ai1.25_Mi-8_p28_hS150_gS4_dall_dP1_fCap200_vCnt4_cD4_sT2_rcS0.1_rmCDTrue;1,25;4;2;4;150;4;all;1;0,1;2;342;342;532;7462;3484,754;Mi-8;28;;;;;;;;;;;;;;;;
Baghlan ai1.25_Mi-8_p28_hS150_gS4_dall_dP1_fCap200_vCnt4_cD4_sT2_rcS0.5_rmCDTrue;1,25;4;2;4;150;4;all;1;0,5;2;342;342;532;7462;3484,754;Mi-8;28;;;;;;;;;;;;;;;;
Baghlan ai1.25_Mi-8_p28_hS150_gS4_dall_dP1_fCap200_vCnt4_cD4_sT2_rcS10_rmCDTrue;1,25;4;2;4;150;4;all;1;10,0;2;342;342;532;7462;3484,754;Mi-8;28;;;;;;;;;;;;;;;;
Baghlan ai1.25_Mi-8_p28_hS150_gS4_dall_dP1_fCap200_vCnt4_cD4_sT2_rcS1_rmCDTrue;1,25;4;2;4;150;4;all;1;1,0;2;342;342;532;7462;3484,754;Mi-8;28;;;;;;;;;;;;;;;;
Baghlan ai1.25_Mi-8_p28_hS150_gS4_dall_dP1_fCap200_vCnt4_cD4_sT2_rcS3_rmCDTrue;1,25;4;2;4;150;4;all;1;3,0;2;342;342;532;7462;3484,754;Mi-8;28;;;;;;;;;;;;;;;;
Baghlan ai1.25_Mi-8_p28_hS150_gS4_dall_dP1_fCap200_vCnt4_cD4_sT2_rcS5_rmCDTrue;1,25;4;2;4;150;4;all;1;5,0;2;342;342;532;7462;3484,754;Mi-8;28;;;;;;;;;;;;;;;;
Baghlan ai1.25_Mi-8_p28_hS150_gS4_dall_dP1_fCap200_vCnt4_cD4_sT2_rcS7_rmCDTrue;1,25;4;2;4;150;4;all;1;7,0;2;342;342;532;7462;3484,754;Mi-8;28;;;;;;;;;;;;;;;;
Baghlan ai1.25_Mi-8_p28_hS150_gS4_dall_dP1_fCap200_vCnt4_cD4_sT3_rcS0.1_rmCDTrue;1,25;4;3;4;150;4;all;1;0,1;2;342;342;554;7558;3529,586;Mi-8;28;;;;;;;;;;;;;;;;
Baghlan ai1.25_Mi-8_p28_hS150_gS4_dall_dP1_fCap200_vCnt4_cD4_sT3_rcS0.5_rmCDTrue;1,25;4;3;4;150;4;all;1;0,5;2;342;342;554;7558;3529,586;Mi-8;28;;;;;;;;;;;;;;;;
Baghlan ai1.25_Mi-8_p28_hS150_gS4_dall_dP1_fCap200_vCnt4_cD4_sT3_rcS10_rmCDTrue;1,25;4;3;4;150;4;all;1;10,0;2;342;342;554;7558;3529,586;Mi-8;28;;;;;;;;;;;;;;;;
Baghlan ai1.25_Mi-8_p28_hS150_gS4_dall_dP1_fCap200_vCnt4_cD4_sT3_rcS1_rmCDTrue;1,25;4;3;4;150;4;all;1;1,0;2;342;342;554;7558;3529,586;Mi-8;28;;;;;;;;;;;;;;;;
Baghlan ai1.25_Mi-8_p28_hS150_gS4_dall_dP1_fCap200_vCnt4_cD4_sT3_rcS3_rmCDTrue;1,25;4;3;4;150;4;all;1;3,0;2;342;342;554;7558;3529,586;Mi-8;28;;;;;;;;;;;;;;;;
Baghlan ai1.25_Mi-8_p28_hS150_gS4_dall_dP1_fCap200_vCnt4_cD4_sT3_rcS5_rmCDTrue;1,25;4;3;4;150;4;all;1;5,0;2;342;342;554;7558;3529,586;Mi-8;28;;;;;;;;;;;;;;;;
Baghlan ai1.25_Mi-8_p28_hS150_gS4_dall_dP1_fCap200_vCnt4_cD4_sT3_rcS7_rmCDTrue;1,25;4;3;4;150;4;all;1;7,0;2;342;342;554;7558;3529,586;Mi-8;28;;;;;;;;;;;;;;;;
Baghlan ai1.25_Mi-8_p28_hS150_gS4_dall_dP1_fCap200_vCnt4_cD4_sT4_rcS0.1_rmCDTrue;1,25;4;4;4;150;4;all;1;0,1;2;342;342;558;7566;3533,322;Mi-8;28;;;;;;;;;;;;;;;;
Baghlan ai1.25_Mi-8_p28_hS150_gS4_dall_dP1_fCap200_vCnt4_cD4_sT4_rcS0.5_rmCDTrue;1,25;4;4;4;150;4;all;1;0,5;2;342;342;558;7566;3533,322;Mi-8;28;;;;;;;;;;;;;;;;
Baghlan ai1.25_Mi-8_p28_hS150_gS4_dall_dP1_fCap200_vCnt4_cD4_sT4_rcS10_rmCDTrue;1,25;4;4;4;150;4;all;1;10,0;2;342;342;558;7566;3533,322;Mi-8;28;;;;;;;;;;;;;;;;
Baghlan ai1.25_Mi-8_p28_hS150_gS4_dall_dP1_fCap200_vCnt4_cD4_sT4_rcS1_rmCDTrue;1,25;4;4;4;150;4;all;1;1,0;2;342;342;558;7566;3533,322;Mi-8;28;;;;;;;;;;;;;;;;
Baghlan ai1.25_Mi-8_p28_hS150_gS4_dall_dP1_fCap200_vCnt4_cD4_sT4_rcS3_rmCDTrue;1,25;4;4;4;150;4;all;1;3,0;2;342;342;558;7566;3533,322;Mi-8;28;;;;;;;;;;;;;;;;
Baghlan ai1.25_Mi-8_p28_hS150_gS4_dall_dP1_fCap200_vCnt4_cD4_sT4_rcS5_rmCDTrue;1,25;4;4;4;150;4;all;1;5,0;2;342;342;558;7566;3533,322;Mi-8;28;;;;;;;;;;;;;;;;
Baghlan ai1.25_Mi-8_p28_hS150_gS4_dall_dP1_fCap200_vCnt4_cD4_sT4_rcS7_rmCDTrue;1,25;4;4;4;150;4;all;1;7,0;2;342;342;558;7566;3533,322;Mi-8;28;;;;;;;;;;;;;;;;
Baghlan ai1.5_Mi-8_p28_hS150_gS4_dall_dP1_fCap200_vCnt1_cD1_sT1_rcS0.1_rmCDTrue;1,5;1;1;1;150;4;all;1;0,1;2;276;276;432;8188;3823,796;Mi-8;28;;;;;;;;;;;;;;;;
Baghlan ai1.5_Mi-8_p28_hS150_gS4_dall_dP1_fCap200_vCnt1_cD1_sT1_rcS0.5_rmCDTrue;1,5;1;1;1;150;4;all;1;0,5;2;276;276;432;8188;3823,796;Mi-8;28;;;;;;;;;;;;;;;;
Baghlan ai1.5_Mi-8_p28_hS150_gS4_dall_dP1_fCap200_vCnt1_cD1_sT1_rcS10_rmCDTrue;1,5;1;1;1;150;4;all;1;10,0;2;276;276;432;8188;3823,796;Mi-8;28;;;;;;;;;;;;;;;;
Baghlan ai1.5_Mi-8_p28_hS150_gS4_dall_dP1_fCap200_vCnt1_cD1_sT1_rcS1_rmCDTrue;1,5;1;1;1;150;4;all;1;1,0;2;276;276;432;8188;3823,796;Mi-8;28;;;;;;;;;;;;;;;;
Baghlan ai1.5_Mi-8_p28_hS150_gS4_dall_dP1_fCap200_vCnt1_cD1_sT1_rcS3_rmCDTrue;1,5;1;1;1;150;4;all;1;3,0;2;276;276;432;8188;3823,796;Mi-8;28;;;;;;;;;;;;;;;;
Baghlan ai1.5_Mi-8_p28_hS150_gS4_dall_dP1_fCap200_vCnt1_cD1_sT1_rcS5_rmCDTrue;1,5;1;1;1;150;4;all;1;5,0;2;276;276;432;8188;3823,796;Mi-8;28;;;;;;;;;;;;;;;;
Baghlan ai1.5_Mi-8_p28_hS150_gS4_dall_dP1_fCap200_vCnt1_cD1_sT1_rcS7_rmCDTrue;1,5;1;1;1;150;4;all;1;7,0;2;276;276;432;8188;3823,796;Mi-8;28;;;;;;;;;;;;;;;;
Baghlan ai1.5_Mi-8_p28_hS150_gS4_dall_dP1_fCap200_vCnt1_cD2_sT1_rcS0.1_rmCDTrue;1,5;2;1;1;150;4;all;1;0,1;2;305;305;432;8188;3823,796;Mi-8;28;;;;;;;;;;;;;;;;
Baghlan ai1.5_Mi-8_p28_hS150_gS4_dall_dP1_fCap200_vCnt1_cD2_sT1_rcS0.5_rmCDTrue;1,5;2;1;1;150;4;all;1;0,5;2;305;305;432;8188;3823,796;Mi-8;28;;;;;;;;;;;;;;;;
Baghlan ai1.5_Mi-8_p28_hS150_gS4_dall_dP1_fCap200_vCnt1_cD2_sT1_rcS10_rmCDTrue;1,5;2;1;1;150;4;all;1;10,0;2;305;305;432;8188;3823,796;Mi-8;28;;;;;;;;;;;;;;;;
Baghlan ai1.5_Mi-8_p28_hS150_gS4_dall_dP1_fCap200_vCnt1_cD2_sT1_rcS1_rmCDTrue;1,5;2;1;1;150;4;all;1;1,0;2;305;305;432;8188;3823,796;Mi-8;28;;;;;;;;;;;;;;;;
Baghlan ai1.5_Mi-8_p28_hS150_gS4_dall_dP1_fCap200_vCnt1_cD2_sT1_rcS3_rmCDTrue;1,5;2;1;1;150;4;all;1;3,0;2;305;305;432;8188;3823,796;Mi-8;28;;;;;;;;;;;;;;;;
Baghlan ai1.5_Mi-8_p28_hS150_gS4_dall_dP1_fCap200_vCnt1_cD2_sT1_rcS5_rmCDTrue;1,5;2;1;1;150;4;all;1;5,0;2;305;305;432;8188;3823,796;Mi-8;28;;;;;;;;;;;;;;;;
Baghlan ai1.5_Mi-8_p28_hS150_gS4_dall_dP1_fCap200_vCnt1_cD2_sT1_rcS7_rmCDTrue;1,5;2;1;1;150;4;all;1;7,0;2;305;305;432;8188;3823,796;Mi-8;28;;;;;;;;;;;;;;;;
Baghlan ai1.5_Mi-8_p28_hS150_gS4_dall_dP1_fCap200_vCnt1_cD2_sT2_rcS0.1_rmCDTrue;1,5;2;2;1;150;4;all;1;0,1;2;308;308;532;8808;4113,336;Mi-8;28;;;;;;;;;;;;;;;;
Baghlan ai1.5_Mi-8_p28_hS150_gS4_dall_dP1_fCap200_vCnt1_cD2_sT2_rcS0.5_rmCDTrue;1,5;2;2;1;150;4;all;1;0,5;2;308;308;532;8808;4113,336;Mi-8;28;;;;;;;;;;;;;;;;
Baghlan ai1.5_Mi-8_p28_hS150_gS4_dall_dP1_fCap200_vCnt1_cD2_sT2_rcS10_rmCDTrue;1,5;2;2;1;150;4;all;1;10,0;2;308;308;532;8808;4113,336;Mi-8;28;;;;;;;;;;;;;;;;
Baghlan ai1.5_Mi-8_p28_hS150_gS4_dall_dP1_fCap200_vCnt1_cD2_sT2_rcS1_rmCDTrue;1,5;2;2;1;150;4;all;1;1,0;2;308;308;532;8808;4113,336;Mi-8;28;;;;;;;;;;;;;;;;
Baghlan ai1.5_Mi-8_p28_hS150_gS4_dall_dP1_fCap200_vCnt1_cD2_sT2_rcS3_rmCDTrue;1,5;2;2;1;150;4;all;1;3,0;2;308;308;532;8808;4113,336;Mi-8;28;;;;;;;;;;;;;;;;
Baghlan ai1.5_Mi-8_p28_hS150_gS4_dall_dP1_fCap200_vCnt1_cD2_sT2_rcS5_rmCDTrue;1,5;2;2;1;150;4;all;1;5,0;2;308;308;532;8808;4113,336;Mi-8;28;;;;;;;;;;;;;;;;
Baghlan ai1.5_Mi-8_p28_hS150_gS4_dall_dP1_fCap200_vCnt1_cD2_sT2_rcS7_rmCDTrue;1,5;2;2;1;150;4;all;1;7,0;2;308;308;532;8808;4113,336;Mi-8;28;;;;;;;;;;;;;;;;
Baghlan ai1.5_Mi-8_p28_hS150_gS4_dall_dP1_fCap200_vCnt1_cD3_sT1_rcS0.1_rmCDTrue;1,5;3;1;1;150;4;all;1;0,1;2;323;323;432;8188;3823,796;Mi-8;28;;;;;;;;;;;;;;;;
Baghlan ai1.5_Mi-8_p28_hS150_gS4_dall_dP1_fCap200_vCnt1_cD3_sT1_rcS0.5_rmCDTrue;1,5;3;1;1;150;4;all;1;0,5;2;323;323;432;8188;3823,796;Mi-8;28;;;;;;;;;;;;;;;;
Baghlan ai1.5_Mi-8_p28_hS150_gS4_dall_dP1_fCap200_vCnt1_cD3_sT1_rcS10_rmCDTrue;1,5;3;1;1;150;4;all;1;10,0;2;323;323;432;8188;3823,796;Mi-8;28;;;;;;;;;;;;;;;;
Baghlan ai1.5_Mi-8_p28_hS150_gS4_dall_dP1_fCap200_vCnt1_cD3_sT1_rcS1_rmCDTrue;1,5;3;1;1;150;4;all;1;1,0;2;323;323;432;8188;3823,796;Mi-8;28;;;;;;;;;;;;;;;;
Baghlan ai1.5_Mi-8_p28_hS150_gS4_dall_dP1_fCap200_vCnt1_cD3_sT1_rcS3_rmCDTrue;1,5;3;1;1;150;4;all;1;3,0;2;323;323;432;8188;3823,796;Mi-8;28;;;;;;;;;;;;;;;;
Baghlan ai1.5_Mi-8_p28_hS150_gS4_dall_dP1_fCap200_vCnt1_cD3_sT1_rcS5_rmCDTrue;1,5;3;1;1;150;4;all;1;5,0;2;323;323;432;8188;3823,796;Mi-8;28;;;;;;;;;;;;;;;;
Baghlan ai1.5_Mi-8_p28_hS150_gS4_dall_dP1_fCap200_vCnt1_cD3_sT1_rcS7_rmCDTrue;1,5;3;1;1;150;4;all;1;7,0;2;323;323;432;8188;3823,796;Mi-8;28;;;;;;;;;;;;;;;;
Baghlan ai1.5_Mi-8_p28_hS150_gS4_dall_dP1_fCap200_vCnt1_cD3_sT2_rcS0.1_rmCDTrue;1,5;3;2;1;150;4;all;1;0,1;2;324;324;532;8808;4113,336;Mi-8;28;;;;;;;;;;;;;;;;
Baghlan ai1.5_Mi-8_p28_hS150_gS4_dall_dP1_fCap200_vCnt1_cD3_sT2_rcS0.5_rmCDTrue;1,5;3;2;1;150;4;all;1;0,5;2;324;324;532;8808;4113,336;Mi-8;28;;;;;;;;;;;;;;;;
Baghlan ai1.5_Mi-8_p28_hS150_gS4_dall_dP1_fCap200_vCnt1_cD3_sT2_rcS10_rmCDTrue;1,5;3;2;1;150;4;all;1;10,0;2;324;324;532;8808;4113,336;Mi-8;28;;;;;;;;;;;;;;;;
Baghlan ai1.5_Mi-8_p28_hS150_gS4_dall_dP1_fCap200_vCnt1_cD3_sT2_rcS1_rmCDTrue;1,5;3;2;1;150;4;all;1;1,0;2;324;324;532;8808;4113,336;Mi-8;28;;;;;;;;;;;;;;;;
Baghlan ai1.5_Mi-8_p28_hS150_gS4_dall_dP1_fCap200_vCnt1_cD3_sT2_rcS3_rmCDTrue;1,5;3;2;1;150;4;all;1;3,0;2;324;324;532;8808;4113,336;Mi-8;28;;;;;;;;;;;;;;;;
Baghlan ai1.5_Mi-8_p28_hS150_gS4_dall_dP1_fCap200_vCnt1_cD3_sT2_rcS5_rmCDTrue;1,5;3;2;1;150;4;all;1;5,0;2;324;324;532;8808;4113,336;Mi-8;28;;;;;;;;;;;;;;;;
Baghlan ai1.5_Mi-8_p28_hS150_gS4_dall_dP1_fCap200_vCnt1_cD3_sT2_rcS7_rmCDTrue;1,5;3;2;1;150;4;all;1;7,0;2;324;324;532;8808;4113,336;Mi-8;28;;;;;;;;;;;;;;;;
Baghlan ai1.5_Mi-8_p28_hS150_gS4_dall_dP1_fCap200_vCnt1_cD3_sT3_rcS0.1_rmCDTrue;1,5;3;3;1;150;4;all;1;0,1;2;324;324;554;8914;4162,838;Mi-8;28;;;;;;;;;;;;;;;;
Baghlan ai1.5_Mi-8_p28_hS150_gS4_dall_dP1_fCap200_vCnt1_cD3_sT3_rcS0.5_rmCDTrue;1,5;3;3;1;150;4;all;1;0,5;2;324;324;554;8914;4162,838;Mi-8;28;;;;;;;;;;;;;;;;
Baghlan ai1.5_Mi-8_p28_hS150_gS4_dall_dP1_fCap200_vCnt1_cD3_sT3_rcS10_rmCDTrue;1,5;3;3;1;150;4;all;1;10,0;2;324;324;554;8914;4162,838;Mi-8;28;;;;;;;;;;;;;;;;
Baghlan ai1.5_Mi-8_p28_hS150_gS4_dall_dP1_fCap200_vCnt1_cD3_sT3_rcS1_rmCDTrue;1,5;3;3;1;150;4;all;1;1,0;2;324;324;554;8914;4162,838;Mi-8;28;;;;;;;;;;;;;;;;
Baghlan ai1.5_Mi-8_p28_hS150_gS4_dall_dP1_fCap200_vCnt1_cD3_sT3_rcS3_rmCDTrue;1,5;3;3;1;150;4;all;1;3,0;2;324;324;554;8914;4162,838;Mi-8;28;;;;;;;;;;;;;;;;
Baghlan ai1.5_Mi-8_p28_hS150_gS4_dall_dP1_fCap200_vCnt1_cD3_sT3_rcS5_rmCDTrue;1,5;3;3;1;150;4;all;1;5,0;2;324;324;554;8914;4162,838;Mi-8;28;;;;;;;;;;;;;;;;
Baghlan ai1.5_Mi-8_p28_hS150_gS4_dall_dP1_fCap200_vCnt1_cD3_sT3_rcS7_rmCDTrue;1,5;3;3;1;150;4;all;1;7,0;2;324;324;554;8914;4162,838;Mi-8;28;;;;;;;;;;;;;;;;
Baghlan ai1.5_Mi-8_p28_hS150_gS4_dall_dP1_fCap200_vCnt1_cD4_sT1_rcS0.1_rmCDTrue;1,5;4;1;1;150;4;all;1;0,1;2;342;342;432;8188;3823,796;Mi-8;28;;;;;;;;;;;;;;;;
Baghlan ai1.5_Mi-8_p28_hS150_gS4_dall_dP1_fCap200_vCnt1_cD4_sT1_rcS0.5_rmCDTrue;1,5;4;1;1;150;4;all;1;0,5;2;342;342;432;8188;3823,796;Mi-8;28;;;;;;;;;;;;;;;;
Baghlan ai1.5_Mi-8_p28_hS150_gS4_dall_dP1_fCap200_vCnt1_cD4_sT1_rcS10_rmCDTrue;1,5;4;1;1;150;4;all;1;10,0;2;342;342;432;8188;3823,796;Mi-8;28;;;;;;;;;;;;;;;;
Baghlan ai1.5_Mi-8_p28_hS150_gS4_dall_dP1_fCap200_vCnt1_cD4_sT1_rcS1_rmCDTrue;1,5;4;1;1;150;4;all;1;1,0;2;342;342;432;8188;3823,796;Mi-8;28;;;;;;;;;;;;;;;;
Baghlan ai1.5_Mi-8_p28_hS150_gS4_dall_dP1_fCap200_vCnt1_cD4_sT1_rcS3_rmCDTrue;1,5;4;1;1;150;4;all;1;3,0;2;342;342;432;8188;3823,796;Mi-8;28;;;;;;;;;;;;;;;;
Baghlan ai1.5_Mi-8_p28_hS150_gS4_dall_dP1_fCap200_vCnt1_cD4_sT1_rcS5_rmCDTrue;1,5;4;1;1;150;4;all;1;5,0;2;342;342;432;8188;3823,796;Mi-8;28;;;;;;;;;;;;;;;;
Baghlan ai1.5_Mi-8_p28_hS150_gS4_dall_dP1_fCap200_vCnt1_cD4_sT1_rcS7_rmCDTrue;1,5;4;1;1;150;4;all;1;7,0;2;342;342;432;8188;3823,796;Mi-8;28;;;;;;;;;;;;;;;;
Baghlan ai1.5_Mi-8_p28_hS150_gS4_dall_dP1_fCap200_vCnt1_cD4_sT2_rcS0.1_rmCDTrue;1,5;4;2;1;150;4;all;1;0,1;2;342;342;532;8808;4113,336;Mi-8;28;;;;;;;;;;;;;;;;
Baghlan ai1.5_Mi-8_p28_hS150_gS4_dall_dP1_fCap200_vCnt1_cD4_sT2_rcS0.5_rmCDTrue;1,5;4;2;1;150;4;all;1;0,5;2;342;342;532;8808;4113,336;Mi-8;28;;;;;;;;;;;;;;;;
Baghlan ai1.5_Mi-8_p28_hS150_gS4_dall_dP1_fCap200_vCnt1_cD4_sT2_rcS10_rmCDTrue;1,5;4;2;1;150;4;all;1;10,0;2;342;342;532;8808;4113,336;Mi-8;28;;;;;;;;;;;;;;;;
Baghlan ai1.5_Mi-8_p28_hS150_gS4_dall_dP1_fCap200_vCnt1_cD4_sT2_rcS1_rmCDTrue;1,5;4;2;1;150;4;all;1;1,0;2;342;342;532;8808;4113,336;Mi-8;28;;;;;;;;;;;;;;;;
Baghlan ai1.5_Mi-8_p28_hS150_gS4_dall_dP1_fCap200_vCnt1_cD4_sT2_rcS3_rmCDTrue;1,5;4;2;1;150;4;all;1;3,0;2;342;342;532;8808;4113,336;Mi-8;28;;;;;;;;;;;;;;;;
Baghlan ai1.5_Mi-8_p28_hS150_gS4_dall_dP1_fCap200_vCnt1_cD4_sT2_rcS5_rmCDTrue;1,5;4;2;1;150;4;all;1;5,0;2;342;342;532;8808;4113,336;Mi-8;28;;;;;;;;;;;;;;;;
Baghlan ai1.5_Mi-8_p28_hS150_gS4_dall_dP1_fCap200_vCnt1_cD4_sT2_rcS7_rmCDTrue;1,5;4;2;1;150;4;all;1;7,0;2;342;342;532;8808;4113,336;Mi-8;28;;;;;;;;;;;;;;;;
Baghlan ai1.5_Mi-8_p28_hS150_gS4_dall_dP1_fCap200_vCnt1_cD4_sT3_rcS0.1_rmCDTrue;1,5;4;3;1;150;4;all;1;0,1;2;342;342;554;8914;4162,838;Mi-8;28;;;;;;;;;;;;;;;;
Baghlan ai1.5_Mi-8_p28_hS150_gS4_dall_dP1_fCap200_vCnt1_cD4_sT3_rcS0.5_rmCDTrue;1,5;4;3;1;150;4;all;1;0,5;2;342;342;554;8914;4162,838;Mi-8;28;;;;;;;;;;;;;;;;
Baghlan ai1.5_Mi-8_p28_hS150_gS4_dall_dP1_fCap200_vCnt1_cD4_sT3_rcS10_rmCDTrue;1,5;4;3;1;150;4;all;1;10,0;2;342;342;554;8914;4162,838;Mi-8;28;;;;;;;;;;;;;;;;
Baghlan ai1.5_Mi-8_p28_hS150_gS4_dall_dP1_fCap200_vCnt1_cD4_sT3_rcS1_rmCDTrue;1,5;4;3;1;150;4;all;1;1,0;2;342;342;554;8914;4162,838;Mi-8;28;;;;;;;;;;;;;;;;
Baghlan ai1.5_Mi-8_p28_hS150_gS4_dall_dP1_fCap200_vCnt1_cD4_sT3_rcS3_rmCDTrue;1,5;4;3;1;150;4;all;1;3,0;2;342;342;554;8914;4162,838;Mi-8;28;;;;;;;;;;;;;;;;
Baghlan ai1.5_Mi-8_p28_hS150_gS4_dall_dP1_fCap200_vCnt1_cD4_sT3_rcS5_rmCDTrue;1,5;4;3;1;150;4;all;1;5,0;2;342;342;554;8914;4162,838;Mi-8;28;;;;;;;;;;;;;;;;
Baghlan ai1.5_Mi-8_p28_hS150_gS4_dall_dP1_fCap200_vCnt1_cD4_sT3_rcS7_rmCDTrue;1,5;4;3;1;150;4;all;1;7,0;2;342;342;554;8914;4162,838;Mi-8;28;;;;;;;;;;;;;;;;
Baghlan ai1.5_Mi-8_p28_hS150_gS4_dall_dP1_fCap200_vCnt1_cD4_sT4_rcS0.1_rmCDTrue;1,5;4;4;1;150;4;all;1;0,1;2;342;342;558;8922;4166,5740000000005;Mi-8;28;;;;;;;;;;;;;;;;
Baghlan ai1.5_Mi-8_p28_hS150_gS4_dall_dP1_fCap200_vCnt1_cD4_sT4_rcS0.5_rmCDTrue;1,5;4;4;1;150;4;all;1;0,5;2;342;342;558;8922;4166,5740000000005;Mi-8;28;;;;;;;;;;;;;;;;
Baghlan ai1.5_Mi-8_p28_hS150_gS4_dall_dP1_fCap200_vCnt1_cD4_sT4_rcS10_rmCDTrue;1,5;4;4;1;150;4;all;1;10,0;2;342;342;558;8922;4166,5740000000005;Mi-8;28;;;;;;;;;;;;;;;;
Baghlan ai1.5_Mi-8_p28_hS150_gS4_dall_dP1_fCap200_vCnt1_cD4_sT4_rcS1_rmCDTrue;1,5;4;4;1;150;4;all;1;1,0;2;342;342;558;8922;4166,5740000000005;Mi-8;28;;;;;;;;;;;;;;;;
Baghlan ai1.5_Mi-8_p28_hS150_gS4_dall_dP1_fCap200_vCnt1_cD4_sT4_rcS3_rmCDTrue;1,5;4;4;1;150;4;all;1;3,0;2;342;342;558;8922;4166,5740000000005;Mi-8;28;;;;;;;;;;;;;;;;
Baghlan ai1.5_Mi-8_p28_hS150_gS4_dall_dP1_fCap200_vCnt1_cD4_sT4_rcS5_rmCDTrue;1,5;4;4;1;150;4;all;1;5,0;2;342;342;558;8922;4166,5740000000005;Mi-8;28;;;;;;;;;;;;;;;;
Baghlan ai1.5_Mi-8_p28_hS150_gS4_dall_dP1_fCap200_vCnt1_cD4_sT4_rcS7_rmCDTrue;1,5;4;4;1;150;4;all;1;7,0;2;342;342;558;8922;4166,5740000000005;Mi-8;28;;;;;;;;;;;;;;;;
Baghlan ai1.5_Mi-8_p28_hS150_gS4_dall_dP1_fCap200_vCnt2_cD1_sT1_rcS0.1_rmCDTrue;1,5;1;1;2;150;4;all;1;0,1;2;276;276;432;8188;3823,796;Mi-8;28;;;;;;;;;;;;;;;;
Baghlan ai1.5_Mi-8_p28_hS150_gS4_dall_dP1_fCap200_vCnt2_cD1_sT1_rcS0.5_rmCDTrue;1,5;1;1;2;150;4;all;1;0,5;2;276;276;432;8188;3823,796;Mi-8;28;;;;;;;;;;;;;;;;
Baghlan ai1.5_Mi-8_p28_hS150_gS4_dall_dP1_fCap200_vCnt2_cD1_sT1_rcS10_rmCDTrue;1,5;1;1;2;150;4;all;1;10,0;2;276;276;432;8188;3823,796;Mi-8;28;;;;;;;;;;;;;;;;
Baghlan ai1.5_Mi-8_p28_hS150_gS4_dall_dP1_fCap200_vCnt2_cD1_sT1_rcS1_rmCDTrue;1,5;1;1;2;150;4;all;1;1,0;2;276;276;432;8188;3823,796;Mi-8;28;;;;;;;;;;;;;;;;
Baghlan ai1.5_Mi-8_p28_hS150_gS4_dall_dP1_fCap200_vCnt2_cD1_sT1_rcS3_rmCDTrue;1,5;1;1;2;150;4;all;1;3,0;2;276;276;432;8188;3823,796;Mi-8;28;;;;;;;;;;;;;;;;
Baghlan ai1.5_Mi-8_p28_hS150_gS4_dall_dP1_fCap200_vCnt2_cD1_sT1_rcS5_rmCDTrue;1,5;1;1;2;150;4;all;1;5,0;2;276;276;432;8188;3823,796;Mi-8;28;;;;;;;;;;;;;;;;
Baghlan ai1.5_Mi-8_p28_hS150_gS4_dall_dP1_fCap200_vCnt2_cD1_sT1_rcS7_rmCDTrue;1,5;1;1;2;150;4;all;1;7,0;2;276;276;432;8188;3823,796;Mi-8;28;;;;;;;;;;;;;;;;
Baghlan ai1.5_Mi-8_p28_hS150_gS4_dall_dP1_fCap200_vCnt2_cD2_sT1_rcS0.1_rmCDTrue;1,5;2;1;2;150;4;all;1;0,1;2;305;305;432;8188;3823,796;Mi-8;28;;;;;;;;;;;;;;;;
Baghlan ai1.5_Mi-8_p28_hS150_gS4_dall_dP1_fCap200_vCnt2_cD2_sT1_rcS0.5_rmCDTrue;1,5;2;1;2;150;4;all;1;0,5;2;305;305;432;8188;3823,796;Mi-8;28;;;;;;;;;;;;;;;;
Baghlan ai1.5_Mi-8_p28_hS150_gS4_dall_dP1_fCap200_vCnt2_cD2_sT1_rcS10_rmCDTrue;1,5;2;1;2;150;4;all;1;10,0;2;305;305;432;8188;3823,796;Mi-8;28;;;;;;;;;;;;;;;;
Baghlan ai1.5_Mi-8_p28_hS150_gS4_dall_dP1_fCap200_vCnt2_cD2_sT1_rcS1_rmCDTrue;1,5;2;1;2;150;4;all;1;1,0;2;305;305;432;8188;3823,796;Mi-8;28;;;;;;;;;;;;;;;;
Baghlan ai1.5_Mi-8_p28_hS150_gS4_dall_dP1_fCap200_vCnt2_cD2_sT1_rcS3_rmCDTrue;1,5;2;1;2;150;4;all;1;3,0;2;305;305;432;8188;3823,796;Mi-8;28;;;;;;;;;;;;;;;;
Baghlan ai1.5_Mi-8_p28_hS150_gS4_dall_dP1_fCap200_vCnt2_cD2_sT1_rcS5_rmCDTrue;1,5;2;1;2;150;4;all;1;5,0;2;305;305;432;8188;3823,796;Mi-8;28;;;;;;;;;;;;;;;;
Baghlan ai1.5_Mi-8_p28_hS150_gS4_dall_dP1_fCap200_vCnt2_cD2_sT1_rcS7_rmCDTrue;1,5;2;1;2;150;4;all;1;7,0;2;305;305;432;8188;3823,796;Mi-8;28;;;;;;;;;;;;;;;;
Baghlan ai1.5_Mi-8_p28_hS150_gS4_dall_dP1_fCap200_vCnt2_cD2_sT2_rcS0.1_rmCDTrue;1,5;2;2;2;150;4;all;1;0,1;2;308;308;532;8808;4113,336;Mi-8;28;;;;;;;;;;;;;;;;
Baghlan ai1.5_Mi-8_p28_hS150_gS4_dall_dP1_fCap200_vCnt2_cD2_sT2_rcS0.5_rmCDTrue;1,5;2;2;2;150;4;all;1;0,5;2;308;308;532;8808;4113,336;Mi-8;28;;;;;;;;;;;;;;;;
Baghlan ai1.5_Mi-8_p28_hS150_gS4_dall_dP1_fCap200_vCnt2_cD2_sT2_rcS10_rmCDTrue;1,5;2;2;2;150;4;all;1;10,0;2;308;308;532;8808;4113,336;Mi-8;28;;;;;;;;;;;;;;;;
Baghlan ai1.5_Mi-8_p28_hS150_gS4_dall_dP1_fCap200_vCnt2_cD2_sT2_rcS1_rmCDTrue;1,5;2;2;2;150;4;all;1;1,0;2;308;308;532;8808;4113,336;Mi-8;28;;;;;;;;;;;;;;;;
Baghlan ai1.5_Mi-8_p28_hS150_gS4_dall_dP1_fCap200_vCnt2_cD2_sT2_rcS3_rmCDTrue;1,5;2;2;2;150;4;all;1;3,0;2;308;308;532;8808;4113,336;Mi-8;28;;;;;;;;;;;;;;;;
Baghlan ai1.5_Mi-8_p28_hS150_gS4_dall_dP1_fCap200_vCnt2_cD2_sT2_rcS5_rmCDTrue;1,5;2;2;2;150;4;all;1;5,0;2;308;308;532;8808;4113,336;Mi-8;28;;;;;;;;;;;;;;;;
Baghlan ai1.5_Mi-8_p28_hS150_gS4_dall_dP1_fCap200_vCnt2_cD2_sT2_rcS7_rmCDTrue;1,5;2;2;2;150;4;all;1;7,0;2;308;308;532;8808;4113,336;Mi-8;28;;;;;;;;;;;;;;;;
Baghlan ai1.5_Mi-8_p28_hS150_gS4_dall_dP1_fCap200_vCnt2_cD3_sT1_rcS0.1_rmCDTrue;1,5;3;1;2;150;4;all;1;0,1;2;323;323;432;8188;3823,796;Mi-8;28;;;;;;;;;;;;;;;;
Baghlan ai1.5_Mi-8_p28_hS150_gS4_dall_dP1_fCap200_vCnt2_cD3_sT1_rcS0.5_rmCDTrue;1,5;3;1;2;150;4;all;1;0,5;2;323;323;432;8188;3823,796;Mi-8;28;;;;;;;;;;;;;;;;
Baghlan ai1.5_Mi-8_p28_hS150_gS4_dall_dP1_fCap200_vCnt2_cD3_sT1_rcS10_rmCDTrue;1,5;3;1;2;150;4;all;1;10,0;2;323;323;432;8188;3823,796;Mi-8;28;;;;;;;;;;;;;;;;
Baghlan ai1.5_Mi-8_p28_hS150_gS4_dall_dP1_fCap200_vCnt2_cD3_sT1_rcS1_rmCDTrue;1,5;3;1;2;150;4;all;1;1,0;2;323;323;432;8188;3823,796;Mi-8;28;;;;;;;;;;;;;;;;
Baghlan ai1.5_Mi-8_p28_hS150_gS4_dall_dP1_fCap200_vCnt2_cD3_sT1_rcS3_rmCDTrue;1,5;3;1;2;150;4;all;1;3,0;2;323;323;432;8188;3823,796;Mi-8;28;;;;;;;;;;;;;;;;
Baghlan ai1.5_Mi-8_p28_hS150_gS4_dall_dP1_fCap200_vCnt2_cD3_sT1_rcS5_rmCDTrue;1,5;3;1;2;150;4;all;1;5,0;2;323;323;432;8188;3823,796;Mi-8;28;;;;;;;;;;;;;;;;
Baghlan ai1.5_Mi-8_p28_hS150_gS4_dall_dP1_fCap200_vCnt2_cD3_sT1_rcS7_rmCDTrue;1,5;3;1;2;150;4;all;1;7,0;2;323;323;432;8188;3823,796;Mi-8;28;;;;;;;;;;;;;;;;
Baghlan ai1.5_Mi-8_p28_hS150_gS4_dall_dP1_fCap200_vCnt2_cD3_sT2_rcS0.1_rmCDTrue;1,5;3;2;2;150;4;all;1;0,1;2;324;324;532;8808;4113,336;Mi-8;28;;;;;;;;;;;;;;;;
Baghlan ai1.5_Mi-8_p28_hS150_gS4_dall_dP1_fCap200_vCnt2_cD3_sT2_rcS0.5_rmCDTrue;1,5;3;2;2;150;4;all;1;0,5;2;324;324;532;8808;4113,336;Mi-8;28;;;;;;;;;;;;;;;;
Baghlan ai1.5_Mi-8_p28_hS150_gS4_dall_dP1_fCap200_vCnt2_cD3_sT2_rcS10_rmCDTrue;1,5;3;2;2;150;4;all;1;10,0;2;324;324;532;8808;4113,336;Mi-8;28;;;;;;;;;;;;;;;;
Baghlan ai1.5_Mi-8_p28_hS150_gS4_dall_dP1_fCap200_vCnt2_cD3_sT2_rcS1_rmCDTrue;1,5;3;2;2;150;4;all;1;1,0;2;324;324;532;8808;4113,336;Mi-8;28;;;;;;;;;;;;;;;;
Baghlan ai1.5_Mi-8_p28_hS150_gS4_dall_dP1_fCap200_vCnt2_cD3_sT2_rcS3_rmCDTrue;1,5;3;2;2;150;4;all;1;3,0;2;324;324;532;8808;4113,336;Mi-8;28;;;;;;;;;;;;;;;;
Baghlan ai1.5_Mi-8_p28_hS150_gS4_dall_dP1_fCap200_vCnt2_cD3_sT2_rcS5_rmCDTrue;1,5;3;2;2;150;4;all;1;5,0;2;324;324;532;8808;4113,336;Mi-8;28;;;;;;;;;;;;;;;;
Baghlan ai1.5_Mi-8_p28_hS150_gS4_dall_dP1_fCap200_vCnt2_cD3_sT2_rcS7_rmCDTrue;1,5;3;2;2;150;4;all;1;7,0;2;324;324;532;8808;4113,336;Mi-8;28;;;;;;;;;;;;;;;;
Baghlan ai1.5_Mi-8_p28_hS150_gS4_dall_dP1_fCap200_vCnt2_cD3_sT3_rcS0.1_rmCDTrue;1,5;3;3;2;150;4;all;1;0,1;2;324;324;554;8914;4162,838;Mi-8;28;;;;;;;;;;;;;;;;
Baghlan ai1.5_Mi-8_p28_hS150_gS4_dall_dP1_fCap200_vCnt2_cD3_sT3_rcS0.5_rmCDTrue;1,5;3;3;2;150;4;all;1;0,5;2;324;324;554;8914;4162,838;Mi-8;28;;;;;;;;;;;;;;;;
Baghlan ai1.5_Mi-8_p28_hS150_gS4_dall_dP1_fCap200_vCnt2_cD3_sT3_rcS10_rmCDTrue;1,5;3;3;2;150;4;all;1;10,0;2;324;324;554;8914;4162,838;Mi-8;28;;;;;;;;;;;;;;;;
Baghlan ai1.5_Mi-8_p28_hS150_gS4_dall_dP1_fCap200_vCnt2_cD3_sT3_rcS1_rmCDTrue;1,5;3;3;2;150;4;all;1;1,0;2;324;324;554;8914;4162,838;Mi-8;28;;;;;;;;;;;;;;;;
Baghlan ai1.5_Mi-8_p28_hS150_gS4_dall_dP1_fCap200_vCnt2_cD3_sT3_rcS3_rmCDTrue;1,5;3;3;2;150;4;all;1;3,0;2;324;324;554;8914;4162,838;Mi-8;28;;;;;;;;;;;;;;;;
Baghlan ai1.5_Mi-8_p28_hS150_gS4_dall_dP1_fCap200_vCnt2_cD3_sT3_rcS5_rmCDTrue;1,5;3;3;2;150;4;all;1;5,0;2;324;324;554;8914;4162,838;Mi-8;28;;;;;;;;;;;;;;;;
Baghlan ai1.5_Mi-8_p28_hS150_gS4_dall_dP1_fCap200_vCnt2_cD3_sT3_rcS7_rmCDTrue;1,5;3;3;2;150;4;all;1;7,0;2;324;324;554;8914;4162,838;Mi-8;28;;;;;;;;;;;;;;;;
Baghlan ai1.5_Mi-8_p28_hS150_gS4_dall_dP1_fCap200_vCnt2_cD4_sT1_rcS0.1_rmCDTrue;1,5;4;1;2;150;4;all;1;0,1;2;342;342;432;8188;3823,796;Mi-8;28;;;;;;;;;;;;;;;;
Baghlan ai1.5_Mi-8_p28_hS150_gS4_dall_dP1_fCap200_vCnt2_cD4_sT1_rcS0.5_rmCDTrue;1,5;4;1;2;150;4;all;1;0,5;2;342;342;432;8188;3823,796;Mi-8;28;;;;;;;;;;;;;;;;
Baghlan ai1.5_Mi-8_p28_hS150_gS4_dall_dP1_fCap200_vCnt2_cD4_sT1_rcS10_rmCDTrue;1,5;4;1;2;150;4;all;1;10,0;2;342;342;432;8188;3823,796;Mi-8;28;;;;;;;;;;;;;;;;
Baghlan ai1.5_Mi-8_p28_hS150_gS4_dall_dP1_fCap200_vCnt2_cD4_sT1_rcS1_rmCDTrue;1,5;4;1;2;150;4;all;1;1,0;2;342;342;432;8188;3823,796;Mi-8;28;;;;;;;;;;;;;;;;
Baghlan ai1.5_Mi-8_p28_hS150_gS4_dall_dP1_fCap200_vCnt2_cD4_sT1_rcS3_rmCDTrue;1,5;4;1;2;150;4;all;1;3,0;2;342;342;432;8188;3823,796;Mi-8;28;;;;;;;;;;;;;;;;
Baghlan ai1.5_Mi-8_p28_hS150_gS4_dall_dP1_fCap200_vCnt2_cD4_sT1_rcS5_rmCDTrue;1,5;4;1;2;150;4;all;1;5,0;2;342;342;432;8188;3823,796;Mi-8;28;;;;;;;;;;;;;;;;
Baghlan ai1.5_Mi-8_p28_hS150_gS4_dall_dP1_fCap200_vCnt2_cD4_sT1_rcS7_rmCDTrue;1,5;4;1;2;150;4;all;1;7,0;2;342;342;432;8188;3823,796;Mi-8;28;;;;;;;;;;;;;;;;
Baghlan ai1.5_Mi-8_p28_hS150_gS4_dall_dP1_fCap200_vCnt2_cD4_sT2_rcS0.1_rmCDTrue;1,5;4;2;2;150;4;all;1;0,1;2;342;342;532;8808;4113,336;Mi-8;28;;;;;;;;;;;;;;;;
Baghlan ai1.5_Mi-8_p28_hS150_gS4_dall_dP1_fCap200_vCnt2_cD4_sT2_rcS0.5_rmCDTrue;1,5;4;2;2;150;4;all;1;0,5;2;342;342;532;8808;4113,336;Mi-8;28;;;;;;;;;;;;;;;;
Baghlan ai1.5_Mi-8_p28_hS150_gS4_dall_dP1_fCap200_vCnt2_cD4_sT2_rcS10_rmCDTrue;1,5;4;2;2;150;4;all;1;10,0;2;342;342;532;8808;4113,336;Mi-8;28;;;;;;;;;;;;;;;;
Baghlan ai1.5_Mi-8_p28_hS150_gS4_dall_dP1_fCap200_vCnt2_cD4_sT2_rcS1_rmCDTrue;1,5;4;2;2;150;4;all;1;1,0;2;342;342;532;8808;4113,336;Mi-8;28;;;;;;;;;;;;;;;;
Baghlan ai1.5_Mi-8_p28_hS150_gS4_dall_dP1_fCap200_vCnt2_cD4_sT2_rcS3_rmCDTrue;1,5;4;2;2;150;4;all;1;3,0;2;342;342;532;8808;4113,336;Mi-8;28;;;;;;;;;;;;;;;;
Baghlan ai1.5_Mi-8_p28_hS150_gS4_dall_dP1_fCap200_vCnt2_cD4_sT2_rcS5_rmCDTrue;1,5;4;2;2;150;4;all;1;5,0;2;342;342;532;8808;4113,336;Mi-8;28;;;;;;;;;;;;;;;;
Baghlan ai1.5_Mi-8_p28_hS150_gS4_dall_dP1_fCap200_vCnt2_cD4_sT2_rcS7_rmCDTrue;1,5;4;2;2;150;4;all;1;7,0;2;342;342;532;8808;4113,336;Mi-8;28;;;;;;;;;;;;;;;;
Baghlan ai1.5_Mi-8_p28_hS150_gS4_dall_dP1_fCap200_vCnt2_cD4_sT3_rcS0.1_rmCDTrue;1,5;4;3;2;150;4;all;1;0,1;2;342;342;554;8914;4162,838;Mi-8;28;;;;;;;;;;;;;;;;
Baghlan ai1.5_Mi-8_p28_hS150_gS4_dall_dP1_fCap200_vCnt2_cD4_sT3_rcS0.5_rmCDTrue;1,5;4;3;2;150;4;all;1;0,5;2;342;342;554;8914;4162,838;Mi-8;28;;;;;;;;;;;;;;;;
Baghlan ai1.5_Mi-8_p28_hS150_gS4_dall_dP1_fCap200_vCnt2_cD4_sT3_rcS10_rmCDTrue;1,5;4;3;2;150;4;all;1;10,0;2;342;342;554;8914;4162,838;Mi-8;28;;;;;;;;;;;;;;;;
Baghlan ai1.5_Mi-8_p28_hS150_gS4_dall_dP1_fCap200_vCnt2_cD4_sT3_rcS1_rmCDTrue;1,5;4;3;2;150;4;all;1;1,0;2;342;342;554;8914;4162,838;Mi-8;28;;;;;;;;;;;;;;;;
Baghlan ai1.5_Mi-8_p28_hS150_gS4_dall_dP1_fCap200_vCnt2_cD4_sT3_rcS3_rmCDTrue;1,5;4;3;2;150;4;all;1;3,0;2;342;342;554;8914;4162,838;Mi-8;28;;;;;;;;;;;;;;;;
Baghlan ai1.5_Mi-8_p28_hS150_gS4_dall_dP1_fCap200_vCnt2_cD4_sT3_rcS5_rmCDTrue;1,5;4;3;2;150;4;all;1;5,0;2;342;342;554;8914;4162,838;Mi-8;28;;;;;;;;;;;;;;;;
Baghlan ai1.5_Mi-8_p28_hS150_gS4_dall_dP1_fCap200_vCnt2_cD4_sT3_rcS7_rmCDTrue;1,5;4;3;2;150;4;all;1;7,0;2;342;342;554;8914;4162,838;Mi-8;28;;;;;;;;;;;;;;;;
Baghlan ai1.5_Mi-8_p28_hS150_gS4_dall_dP1_fCap200_vCnt2_cD4_sT4_rcS0.1_rmCDTrue;1,5;4;4;2;150;4;all;1;0,1;2;342;342;558;8922;4166,5740000000005;Mi-8;28;;;;;;;;;;;;;;;;
Baghlan ai1.5_Mi-8_p28_hS150_gS4_dall_dP1_fCap200_vCnt2_cD4_sT4_rcS0.5_rmCDTrue;1,5;4;4;2;150;4;all;1;0,5;2;342;342;558;8922;4166,5740000000005;Mi-8;28;;;;;;;;;;;;;;;;
Baghlan ai1.5_Mi-8_p28_hS150_gS4_dall_dP1_fCap200_vCnt2_cD4_sT4_rcS10_rmCDTrue;1,5;4;4;2;150;4;all;1;10,0;2;342;342;558;8922;4166,5740000000005;Mi-8;28;;;;;;;;;;;;;;;;
Baghlan ai1.5_Mi-8_p28_hS150_gS4_dall_dP1_fCap200_vCnt2_cD4_sT4_rcS1_rmCDTrue;1,5;4;4;2;150;4;all;1;1,0;2;342;342;558;8922;4166,5740000000005;Mi-8;28;;;;;;;;;;;;;;;;
Baghlan ai1.5_Mi-8_p28_hS150_gS4_dall_dP1_fCap200_vCnt2_cD4_sT4_rcS3_rmCDTrue;1,5;4;4;2;150;4;all;1;3,0;2;342;342;558;8922;4166,5740000000005;Mi-8;28;;;;;;;;;;;;;;;;
Baghlan ai1.5_Mi-8_p28_hS150_gS4_dall_dP1_fCap200_vCnt2_cD4_sT4_rcS5_rmCDTrue;1,5;4;4;2;150;4;all;1;5,0;2;342;342;558;8922;4166,5740000000005;Mi-8;28;;;;;;;;;;;;;;;;
Baghlan ai1.5_Mi-8_p28_hS150_gS4_dall_dP1_fCap200_vCnt2_cD4_sT4_rcS7_rmCDTrue;1,5;4;4;2;150;4;all;1;7,0;2;342;342;558;8922;4166,5740000000005;Mi-8;28;;;;;;;;;;;;;;;;
Baghlan ai1.5_Mi-8_p28_hS150_gS4_dall_dP1_fCap200_vCnt3_cD1_sT1_rcS0.1_rmCDTrue;1,5;1;1;3;150;4;all;1;0,1;2;276;276;432;8188;3823,796;Mi-8;28;;;;;;;;;;;;;;;;
Baghlan ai1.5_Mi-8_p28_hS150_gS4_dall_dP1_fCap200_vCnt3_cD1_sT1_rcS0.5_rmCDTrue;1,5;1;1;3;150;4;all;1;0,5;2;276;276;432;8188;3823,796;Mi-8;28;;;;;;;;;;;;;;;;
Baghlan ai1.5_Mi-8_p28_hS150_gS4_dall_dP1_fCap200_vCnt3_cD1_sT1_rcS10_rmCDTrue;1,5;1;1;3;150;4;all;1;10,0;2;276;276;432;8188;3823,796;Mi-8;28;;;;;;;;;;;;;;;;
Baghlan ai1.5_Mi-8_p28_hS150_gS4_dall_dP1_fCap200_vCnt3_cD1_sT1_rcS1_rmCDTrue;1,5;1;1;3;150;4;all;1;1,0;2;276;276;432;8188;3823,796;Mi-8;28;;;;;;;;;;;;;;;;
Baghlan ai1.5_Mi-8_p28_hS150_gS4_dall_dP1_fCap200_vCnt3_cD1_sT1_rcS3_rmCDTrue;1,5;1;1;3;150;4;all;1;3,0;2;276;276;432;8188;3823,796;Mi-8;28;;;;;;;;;;;;;;;;
Baghlan ai1.5_Mi-8_p28_hS150_gS4_dall_dP1_fCap200_vCnt3_cD1_sT1_rcS5_rmCDTrue;1,5;1;1;3;150;4;all;1;5,0;2;276;276;432;8188;3823,796;Mi-8;28;;;;;;;;;;;;;;;;
Baghlan ai1.5_Mi-8_p28_hS150_gS4_dall_dP1_fCap200_vCnt3_cD1_sT1_rcS7_rmCDTrue;1,5;1;1;3;150;4;all;1;7,0;2;276;276;432;8188;3823,796;Mi-8;28;;;;;;;;;;;;;;;;
Baghlan ai1.5_Mi-8_p28_hS150_gS4_dall_dP1_fCap200_vCnt3_cD2_sT1_rcS0.1_rmCDTrue;1,5;2;1;3;150;4;all;1;0,1;2;305;305;432;8188;3823,796;Mi-8;28;;;;;;;;;;;;;;;;
Baghlan ai1.5_Mi-8_p28_hS150_gS4_dall_dP1_fCap200_vCnt3_cD2_sT1_rcS0.5_rmCDTrue;1,5;2;1;3;150;4;all;1;0,5;2;305;305;432;8188;3823,796;Mi-8;28;;;;;;;;;;;;;;;;
Baghlan ai1.5_Mi-8_p28_hS150_gS4_dall_dP1_fCap200_vCnt3_cD2_sT1_rcS10_rmCDTrue;1,5;2;1;3;150;4;all;1;10,0;2;305;305;432;8188;3823,796;Mi-8;28;;;;;;;;;;;;;;;;
Baghlan ai1.5_Mi-8_p28_hS150_gS4_dall_dP1_fCap200_vCnt3_cD2_sT1_rcS1_rmCDTrue;1,5;2;1;3;150;4;all;1;1,0;2;305;305;432;8188;3823,796;Mi-8;28;;;;;;;;;;;;;;;;
Baghlan ai1.5_Mi-8_p28_hS150_gS4_dall_dP1_fCap200_vCnt3_cD2_sT1_rcS3_rmCDTrue;1,5;2;1;3;150;4;all;1;3,0;2;305;305;432;8188;3823,796;Mi-8;28;;;;;;;;;;;;;;;;
Baghlan ai1.5_Mi-8_p28_hS150_gS4_dall_dP1_fCap200_vCnt3_cD2_sT1_rcS5_rmCDTrue;1,5;2;1;3;150;4;all;1;5,0;2;305;305;432;8188;3823,796;Mi-8;28;;;;;;;;;;;;;;;;
Baghlan ai1.5_Mi-8_p28_hS150_gS4_dall_dP1_fCap200_vCnt3_cD2_sT1_rcS7_rmCDTrue;1,5;2;1;3;150;4;all;1;7,0;2;305;305;432;8188;3823,796;Mi-8;28;;;;;;;;;;;;;;;;
Baghlan ai1.5_Mi-8_p28_hS150_gS4_dall_dP1_fCap200_vCnt3_cD2_sT2_rcS0.1_rmCDTrue;1,5;2;2;3;150;4;all;1;0,1;2;308;308;532;8808;4113,336;Mi-8;28;;;;;;;;;;;;;;;;
Baghlan ai1.5_Mi-8_p28_hS150_gS4_dall_dP1_fCap200_vCnt3_cD2_sT2_rcS0.5_rmCDTrue;1,5;2;2;3;150;4;all;1;0,5;2;308;308;532;8808;4113,336;Mi-8;28;;;;;;;;;;;;;;;;
Baghlan ai1.5_Mi-8_p28_hS150_gS4_dall_dP1_fCap200_vCnt3_cD2_sT2_rcS10_rmCDTrue;1,5;2;2;3;150;4;all;1;10,0;2;308;308;532;8808;4113,336;Mi-8;28;;;;;;;;;;;;;;;;
Baghlan ai1.5_Mi-8_p28_hS150_gS4_dall_dP1_fCap200_vCnt3_cD2_sT2_rcS1_rmCDTrue;1,5;2;2;3;150;4;all;1;1,0;2;308;308;532;8808;4113,336;Mi-8;28;;;;;;;;;;;;;;;;
Baghlan ai1.5_Mi-8_p28_hS150_gS4_dall_dP1_fCap200_vCnt3_cD2_sT2_rcS3_rmCDTrue;1,5;2;2;3;150;4;all;1;3,0;2;308;308;532;8808;4113,336;Mi-8;28;;;;;;;;;;;;;;;;
Baghlan ai1.5_Mi-8_p28_hS150_gS4_dall_dP1_fCap200_vCnt3_cD2_sT2_rcS5_rmCDTrue;1,5;2;2;3;150;4;all;1;5,0;2;308;308;532;8808;4113,336;Mi-8;28;;;;;;;;;;;;;;;;
Baghlan ai1.5_Mi-8_p28_hS150_gS4_dall_dP1_fCap200_vCnt3_cD2_sT2_rcS7_rmCDTrue;1,5;2;2;3;150;4;all;1;7,0;2;308;308;532;8808;4113,336;Mi-8;28;;;;;;;;;;;;;;;;
Baghlan ai1.5_Mi-8_p28_hS150_gS4_dall_dP1_fCap200_vCnt3_cD3_sT1_rcS0.1_rmCDTrue;1,5;3;1;3;150;4;all;1;0,1;2;323;323;432;8188;3823,796;Mi-8;28;;;;;;;;;;;;;;;;
Baghlan ai1.5_Mi-8_p28_hS150_gS4_dall_dP1_fCap200_vCnt3_cD3_sT1_rcS0.5_rmCDTrue;1,5;3;1;3;150;4;all;1;0,5;2;323;323;432;8188;3823,796;Mi-8;28;;;;;;;;;;;;;;;;
Baghlan ai1.5_Mi-8_p28_hS150_gS4_dall_dP1_fCap200_vCnt3_cD3_sT1_rcS10_rmCDTrue;1,5;3;1;3;150;4;all;1;10,0;2;323;323;432;8188;3823,796;Mi-8;28;;;;;;;;;;;;;;;;
Baghlan ai1.5_Mi-8_p28_hS150_gS4_dall_dP1_fCap200_vCnt3_cD3_sT1_rcS1_rmCDTrue;1,5;3;1;3;150;4;all;1;1,0;2;323;323;432;8188;3823,796;Mi-8;28;;;;;;;;;;;;;;;;
Baghlan ai1.5_Mi-8_p28_hS150_gS4_dall_dP1_fCap200_vCnt3_cD3_sT1_rcS3_rmCDTrue;1,5;3;1;3;150;4;all;1;3,0;2;323;323;432;8188;3823,796;Mi-8;28;;;;;;;;;;;;;;;;
Baghlan ai1.5_Mi-8_p28_hS150_gS4_dall_dP1_fCap200_vCnt3_cD3_sT1_rcS5_rmCDTrue;1,5;3;1;3;150;4;all;1;5,0;2;323;323;432;8188;3823,796;Mi-8;28;;;;;;;;;;;;;;;;
Baghlan ai1.5_Mi-8_p28_hS150_gS4_dall_dP1_fCap200_vCnt3_cD3_sT1_rcS7_rmCDTrue;1,5;3;1;3;150;4;all;1;7,0;2;323;323;432;8188;3823,796;Mi-8;28;;;;;;;;;;;;;;;;
Baghlan ai1.5_Mi-8_p28_hS150_gS4_dall_dP1_fCap200_vCnt3_cD3_sT2_rcS0.1_rmCDTrue;1,5;3;2;3;150;4;all;1;0,1;2;324;324;532;8808;4113,336;Mi-8;28;;;;;;;;;;;;;;;;
Baghlan ai1.5_Mi-8_p28_hS150_gS4_dall_dP1_fCap200_vCnt3_cD3_sT2_rcS0.5_rmCDTrue;1,5;3;2;3;150;4;all;1;0,5;2;324;324;532;8808;4113,336;Mi-8;28;;;;;;;;;;;;;;;;
Baghlan ai1.5_Mi-8_p28_hS150_gS4_dall_dP1_fCap200_vCnt3_cD3_sT2_rcS10_rmCDTrue;1,5;3;2;3;150;4;all;1;10,0;2;324;324;532;8808;4113,336;Mi-8;28;;;;;;;;;;;;;;;;
Baghlan ai1.5_Mi-8_p28_hS150_gS4_dall_dP1_fCap200_vCnt3_cD3_sT2_rcS1_rmCDTrue;1,5;3;2;3;150;4;all;1;1,0;2;324;324;532;8808;4113,336;Mi-8;28;;;;;;;;;;;;;;;;
Baghlan ai1.5_Mi-8_p28_hS150_gS4_dall_dP1_fCap200_vCnt3_cD3_sT2_rcS3_rmCDTrue;1,5;3;2;3;150;4;all;1;3,0;2;324;324;532;8808;4113,336;Mi-8;28;;;;;;;;;;;;;;;;
Baghlan ai1.5_Mi-8_p28_hS150_gS4_dall_dP1_fCap200_vCnt3_cD3_sT2_rcS5_rmCDTrue;1,5;3;2;3;150;4;all;1;5,0;2;324;324;532;8808;4113,336;Mi-8;28;;;;;;;;;;;;;;;;
Baghlan ai1.5_Mi-8_p28_hS150_gS4_dall_dP1_fCap200_vCnt3_cD3_sT2_rcS7_rmCDTrue;1,5;3;2;3;150;4;all;1;7,0;2;324;324;532;8808;4113,336;Mi-8;28;;;;;;;;;;;;;;;;
Baghlan ai1.5_Mi-8_p28_hS150_gS4_dall_dP1_fCap200_vCnt3_cD3_sT3_rcS0.1_rmCDTrue;1,5;3;3;3;150;4;all;1;0,1;2;324;324;554;8914;4162,838;Mi-8;28;;;;;;;;;;;;;;;;
Baghlan ai1.5_Mi-8_p28_hS150_gS4_dall_dP1_fCap200_vCnt3_cD3_sT3_rcS0.5_rmCDTrue;1,5;3;3;3;150;4;all;1;0,5;2;324;324;554;8914;4162,838;Mi-8;28;;;;;;;;;;;;;;;;
Baghlan ai1.5_Mi-8_p28_hS150_gS4_dall_dP1_fCap200_vCnt3_cD3_sT3_rcS10_rmCDTrue;1,5;3;3;3;150;4;all;1;10,0;2;324;324;554;8914;4162,838;Mi-8;28;;;;;;;;;;;;;;;;
Baghlan ai1.5_Mi-8_p28_hS150_gS4_dall_dP1_fCap200_vCnt3_cD3_sT3_rcS1_rmCDTrue;1,5;3;3;3;150;4;all;1;1,0;2;324;324;554;8914;4162,838;Mi-8;28;;;;;;;;;;;;;;;;
Baghlan ai1.5_Mi-8_p28_hS150_gS4_dall_dP1_fCap200_vCnt3_cD3_sT3_rcS3_rmCDTrue;1,5;3;3;3;150;4;all;1;3,0;2;324;324;554;8914;4162,838;Mi-8;28;;;;;;;;;;;;;;;;
Baghlan ai1.5_Mi-8_p28_hS150_gS4_dall_dP1_fCap200_vCnt3_cD3_sT3_rcS5_rmCDTrue;1,5;3;3;3;150;4;all;1;5,0;2;324;324;554;8914;4162,838;Mi-8;28;;;;;;;;;;;;;;;;
Baghlan ai1.5_Mi-8_p28_hS150_gS4_dall_dP1_fCap200_vCnt3_cD3_sT3_rcS7_rmCDTrue;1,5;3;3;3;150;4;all;1;7,0;2;324;324;554;8914;4162,838;Mi-8;28;;;;;;;;;;;;;;;;
Baghlan ai1.5_Mi-8_p28_hS150_gS4_dall_dP1_fCap200_vCnt3_cD4_sT1_rcS0.1_rmCDTrue;1,5;4;1;3;150;4;all;1;0,1;2;342;342;432;8188;3823,796;Mi-8;28;;;;;;;;;;;;;;;;
Baghlan ai1.5_Mi-8_p28_hS150_gS4_dall_dP1_fCap200_vCnt3_cD4_sT1_rcS0.5_rmCDTrue;1,5;4;1;3;150;4;all;1;0,5;2;342;342;432;8188;3823,796;Mi-8;28;;;;;;;;;;;;;;;;
Baghlan ai1.5_Mi-8_p28_hS150_gS4_dall_dP1_fCap200_vCnt3_cD4_sT1_rcS10_rmCDTrue;1,5;4;1;3;150;4;all;1;10,0;2;342;342;432;8188;3823,796;Mi-8;28;;;;;;;;;;;;;;;;
Baghlan ai1.5_Mi-8_p28_hS150_gS4_dall_dP1_fCap200_vCnt3_cD4_sT1_rcS1_rmCDTrue;1,5;4;1;3;150;4;all;1;1,0;2;342;342;432;8188;3823,796;Mi-8;28;;;;;;;;;;;;;;;;
Baghlan ai1.5_Mi-8_p28_hS150_gS4_dall_dP1_fCap200_vCnt3_cD4_sT1_rcS3_rmCDTrue;1,5;4;1;3;150;4;all;1;3,0;2;342;342;432;8188;3823,796;Mi-8;28;;;;;;;;;;;;;;;;
Baghlan ai1.5_Mi-8_p28_hS150_gS4_dall_dP1_fCap200_vCnt3_cD4_sT1_rcS5_rmCDTrue;1,5;4;1;3;150;4;all;1;5,0;2;342;342;432;8188;3823,796;Mi-8;28;;;;;;;;;;;;;;;;
Baghlan ai1.5_Mi-8_p28_hS150_gS4_dall_dP1_fCap200_vCnt3_cD4_sT1_rcS7_rmCDTrue;1,5;4;1;3;150;4;all;1;7,0;2;342;342;432;8188;3823,796;Mi-8;28;;;;;;;;;;;;;;;;
Baghlan ai1.5_Mi-8_p28_hS150_gS4_dall_dP1_fCap200_vCnt3_cD4_sT2_rcS0.1_rmCDTrue;1,5;4;2;3;150;4;all;1;0,1;2;342;342;532;8808;4113,336;Mi-8;28;;;;;;;;;;;;;;;;
Baghlan ai1.5_Mi-8_p28_hS150_gS4_dall_dP1_fCap200_vCnt3_cD4_sT2_rcS0.5_rmCDTrue;1,5;4;2;3;150;4;all;1;0,5;2;342;342;532;8808;4113,336;Mi-8;28;;;;;;;;;;;;;;;;
Baghlan ai1.5_Mi-8_p28_hS150_gS4_dall_dP1_fCap200_vCnt3_cD4_sT2_rcS10_rmCDTrue;1,5;4;2;3;150;4;all;1;10,0;2;342;342;532;8808;4113,336;Mi-8;28;;;;;;;;;;;;;;;;
Baghlan ai1.5_Mi-8_p28_hS150_gS4_dall_dP1_fCap200_vCnt3_cD4_sT2_rcS1_rmCDTrue;1,5;4;2;3;150;4;all;1;1,0;2;342;342;532;8808;4113,336;Mi-8;28;;;;;;;;;;;;;;;;
Baghlan ai1.5_Mi-8_p28_hS150_gS4_dall_dP1_fCap200_vCnt3_cD4_sT2_rcS3_rmCDTrue;1,5;4;2;3;150;4;all;1;3,0;2;342;342;532;8808;4113,336;Mi-8;28;;;;;;;;;;;;;;;;
Baghlan ai1.5_Mi-8_p28_hS150_gS4_dall_dP1_fCap200_vCnt3_cD4_sT2_rcS5_rmCDTrue;1,5;4;2;3;150;4;all;1;5,0;2;342;342;532;8808;4113,336;Mi-8;28;;;;;;;;;;;;;;;;
Baghlan ai1.5_Mi-8_p28_hS150_gS4_dall_dP1_fCap200_vCnt3_cD4_sT2_rcS7_rmCDTrue;1,5;4;2;3;150;4;all;1;7,0;2;342;342;532;8808;4113,336;Mi-8;28;;;;;;;;;;;;;;;;
Baghlan ai1.5_Mi-8_p28_hS150_gS4_dall_dP1_fCap200_vCnt3_cD4_sT3_rcS0.1_rmCDTrue;1,5;4;3;3;150;4;all;1;0,1;2;342;342;554;8914;4162,838;Mi-8;28;;;;;;;;;;;;;;;;
Baghlan ai1.5_Mi-8_p28_hS150_gS4_dall_dP1_fCap200_vCnt3_cD4_sT3_rcS0.5_rmCDTrue;1,5;4;3;3;150;4;all;1;0,5;2;342;342;554;8914;4162,838;Mi-8;28;;;;;;;;;;;;;;;;
Baghlan ai1.5_Mi-8_p28_hS150_gS4_dall_dP1_fCap200_vCnt3_cD4_sT3_rcS10_rmCDTrue;1,5;4;3;3;150;4;all;1;10,0;2;342;342;554;8914;4162,838;Mi-8;28;;;;;;;;;;;;;;;;
Baghlan ai1.5_Mi-8_p28_hS150_gS4_dall_dP1_fCap200_vCnt3_cD4_sT3_rcS1_rmCDTrue;1,5;4;3;3;150;4;all;1;1,0;2;342;342;554;8914;4162,838;Mi-8;28;;;;;;;;;;;;;;;;
Baghlan ai1.5_Mi-8_p28_hS150_gS4_dall_dP1_fCap200_vCnt3_cD4_sT3_rcS3_rmCDTrue;1,5;4;3;3;150;4;all;1;3,0;2;342;342;554;8914;4162,838;Mi-8;28;;;;;;;;;;;;;;;;
Baghlan ai1.5_Mi-8_p28_hS150_gS4_dall_dP1_fCap200_vCnt3_cD4_sT3_rcS5_rmCDTrue;1,5;4;3;3;150;4;all;1;5,0;2;342;342;554;8914;4162,838;Mi-8;28;;;;;;;;;;;;;;;;
Baghlan ai1.5_Mi-8_p28_hS150_gS4_dall_dP1_fCap200_vCnt3_cD4_sT3_rcS7_rmCDTrue;1,5;4;3;3;150;4;all;1;7,0;2;342;342;554;8914;4162,838;Mi-8;28;;;;;;;;;;;;;;;;
Baghlan ai1.5_Mi-8_p28_hS150_gS4_dall_dP1_fCap200_vCnt3_cD4_sT4_rcS0.1_rmCDTrue;1,5;4;4;3;150;4;all;1;0,1;2;342;342;558;8922;4166,5740000000005;Mi-8;28;;;;;;;;;;;;;;;;
Baghlan ai1.5_Mi-8_p28_hS150_gS4_dall_dP1_fCap200_vCnt3_cD4_sT4_rcS0.5_rmCDTrue;1,5;4;4;3;150;4;all;1;0,5;2;342;342;558;8922;4166,5740000000005;Mi-8;28;;;;;;;;;;;;;;;;
Baghlan ai1.5_Mi-8_p28_hS150_gS4_dall_dP1_fCap200_vCnt3_cD4_sT4_rcS10_rmCDTrue;1,5;4;4;3;150;4;all;1;10,0;2;342;342;558;8922;4166,5740000000005;Mi-8;28;;;;;;;;;;;;;;;;
Baghlan ai1.5_Mi-8_p28_hS150_gS4_dall_dP1_fCap200_vCnt3_cD4_sT4_rcS1_rmCDTrue;1,5;4;4;3;150;4;all;1;1,0;2;342;342;558;8922;4166,5740000000005;Mi-8;28;;;;;;;;;;;;;;;;
Baghlan ai1.5_Mi-8_p28_hS150_gS4_dall_dP1_fCap200_vCnt3_cD4_sT4_rcS3_rmCDTrue;1,5;4;4;3;150;4;all;1;3,0;2;342;342;558;8922;4166,5740000000005;Mi-8;28;;;;;;;;;;;;;;;;
Baghlan ai1.5_Mi-8_p28_hS150_gS4_dall_dP1_fCap200_vCnt3_cD4_sT4_rcS5_rmCDTrue;1,5;4;4;3;150;4;all;1;5,0;2;342;342;558;8922;4166,5740000000005;Mi-8;28;;;;;;;;;;;;;;;;
Baghlan ai1.5_Mi-8_p28_hS150_gS4_dall_dP1_fCap200_vCnt3_cD4_sT4_rcS7_rmCDTrue;1,5;4;4;3;150;4;all;1;7,0;2;342;342;558;8922;4166,5740000000005;Mi-8;28;;;;;;;;;;;;;;;;
Baghlan ai1.5_Mi-8_p28_hS150_gS4_dall_dP1_fCap200_vCnt4_cD1_sT1_rcS0.1_rmCDTrue;1,5;1;1;4;150;4;all;1;0,1;2;276;276;432;8188;3823,796;Mi-8;28;;;;;;;;;;;;;;;;
Baghlan ai1.5_Mi-8_p28_hS150_gS4_dall_dP1_fCap200_vCnt4_cD1_sT1_rcS0.5_rmCDTrue;1,5;1;1;4;150;4;all;1;0,5;2;276;276;432;8188;3823,796;Mi-8;28;;;;;;;;;;;;;;;;
Baghlan ai1.5_Mi-8_p28_hS150_gS4_dall_dP1_fCap200_vCnt4_cD1_sT1_rcS10_rmCDTrue;1,5;1;1;4;150;4;all;1;10,0;2;276;276;432;8188;3823,796;Mi-8;28;;;;;;;;;;;;;;;;
Baghlan ai1.5_Mi-8_p28_hS150_gS4_dall_dP1_fCap200_vCnt4_cD1_sT1_rcS1_rmCDTrue;1,5;1;1;4;150;4;all;1;1,0;2;276;276;432;8188;3823,796;Mi-8;28;;;;;;;;;;;;;;;;
Baghlan ai1.5_Mi-8_p28_hS150_gS4_dall_dP1_fCap200_vCnt4_cD1_sT1_rcS3_rmCDTrue;1,5;1;1;4;150;4;all;1;3,0;2;276;276;432;8188;3823,796;Mi-8;28;;;;;;;;;;;;;;;;
Baghlan ai1.5_Mi-8_p28_hS150_gS4_dall_dP1_fCap200_vCnt4_cD1_sT1_rcS5_rmCDTrue;1,5;1;1;4;150;4;all;1;5,0;2;276;276;432;8188;3823,796;Mi-8;28;;;;;;;;;;;;;;;;
Baghlan ai1.5_Mi-8_p28_hS150_gS4_dall_dP1_fCap200_vCnt4_cD1_sT1_rcS7_rmCDTrue;1,5;1;1;4;150;4;all;1;7,0;2;276;276;432;8188;3823,796;Mi-8;28;;;;;;;;;;;;;;;;
Baghlan ai1.5_Mi-8_p28_hS150_gS4_dall_dP1_fCap200_vCnt4_cD2_sT1_rcS0.1_rmCDTrue;1,5;2;1;4;150;4;all;1;0,1;2;305;305;432;8188;3823,796;Mi-8;28;;;;;;;;;;;;;;;;
Baghlan ai1.5_Mi-8_p28_hS150_gS4_dall_dP1_fCap200_vCnt4_cD2_sT1_rcS0.5_rmCDTrue;1,5;2;1;4;150;4;all;1;0,5;2;305;305;432;8188;3823,796;Mi-8;28;;;;;;;;;;;;;;;;
Baghlan ai1.5_Mi-8_p28_hS150_gS4_dall_dP1_fCap200_vCnt4_cD2_sT1_rcS10_rmCDTrue;1,5;2;1;4;150;4;all;1;10,0;2;305;305;432;8188;3823,796;Mi-8;28;;;;;;;;;;;;;;;;
Baghlan ai1.5_Mi-8_p28_hS150_gS4_dall_dP1_fCap200_vCnt4_cD2_sT1_rcS1_rmCDTrue;1,5;2;1;4;150;4;all;1;1,0;2;305;305;432;8188;3823,796;Mi-8;28;;;;;;;;;;;;;;;;
Baghlan ai1.5_Mi-8_p28_hS150_gS4_dall_dP1_fCap200_vCnt4_cD2_sT1_rcS3_rmCDTrue;1,5;2;1;4;150;4;all;1;3,0;2;305;305;432;8188;3823,796;Mi-8;28;;;;;;;;;;;;;;;;
Baghlan ai1.5_Mi-8_p28_hS150_gS4_dall_dP1_fCap200_vCnt4_cD2_sT1_rcS5_rmCDTrue;1,5;2;1;4;150;4;all;1;5,0;2;305;305;432;8188;3823,796;Mi-8;28;;;;;;;;;;;;;;;;
Baghlan ai1.5_Mi-8_p28_hS150_gS4_dall_dP1_fCap200_vCnt4_cD2_sT1_rcS7_rmCDTrue;1,5;2;1;4;150;4;all;1;7,0;2;305;305;432;8188;3823,796;Mi-8;28;;;;;;;;;;;;;;;;
Baghlan ai1.5_Mi-8_p28_hS150_gS4_dall_dP1_fCap200_vCnt4_cD2_sT2_rcS0.1_rmCDTrue;1,5;2;2;4;150;4;all;1;0,1;2;308;308;532;8808;4113,336;Mi-8;28;;;;;;;;;;;;;;;;
Baghlan ai1.5_Mi-8_p28_hS150_gS4_dall_dP1_fCap200_vCnt4_cD2_sT2_rcS0.5_rmCDTrue;1,5;2;2;4;150;4;all;1;0,5;2;308;308;532;8808;4113,336;Mi-8;28;;;;;;;;;;;;;;;;
Baghlan ai1.5_Mi-8_p28_hS150_gS4_dall_dP1_fCap200_vCnt4_cD2_sT2_rcS10_rmCDTrue;1,5;2;2;4;150;4;all;1;10,0;2;308;308;532;8808;4113,336;Mi-8;28;;;;;;;;;;;;;;;;
Baghlan ai1.5_Mi-8_p28_hS150_gS4_dall_dP1_fCap200_vCnt4_cD2_sT2_rcS1_rmCDTrue;1,5;2;2;4;150;4;all;1;1,0;2;308;308;532;8808;4113,336;Mi-8;28;;;;;;;;;;;;;;;;
Baghlan ai1.5_Mi-8_p28_hS150_gS4_dall_dP1_fCap200_vCnt4_cD2_sT2_rcS3_rmCDTrue;1,5;2;2;4;150;4;all;1;3,0;2;308;308;532;8808;4113,336;Mi-8;28;;;;;;;;;;;;;;;;
Baghlan ai1.5_Mi-8_p28_hS150_gS4_dall_dP1_fCap200_vCnt4_cD2_sT2_rcS5_rmCDTrue;1,5;2;2;4;150;4;all;1;5,0;2;308;308;532;8808;4113,336;Mi-8;28;;;;;;;;;;;;;;;;
Baghlan ai1.5_Mi-8_p28_hS150_gS4_dall_dP1_fCap200_vCnt4_cD2_sT2_rcS7_rmCDTrue;1,5;2;2;4;150;4;all;1;7,0;2;308;308;532;8808;4113,336;Mi-8;28;;;;;;;;;;;;;;;;
Baghlan ai1.5_Mi-8_p28_hS150_gS4_dall_dP1_fCap200_vCnt4_cD3_sT1_rcS0.1_rmCDTrue;1,5;3;1;4;150;4;all;1;0,1;2;323;323;432;8188;3823,796;Mi-8;28;;;;;;;;;;;;;;;;
Baghlan ai1.5_Mi-8_p28_hS150_gS4_dall_dP1_fCap200_vCnt4_cD3_sT1_rcS0.5_rmCDTrue;1,5;3;1;4;150;4;all;1;0,5;2;323;323;432;8188;3823,796;Mi-8;28;;;;;;;;;;;;;;;;
Baghlan ai1.5_Mi-8_p28_hS150_gS4_dall_dP1_fCap200_vCnt4_cD3_sT1_rcS10_rmCDTrue;1,5;3;1;4;150;4;all;1;10,0;2;323;323;432;8188;3823,796;Mi-8;28;;;;;;;;;;;;;;;;
Baghlan ai1.5_Mi-8_p28_hS150_gS4_dall_dP1_fCap200_vCnt4_cD3_sT1_rcS1_rmCDTrue;1,5;3;1;4;150;4;all;1;1,0;2;323;323;432;8188;3823,796;Mi-8;28;;;;;;;;;;;;;;;;
Baghlan ai1.5_Mi-8_p28_hS150_gS4_dall_dP1_fCap200_vCnt4_cD3_sT1_rcS3_rmCDTrue;1,5;3;1;4;150;4;all;1;3,0;2;323;323;432;8188;3823,796;Mi-8;28;;;;;;;;;;;;;;;;
Baghlan ai1.5_Mi-8_p28_hS150_gS4_dall_dP1_fCap200_vCnt4_cD3_sT1_rcS5_rmCDTrue;1,5;3;1;4;150;4;all;1;5,0;2;323;323;432;8188;3823,796;Mi-8;28;;;;;;;;;;;;;;;;
Baghlan ai1.5_Mi-8_p28_hS150_gS4_dall_dP1_fCap200_vCnt4_cD3_sT1_rcS7_rmCDTrue;1,5;3;1;4;150;4;all;1;7,0;2;323;323;432;8188;3823,796;Mi-8;28;;;;;;;;;;;;;;;;
Baghlan ai1.5_Mi-8_p28_hS150_gS4_dall_dP1_fCap200_vCnt4_cD3_sT2_rcS0.1_rmCDTrue;1,5;3;2;4;150;4;all;1;0,1;2;324;324;532;8808;4113,336;Mi-8;28;;;;;;;;;;;;;;;;
Baghlan ai1.5_Mi-8_p28_hS150_gS4_dall_dP1_fCap200_vCnt4_cD3_sT2_rcS0.5_rmCDTrue;1,5;3;2;4;150;4;all;1;0,5;2;324;324;532;8808;4113,336;Mi-8;28;;;;;;;;;;;;;;;;
Baghlan ai1.5_Mi-8_p28_hS150_gS4_dall_dP1_fCap200_vCnt4_cD3_sT2_rcS10_rmCDTrue;1,5;3;2;4;150;4;all;1;10,0;2;324;324;532;8808;4113,336;Mi-8;28;;;;;;;;;;;;;;;;
Baghlan ai1.5_Mi-8_p28_hS150_gS4_dall_dP1_fCap200_vCnt4_cD3_sT2_rcS1_rmCDTrue;1,5;3;2;4;150;4;all;1;1,0;2;324;324;532;8808;4113,336;Mi-8;28;;;;;;;;;;;;;;;;
Baghlan ai1.5_Mi-8_p28_hS150_gS4_dall_dP1_fCap200_vCnt4_cD3_sT2_rcS3_rmCDTrue;1,5;3;2;4;150;4;all;1;3,0;2;324;324;532;8808;4113,336;Mi-8;28;;;;;;;;;;;;;;;;
Baghlan ai1.5_Mi-8_p28_hS150_gS4_dall_dP1_fCap200_vCnt4_cD3_sT2_rcS5_rmCDTrue;1,5;3;2;4;150;4;all;1;5,0;2;324;324;532;8808;4113,336;Mi-8;28;;;;;;;;;;;;;;;;
Baghlan ai1.5_Mi-8_p28_hS150_gS4_dall_dP1_fCap200_vCnt4_cD3_sT2_rcS7_rmCDTrue;1,5;3;2;4;150;4;all;1;7,0;2;324;324;532;8808;4113,336;Mi-8;28;;;;;;;;;;;;;;;;
Baghlan ai1.5_Mi-8_p28_hS150_gS4_dall_dP1_fCap200_vCnt4_cD3_sT3_rcS0.1_rmCDTrue;1,5;3;3;4;150;4;all;1;0,1;2;324;324;554;8914;4162,838;Mi-8;28;;;;;;;;;;;;;;;;
Baghlan ai1.5_Mi-8_p28_hS150_gS4_dall_dP1_fCap200_vCnt4_cD3_sT3_rcS0.5_rmCDTrue;1,5;3;3;4;150;4;all;1;0,5;2;324;324;554;8914;4162,838;Mi-8;28;;;;;;;;;;;;;;;;
Baghlan ai1.5_Mi-8_p28_hS150_gS4_dall_dP1_fCap200_vCnt4_cD3_sT3_rcS10_rmCDTrue;1,5;3;3;4;150;4;all;1;10,0;2;324;324;554;8914;4162,838;Mi-8;28;;;;;;;;;;;;;;;;
Baghlan ai1.5_Mi-8_p28_hS150_gS4_dall_dP1_fCap200_vCnt4_cD3_sT3_rcS1_rmCDTrue;1,5;3;3;4;150;4;all;1;1,0;2;324;324;554;8914;4162,838;Mi-8;28;;;;;;;;;;;;;;;;
Baghlan ai1.5_Mi-8_p28_hS150_gS4_dall_dP1_fCap200_vCnt4_cD3_sT3_rcS3_rmCDTrue;1,5;3;3;4;150;4;all;1;3,0;2;324;324;554;8914;4162,838;Mi-8;28;;;;;;;;;;;;;;;;
Baghlan ai1.5_Mi-8_p28_hS150_gS4_dall_dP1_fCap200_vCnt4_cD3_sT3_rcS5_rmCDTrue;1,5;3;3;4;150;4;all;1;5,0;2;324;324;554;8914;4162,838;Mi-8;28;;;;;;;;;;;;;;;;
Baghlan ai1.5_Mi-8_p28_hS150_gS4_dall_dP1_fCap200_vCnt4_cD3_sT3_rcS7_rmCDTrue;1,5;3;3;4;150;4;all;1;7,0;2;324;324;554;8914;4162,838;Mi-8;28;;;;;;;;;;;;;;;;
Baghlan ai1.5_Mi-8_p28_hS150_gS4_dall_dP1_fCap200_vCnt4_cD4_sT1_rcS0.1_rmCDTrue;1,5;4;1;4;150;4;all;1;0,1;2;342;342;432;8188;3823,796;Mi-8;28;;;;;;;;;;;;;;;;
Baghlan ai1.5_Mi-8_p28_hS150_gS4_dall_dP1_fCap200_vCnt4_cD4_sT1_rcS0.5_rmCDTrue;1,5;4;1;4;150;4;all;1;0,5;2;342;342;432;8188;3823,796;Mi-8;28;;;;;;;;;;;;;;;;
Baghlan ai1.5_Mi-8_p28_hS150_gS4_dall_dP1_fCap200_vCnt4_cD4_sT1_rcS10_rmCDTrue;1,5;4;1;4;150;4;all;1;10,0;2;342;342;432;8188;3823,796;Mi-8;28;;;;;;;;;;;;;;;;
Baghlan ai1.5_Mi-8_p28_hS150_gS4_dall_dP1_fCap200_vCnt4_cD4_sT1_rcS1_rmCDTrue;1,5;4;1;4;150;4;all;1;1,0;2;342;342;432;8188;3823,796;Mi-8;28;;;;;;;;;;;;;;;;
Baghlan ai1.5_Mi-8_p28_hS150_gS4_dall_dP1_fCap200_vCnt4_cD4_sT1_rcS3_rmCDTrue;1,5;4;1;4;150;4;all;1;3,0;2;342;342;432;8188;3823,796;Mi-8;28;;;;;;;;;;;;;;;;
Baghlan ai1.5_Mi-8_p28_hS150_gS4_dall_dP1_fCap200_vCnt4_cD4_sT1_rcS5_rmCDTrue;1,5;4;1;4;150;4;all;1;5,0;2;342;342;432;8188;3823,796;Mi-8;28;;;;;;;;;;;;;;;;
Baghlan ai1.5_Mi-8_p28_hS150_gS4_dall_dP1_fCap200_vCnt4_cD4_sT1_rcS7_rmCDTrue;1,5;4;1;4;150;4;all;1;7,0;2;342;342;432;8188;3823,796;Mi-8;28;;;;;;;;;;;;;;;;
Baghlan ai1.5_Mi-8_p28_hS150_gS4_dall_dP1_fCap200_vCnt4_cD4_sT2_rcS0.1_rmCDTrue;1,5;4;2;4;150;4;all;1;0,1;2;342;342;532;8808;4113,336;Mi-8;28;;;;;;;;;;;;;;;;
Baghlan ai1.5_Mi-8_p28_hS150_gS4_dall_dP1_fCap200_vCnt4_cD4_sT2_rcS0.5_rmCDTrue;1,5;4;2;4;150;4;all;1;0,5;2;342;342;532;8808;4113,336;Mi-8;28;;;;;;;;;;;;;;;;
Baghlan ai1.5_Mi-8_p28_hS150_gS4_dall_dP1_fCap200_vCnt4_cD4_sT2_rcS10_rmCDTrue;1,5;4;2;4;150;4;all;1;10,0;2;342;342;532;8808;4113,336;Mi-8;28;;;;;;;;;;;;;;;;
Baghlan ai1.5_Mi-8_p28_hS150_gS4_dall_dP1_fCap200_vCnt4_cD4_sT2_rcS1_rmCDTrue;1,5;4;2;4;150;4;all;1;1,0;2;342;342;532;8808;4113,336;Mi-8;28;;;;;;;;;;;;;;;;
Baghlan ai1.5_Mi-8_p28_hS150_gS4_dall_dP1_fCap200_vCnt4_cD4_sT2_rcS3_rmCDTrue;1,5;4;2;4;150;4;all;1;3,0;2;342;342;532;8808;4113,336;Mi-8;28;;;;;;;;;;;;;;;;
Baghlan ai1.5_Mi-8_p28_hS150_gS4_dall_dP1_fCap200_vCnt4_cD4_sT2_rcS5_rmCDTrue;1,5;4;2;4;150;4;all;1;5,0;2;342;342;532;8808;4113,336;Mi-8;28;;;;;;;;;;;;;;;;
Baghlan ai1.5_Mi-8_p28_hS150_gS4_dall_dP1_fCap200_vCnt4_cD4_sT2_rcS7_rmCDTrue;1,5;4;2;4;150;4;all;1;7,0;2;342;342;532;8808;4113,336;Mi-8;28;;;;;;;;;;;;;;;;
Baghlan ai1.5_Mi-8_p28_hS150_gS4_dall_dP1_fCap200_vCnt4_cD4_sT3_rcS0.1_rmCDTrue;1,5;4;3;4;150;4;all;1;0,1;2;342;342;554;8914;4162,838;Mi-8;28;;;;;;;;;;;;;;;;
Baghlan ai1.5_Mi-8_p28_hS150_gS4_dall_dP1_fCap200_vCnt4_cD4_sT3_rcS0.5_rmCDTrue;1,5;4;3;4;150;4;all;1;0,5;2;342;342;554;8914;4162,838;Mi-8;28;;;;;;;;;;;;;;;;
Baghlan ai1.5_Mi-8_p28_hS150_gS4_dall_dP1_fCap200_vCnt4_cD4_sT3_rcS10_rmCDTrue;1,5;4;3;4;150;4;all;1;10,0;2;342;342;554;8914;4162,838;Mi-8;28;;;;;;;;;;;;;;;;
Baghlan ai1.5_Mi-8_p28_hS150_gS4_dall_dP1_fCap200_vCnt4_cD4_sT3_rcS1_rmCDTrue;1,5;4;3;4;150;4;all;1;1,0;2;342;342;554;8914;4162,838;Mi-8;28;;;;;;;;;;;;;;;;
Baghlan ai1.5_Mi-8_p28_hS150_gS4_dall_dP1_fCap200_vCnt4_cD4_sT3_rcS3_rmCDTrue;1,5;4;3;4;150;4;all;1;3,0;2;342;342;554;8914;4162,838;Mi-8;28;;;;;;;;;;;;;;;;
Baghlan ai1.5_Mi-8_p28_hS150_gS4_dall_dP1_fCap200_vCnt4_cD4_sT3_rcS5_rmCDTrue;1,5;4;3;4;150;4;all;1;5,0;2;342;342;554;8914;4162,838;Mi-8;28;;;;;;;;;;;;;;;;
Baghlan ai1.5_Mi-8_p28_hS150_gS4_dall_dP1_fCap200_vCnt4_cD4_sT3_rcS7_rmCDTrue;1,5;4;3;4;150;4;all;1;7,0;2;342;342;554;8914;4162,838;Mi-8;28;;;;;;;;;;;;;;;;
Baghlan ai1.5_Mi-8_p28_hS150_gS4_dall_dP1_fCap200_vCnt4_cD4_sT4_rcS0.1_rmCDTrue;1,5;4;4;4;150;4;all;1;0,1;2;342;342;558;8922;4166,5740000000005;Mi-8;28;;;;;;;;;;;;;;;;
Baghlan ai1.5_Mi-8_p28_hS150_gS4_dall_dP1_fCap200_vCnt4_cD4_sT4_rcS0.5_rmCDTrue;1,5;4;4;4;150;4;all;1;0,5;2;342;342;558;8922;4166,5740000000005;Mi-8;28;;;;;;;;;;;;;;;;
Baghlan ai1.5_Mi-8_p28_hS150_gS4_dall_dP1_fCap200_vCnt4_cD4_sT4_rcS10_rmCDTrue;1,5;4;4;4;150;4;all;1;10,0;2;342;342;558;8922;4166,5740000000005;Mi-8;28;;;;;;;;;;;;;;;;
Baghlan ai1.5_Mi-8_p28_hS150_gS4_dall_dP1_fCap200_vCnt4_cD4_sT4_rcS1_rmCDTrue;1,5;4;4;4;150;4;all;1;1,0;2;342;342;558;8922;4166,5740000000005;Mi-8;28;;;;;;;;;;;;;;;;
Baghlan ai1.5_Mi-8_p28_hS150_gS4_dall_dP1_fCap200_vCnt4_cD4_sT4_rcS3_rmCDTrue;1,5;4;4;4;150;4;all;1;3,0;2;342;342;558;8922;4166,5740000000005;Mi-8;28;;;;;;;;;;;;;;;;
Baghlan ai1.5_Mi-8_p28_hS150_gS4_dall_dP1_fCap200_vCnt4_cD4_sT4_rcS5_rmCDTrue;1,5;4;4;4;150;4;all;1;5,0;2;342;342;558;8922;4166,5740000000005;Mi-8;28;;;;;;;;;;;;;;;;
Baghlan ai1.5_Mi-8_p28_hS150_gS4_dall_dP1_fCap200_vCnt4_cD4_sT4_rcS7_rmCDTrue;1,5;4;4;4;150;4;all;1;7,0;2;342;342;558;8922;4166,5740000000005;Mi-8;28;;;;;;;;;;;;;;;;
Baghlan ai1_Mi-8_p28_hS150_gS4_dall_dP1_fCap200_vCnt1_cD1_sT1_rcS0.1_rmCDTrue;1,0;1;1;1;150;4;all;1;0,1;2;276;276;432;5369;2507,323;Mi-8;28;;;;;;;;;;;;;;;;
Baghlan ai1_Mi-8_p28_hS150_gS4_dall_dP1_fCap200_vCnt1_cD1_sT1_rcS0.5_rmCDTrue;1,0;1;1;1;150;4;all;1;0,5;2;276;276;432;5369;2507,323;Mi-8;28;;;;;;;;;;;;;;;;
Baghlan ai1_Mi-8_p28_hS150_gS4_dall_dP1_fCap200_vCnt1_cD1_sT1_rcS10_rmCDTrue;1,0;1;1;1;150;4;all;1;10,0;2;276;276;432;5369;2507,323;Mi-8;28;;;;;;;;;;;;;;;;
Baghlan ai1_Mi-8_p28_hS150_gS4_dall_dP1_fCap200_vCnt1_cD1_sT1_rcS1_rmCDTrue;1,0;1;1;1;150;4;all;1;1,0;2;276;276;432;5369;2507,323;Mi-8;28;;;;;;;;;;;;;;;;
Baghlan ai1_Mi-8_p28_hS150_gS4_dall_dP1_fCap200_vCnt1_cD1_sT1_rcS3_rmCDTrue;1,0;1;1;1;150;4;all;1;3,0;2;276;276;432;5369;2507,323;Mi-8;28;;;;;;;;;;;;;;;;
Baghlan ai1_Mi-8_p28_hS150_gS4_dall_dP1_fCap200_vCnt1_cD1_sT1_rcS5_rmCDTrue;1,0;1;1;1;150;4;all;1;5,0;2;276;276;432;5369;2507,323;Mi-8;28;;;;;;;;;;;;;;;;
Baghlan ai1_Mi-8_p28_hS150_gS4_dall_dP1_fCap200_vCnt1_cD1_sT1_rcS7_rmCDTrue;1,0;1;1;1;150;4;all;1;7,0;2;276;276;432;5369;2507,323;Mi-8;28;;;;;;;;;;;;;;;;
Baghlan ai1_Mi-8_p28_hS150_gS4_dall_dP1_fCap200_vCnt1_cD2_sT1_rcS0.1_rmCDTrue;1,0;2;1;1;150;4;all;1;0,1;2;305;305;432;5369;2507,323;Mi-8;28;;;;;;;;;;;;;;;;
Baghlan ai1_Mi-8_p28_hS150_gS4_dall_dP1_fCap200_vCnt1_cD2_sT1_rcS0.5_rmCDTrue;1,0;2;1;1;150;4;all;1;0,5;2;305;305;432;5369;2507,323;Mi-8;28;;;;;;;;;;;;;;;;
Baghlan ai1_Mi-8_p28_hS150_gS4_dall_dP1_fCap200_vCnt1_cD2_sT1_rcS10_rmCDTrue;1,0;2;1;1;150;4;all;1;10,0;2;305;305;432;5369;2507,323;Mi-8;28;;;;;;;;;;;;;;;;
Baghlan ai1_Mi-8_p28_hS150_gS4_dall_dP1_fCap200_vCnt1_cD2_sT1_rcS1_rmCDTrue;1,0;2;1;1;150;4;all;1;1,0;2;305;305;432;5369;2507,323;Mi-8;28;;;;;;;;;;;;;;;;
Baghlan ai1_Mi-8_p28_hS150_gS4_dall_dP1_fCap200_vCnt1_cD2_sT1_rcS3_rmCDTrue;1,0;2;1;1;150;4;all;1;3,0;2;305;305;432;5369;2507,323;Mi-8;28;;;;;;;;;;;;;;;;
Baghlan ai1_Mi-8_p28_hS150_gS4_dall_dP1_fCap200_vCnt1_cD2_sT1_rcS5_rmCDTrue;1,0;2;1;1;150;4;all;1;5,0;2;305;305;432;5369;2507,323;Mi-8;28;;;;;;;;;;;;;;;;
Baghlan ai1_Mi-8_p28_hS150_gS4_dall_dP1_fCap200_vCnt1_cD2_sT1_rcS7_rmCDTrue;1,0;2;1;1;150;4;all;1;7,0;2;305;305;432;5369;2507,323;Mi-8;28;;;;;;;;;;;;;;;;
Baghlan ai1_Mi-8_p28_hS150_gS4_dall_dP1_fCap200_vCnt1_cD2_sT2_rcS0.1_rmCDTrue;1,0;2;2;1;150;4;all;1;0,1;2;308;308;532;5762;2690,8540000000003;Mi-8;28;;;;;;;;;;;;;;;;
Baghlan ai1_Mi-8_p28_hS150_gS4_dall_dP1_fCap200_vCnt1_cD2_sT2_rcS0.5_rmCDTrue;1,0;2;2;1;150;4;all;1;0,5;2;308;308;532;5762;2690,8540000000003;Mi-8;28;;;;;;;;;;;;;;;;
Baghlan ai1_Mi-8_p28_hS150_gS4_dall_dP1_fCap200_vCnt1_cD2_sT2_rcS10_rmCDTrue;1,0;2;2;1;150;4;all;1;10,0;2;308;308;532;5762;2690,8540000000003;Mi-8;28;;;;;;;;;;;;;;;;
Baghlan ai1_Mi-8_p28_hS150_gS4_dall_dP1_fCap200_vCnt1_cD2_sT2_rcS1_rmCDTrue;1,0;2;2;1;150;4;all;1;1,0;2;308;308;532;5762;2690,8540000000003;Mi-8;28;;;;;;;;;;;;;;;;
Baghlan ai1_Mi-8_p28_hS150_gS4_dall_dP1_fCap200_vCnt1_cD2_sT2_rcS3_rmCDTrue;1,0;2;2;1;150;4;all;1;3,0;2;308;308;532;5762;2690,8540000000003;Mi-8;28;;;;;;;;;;;;;;;;
Baghlan ai1_Mi-8_p28_hS150_gS4_dall_dP1_fCap200_vCnt1_cD2_sT2_rcS5_rmCDTrue;1,0;2;2;1;150;4;all;1;5,0;2;308;308;532;5762;2690,8540000000003;Mi-8;28;;;;;;;;;;;;;;;;
Baghlan ai1_Mi-8_p28_hS150_gS4_dall_dP1_fCap200_vCnt1_cD2_sT2_rcS7_rmCDTrue;1,0;2;2;1;150;4;all;1;7,0;2;308;308;532;5762;2690,8540000000003;Mi-8;28;;;;;;;;;;;;;;;;
Baghlan ai1_Mi-8_p28_hS150_gS4_dall_dP1_fCap200_vCnt1_cD3_sT1_rcS0.1_rmCDTrue;1,0;3;1;1;150;4;all;1;0,1;2;323;323;432;5369;2507,323;Mi-8;28;;;;;;;;;;;;;;;;
Baghlan ai1_Mi-8_p28_hS150_gS4_dall_dP1_fCap200_vCnt1_cD3_sT1_rcS0.5_rmCDTrue;1,0;3;1;1;150;4;all;1;0,5;2;323;323;432;5369;2507,323;Mi-8;28;;;;;;;;;;;;;;;;
Baghlan ai1_Mi-8_p28_hS150_gS4_dall_dP1_fCap200_vCnt1_cD3_sT1_rcS10_rmCDTrue;1,0;3;1;1;150;4;all;1;10,0;2;323;323;432;5369;2507,323;Mi-8;28;;;;;;;;;;;;;;;;
Baghlan ai1_Mi-8_p28_hS150_gS4_dall_dP1_fCap200_vCnt1_cD3_sT1_rcS1_rmCDTrue;1,0;3;1;1;150;4;all;1;1,0;2;323;323;432;5369;2507,323;Mi-8;28;;;;;;;;;;;;;;;;
Baghlan ai1_Mi-8_p28_hS150_gS4_dall_dP1_fCap200_vCnt1_cD3_sT1_rcS3_rmCDTrue;1,0;3;1;1;150;4;all;1;3,0;2;323;323;432;5369;2507,323;Mi-8;28;;;;;;;;;;;;;;;;
Baghlan ai1_Mi-8_p28_hS150_gS4_dall_dP1_fCap200_vCnt1_cD3_sT1_rcS5_rmCDTrue;1,0;3;1;1;150;4;all;1;5,0;2;323;323;432;5369;2507,323;Mi-8;28;;;;;;;;;;;;;;;;
Baghlan ai1_Mi-8_p28_hS150_gS4_dall_dP1_fCap200_vCnt1_cD3_sT1_rcS7_rmCDTrue;1,0;3;1;1;150;4;all;1;7,0;2;323;323;432;5369;2507,323;Mi-8;28;;;;;;;;;;;;;;;;
Baghlan ai1_Mi-8_p28_hS150_gS4_dall_dP1_fCap200_vCnt1_cD3_sT2_rcS0.1_rmCDTrue;1,0;3;2;1;150;4;all;1;0,1;2;324;324;532;5762;2690,8540000000003;Mi-8;28;;;;;;;;;;;;;;;;
Baghlan ai1_Mi-8_p28_hS150_gS4_dall_dP1_fCap200_vCnt1_cD3_sT2_rcS0.5_rmCDTrue;1,0;3;2;1;150;4;all;1;0,5;2;324;324;532;5762;2690,8540000000003;Mi-8;28;;;;;;;;;;;;;;;;
Baghlan ai1_Mi-8_p28_hS150_gS4_dall_dP1_fCap200_vCnt1_cD3_sT2_rcS10_rmCDTrue;1,0;3;2;1;150;4;all;1;10,0;2;324;324;532;5762;2690,8540000000003;Mi-8;28;;;;;;;;;;;;;;;;
Baghlan ai1_Mi-8_p28_hS150_gS4_dall_dP1_fCap200_vCnt1_cD3_sT2_rcS1_rmCDTrue;1,0;3;2;1;150;4;all;1;1,0;2;324;324;532;5762;2690,8540000000003;Mi-8;28;;;;;;;;;;;;;;;;
Baghlan ai1_Mi-8_p28_hS150_gS4_dall_dP1_fCap200_vCnt1_cD3_sT2_rcS3_rmCDTrue;1,0;3;2;1;150;4;all;1;3,0;2;324;324;532;5762;2690,8540000000003;Mi-8;28;;;;;;;;;;;;;;;;
Baghlan ai1_Mi-8_p28_hS150_gS4_dall_dP1_fCap200_vCnt1_cD3_sT2_rcS5_rmCDTrue;1,0;3;2;1;150;4;all;1;5,0;2;324;324;532;5762;2690,8540000000003;Mi-8;28;;;;;;;;;;;;;;;;
Baghlan ai1_Mi-8_p28_hS150_gS4_dall_dP1_fCap200_vCnt1_cD3_sT2_rcS7_rmCDTrue;1,0;3;2;1;150;4;all;1;7,0;2;324;324;532;5762;2690,8540000000003;Mi-8;28;;;;;;;;;;;;;;;;
Baghlan ai1_Mi-8_p28_hS150_gS4_dall_dP1_fCap200_vCnt1_cD3_sT3_rcS0.1_rmCDTrue;1,0;3;3;1;150;4;all;1;0,1;2;324;324;554;5827;2721,209;Mi-8;28;;;;;;;;;;;;;;;;
Baghlan ai1_Mi-8_p28_hS150_gS4_dall_dP1_fCap200_vCnt1_cD3_sT3_rcS0.5_rmCDTrue;1,0;3;3;1;150;4;all;1;0,5;2;324;324;554;5827;2721,209;Mi-8;28;;;;;;;;;;;;;;;;
Baghlan ai1_Mi-8_p28_hS150_gS4_dall_dP1_fCap200_vCnt1_cD3_sT3_rcS10_rmCDTrue;1,0;3;3;1;150;4;all;1;10,0;2;324;324;554;5827;2721,209;Mi-8;28;;;;;;;;;;;;;;;;
Baghlan ai1_Mi-8_p28_hS150_gS4_dall_dP1_fCap200_vCnt1_cD3_sT3_rcS1_rmCDTrue;1,0;3;3;1;150;4;all;1;1,0;2;324;324;554;5827;2721,209;Mi-8;28;;;;;;;;;;;;;;;;
Baghlan ai1_Mi-8_p28_hS150_gS4_dall_dP1_fCap200_vCnt1_cD3_sT3_rcS3_rmCDTrue;1,0;3;3;1;150;4;all;1;3,0;2;324;324;554;5827;2721,209;Mi-8;28;;;;;;;;;;;;;;;;
Baghlan ai1_Mi-8_p28_hS150_gS4_dall_dP1_fCap200_vCnt1_cD3_sT3_rcS5_rmCDTrue;1,0;3;3;1;150;4;all;1;5,0;2;324;324;554;5827;2721,209;Mi-8;28;;;;;;;;;;;;;;;;
Baghlan ai1_Mi-8_p28_hS150_gS4_dall_dP1_fCap200_vCnt1_cD3_sT3_rcS7_rmCDTrue;1,0;3;3;1;150;4;all;1;7,0;2;324;324;554;5827;2721,209;Mi-8;28;;;;;;;;;;;;;;;;
Baghlan ai1_Mi-8_p28_hS150_gS4_dall_dP1_fCap200_vCnt1_cD4_sT1_rcS0.1_rmCDTrue;1,0;4;1;1;150;4;all;1;0,1;2;342;342;432;5369;2507,323;Mi-8;28;;;;;;;;;;;;;;;;
Baghlan ai1_Mi-8_p28_hS150_gS4_dall_dP1_fCap200_vCnt1_cD4_sT1_rcS0.5_rmCDTrue;1,0;4;1;1;150;4;all;1;0,5;2;342;342;432;5369;2507,323;Mi-8;28;;;;;;;;;;;;;;;;
Baghlan ai1_Mi-8_p28_hS150_gS4_dall_dP1_fCap200_vCnt1_cD4_sT1_rcS10_rmCDTrue;1,0;4;1;1;150;4;all;1;10,0;2;342;342;432;5369;2507,323;Mi-8;28;;;;;;;;;;;;;;;;
Baghlan ai1_Mi-8_p28_hS150_gS4_dall_dP1_fCap200_vCnt1_cD4_sT1_rcS1_rmCDTrue;1,0;4;1;1;150;4;all;1;1,0;2;342;342;432;5369;2507,323;Mi-8;28;;;;;;;;;;;;;;;;
Baghlan ai1_Mi-8_p28_hS150_gS4_dall_dP1_fCap200_vCnt1_cD4_sT1_rcS3_rmCDTrue;1,0;4;1;1;150;4;all;1;3,0;2;342;342;432;5369;2507,323;Mi-8;28;;;;;;;;;;;;;;;;
Baghlan ai1_Mi-8_p28_hS150_gS4_dall_dP1_fCap200_vCnt1_cD4_sT1_rcS5_rmCDTrue;1,0;4;1;1;150;4;all;1;5,0;2;342;342;432;5369;2507,323;Mi-8;28;;;;;;;;;;;;;;;;
Baghlan ai1_Mi-8_p28_hS150_gS4_dall_dP1_fCap200_vCnt1_cD4_sT1_rcS7_rmCDTrue;1,0;4;1;1;150;4;all;1;7,0;2;342;342;432;5369;2507,323;Mi-8;28;;;;;;;;;;;;;;;;
Baghlan ai1_Mi-8_p28_hS150_gS4_dall_dP1_fCap200_vCnt1_cD4_sT2_rcS0.1_rmCDTrue;1,0;4;2;1;150;4;all;1;0,1;2;342;342;532;5762;2690,8540000000003;Mi-8;28;;;;;;;;;;;;;;;;
Baghlan ai1_Mi-8_p28_hS150_gS4_dall_dP1_fCap200_vCnt1_cD4_sT2_rcS0.5_rmCDTrue;1,0;4;2;1;150;4;all;1;0,5;2;342;342;532;5762;2690,8540000000003;Mi-8;28;;;;;;;;;;;;;;;;
Baghlan ai1_Mi-8_p28_hS150_gS4_dall_dP1_fCap200_vCnt1_cD4_sT2_rcS10_rmCDTrue;1,0;4;2;1;150;4;all;1;10,0;2;342;342;532;5762;2690,8540000000003;Mi-8;28;;;;;;;;;;;;;;;;
Baghlan ai1_Mi-8_p28_hS150_gS4_dall_dP1_fCap200_vCnt1_cD4_sT2_rcS1_rmCDTrue;1,0;4;2;1;150;4;all;1;1,0;2;342;342;532;5762;2690,8540000000003;Mi-8;28;;;;;;;;;;;;;;;;
Baghlan ai1_Mi-8_p28_hS150_gS4_dall_dP1_fCap200_vCnt1_cD4_sT2_rcS3_rmCDTrue;1,0;4;2;1;150;4;all;1;3,0;2;342;342;532;5762;2690,8540000000003;Mi-8;28;;;;;;;;;;;;;;;;
Baghlan ai1_Mi-8_p28_hS150_gS4_dall_dP1_fCap200_vCnt1_cD4_sT2_rcS5_rmCDTrue;1,0;4;2;1;150;4;all;1;5,0;2;342;342;532;5762;2690,8540000000003;Mi-8;28;;;;;;;;;;;;;;;;
Baghlan ai1_Mi-8_p28_hS150_gS4_dall_dP1_fCap200_vCnt1_cD4_sT2_rcS7_rmCDTrue;1,0;4;2;1;150;4;all;1;7,0;2;342;342;532;5762;2690,8540000000003;Mi-8;28;;;;;;;;;;;;;;;;
Baghlan ai1_Mi-8_p28_hS150_gS4_dall_dP1_fCap200_vCnt1_cD4_sT3_rcS0.1_rmCDTrue;1,0;4;3;1;150;4;all;1;0,1;2;342;342;554;5827;2721,209;Mi-8;28;;;;;;;;;;;;;;;;
Baghlan ai1_Mi-8_p28_hS150_gS4_dall_dP1_fCap200_vCnt1_cD4_sT3_rcS0.5_rmCDTrue;1,0;4;3;1;150;4;all;1;0,5;2;342;342;554;5827;2721,209;Mi-8;28;;;;;;;;;;;;;;;;
Baghlan ai1_Mi-8_p28_hS150_gS4_dall_dP1_fCap200_vCnt1_cD4_sT3_rcS10_rmCDTrue;1,0;4;3;1;150;4;all;1;10,0;2;342;342;554;5827;2721,209;Mi-8;28;;;;;;;;;;;;;;;;
Baghlan ai1_Mi-8_p28_hS150_gS4_dall_dP1_fCap200_vCnt1_cD4_sT3_rcS1_rmCDTrue;1,0;4;3;1;150;4;all;1;1,0;2;342;342;554;5827;2721,209;Mi-8;28;;;;;;;;;;;;;;;;
Baghlan ai1_Mi-8_p28_hS150_gS4_dall_dP1_fCap200_vCnt1_cD4_sT3_rcS3_rmCDTrue;1,0;4;3;1;150;4;all;1;3,0;2;342;342;554;5827;2721,209;Mi-8;28;;;;;;;;;;;;;;;;
Baghlan ai1_Mi-8_p28_hS150_gS4_dall_dP1_fCap200_vCnt1_cD4_sT3_rcS5_rmCDTrue;1,0;4;3;1;150;4;all;1;5,0;2;342;342;554;5827;2721,209;Mi-8;28;;;;;;;;;;;;;;;;
Baghlan ai1_Mi-8_p28_hS150_gS4_dall_dP1_fCap200_vCnt1_cD4_sT3_rcS7_rmCDTrue;1,0;4;3;1;150;4;all;1;7,0;2;342;342;554;5827;2721,209;Mi-8;28;;;;;;;;;;;;;;;;
Baghlan ai1_Mi-8_p28_hS150_gS4_dall_dP1_fCap200_vCnt1_cD4_sT4_rcS0.1_rmCDTrue;1,0;4;4;1;150;4;all;1;0,1;2;342;342;558;5831;2723,077;Mi-8;28;;;;;;;;;;;;;;;;
Baghlan ai1_Mi-8_p28_hS150_gS4_dall_dP1_fCap200_vCnt1_cD4_sT4_rcS0.5_rmCDTrue;1,0;4;4;1;150;4;all;1;0,5;2;342;342;558;5831;2723,077;Mi-8;28;;;;;;;;;;;;;;;;
Baghlan ai1_Mi-8_p28_hS150_gS4_dall_dP1_fCap200_vCnt1_cD4_sT4_rcS10_rmCDTrue;1,0;4;4;1;150;4;all;1;10,0;2;342;342;558;5831;2723,077;Mi-8;28;;;;;;;;;;;;;;;;
Baghlan ai1_Mi-8_p28_hS150_gS4_dall_dP1_fCap200_vCnt1_cD4_sT4_rcS1_rmCDTrue;1,0;4;4;1;150;4;all;1;1,0;2;342;342;558;5831;2723,077;Mi-8;28;;;;;;;;;;;;;;;;
Baghlan ai1_Mi-8_p28_hS150_gS4_dall_dP1_fCap200_vCnt1_cD4_sT4_rcS3_rmCDTrue;1,0;4;4;1;150;4;all;1;3,0;2;342;342;558;5831;2723,077;Mi-8;28;;;;;;;;;;;;;;;;
Baghlan ai1_Mi-8_p28_hS150_gS4_dall_dP1_fCap200_vCnt1_cD4_sT4_rcS5_rmCDTrue;1,0;4;4;1;150;4;all;1;5,0;2;342;342;558;5831;2723,077;Mi-8;28;;;;;;;;;;;;;;;;
Baghlan ai1_Mi-8_p28_hS150_gS4_dall_dP1_fCap200_vCnt1_cD4_sT4_rcS7_rmCDTrue;1,0;4;4;1;150;4;all;1;7,0;2;342;342;558;5831;2723,077;Mi-8;28;;;;;;;;;;;;;;;;
Baghlan ai1_Mi-8_p28_hS150_gS4_dall_dP1_fCap200_vCnt2_cD1_sT1_rcS0.1_rmCDTrue;1,0;1;1;2;150;4;all;1;0,1;2;276;276;432;5369;2507,323;Mi-8;28;;;;;;;;;;;;;;;;
Baghlan ai1_Mi-8_p28_hS150_gS4_dall_dP1_fCap200_vCnt2_cD1_sT1_rcS0.5_rmCDTrue;1,0;1;1;2;150;4;all;1;0,5;2;276;276;432;5369;2507,323;Mi-8;28;;;;;;;;;;;;;;;;
Baghlan ai1_Mi-8_p28_hS150_gS4_dall_dP1_fCap200_vCnt2_cD1_sT1_rcS10_rmCDTrue;1,0;1;1;2;150;4;all;1;10,0;2;276;276;432;5369;2507,323;Mi-8;28;;;;;;;;;;;;;;;;
Baghlan ai1_Mi-8_p28_hS150_gS4_dall_dP1_fCap200_vCnt2_cD1_sT1_rcS1_rmCDTrue;1,0;1;1;2;150;4;all;1;1,0;2;276;276;432;5369;2507,323;Mi-8;28;;;;;;;;;;;;;;;;
Baghlan ai1_Mi-8_p28_hS150_gS4_dall_dP1_fCap200_vCnt2_cD1_sT1_rcS3_rmCDTrue;1,0;1;1;2;150;4;all;1;3,0;2;276;276;432;5369;2507,323;Mi-8;28;;;;;;;;;;;;;;;;
Baghlan ai1_Mi-8_p28_hS150_gS4_dall_dP1_fCap200_vCnt2_cD1_sT1_rcS5_rmCDTrue;1,0;1;1;2;150;4;all;1;5,0;2;276;276;432;5369;2507,323;Mi-8;28;;;;;;;;;;;;;;;;
Baghlan ai1_Mi-8_p28_hS150_gS4_dall_dP1_fCap200_vCnt2_cD1_sT1_rcS7_rmCDTrue;1,0;1;1;2;150;4;all;1;7,0;2;276;276;432;5369;2507,323;Mi-8;28;;;;;;;;;;;;;;;;
Baghlan ai1_Mi-8_p28_hS150_gS4_dall_dP1_fCap200_vCnt2_cD2_sT1_rcS0.1_rmCDTrue;1,0;2;1;2;150;4;all;1;0,1;2;305;305;432;5369;2507,323;Mi-8;28;;;;;;;;;;;;;;;;
Baghlan ai1_Mi-8_p28_hS150_gS4_dall_dP1_fCap200_vCnt2_cD2_sT1_rcS0.5_rmCDTrue;1,0;2;1;2;150;4;all;1;0,5;2;305;305;432;5369;2507,323;Mi-8;28;;;;;;;;;;;;;;;;
Baghlan ai1_Mi-8_p28_hS150_gS4_dall_dP1_fCap200_vCnt2_cD2_sT1_rcS10_rmCDTrue;1,0;2;1;2;150;4;all;1;10,0;2;305;305;432;5369;2507,323;Mi-8;28;;;;;;;;;;;;;;;;
Baghlan ai1_Mi-8_p28_hS150_gS4_dall_dP1_fCap200_vCnt2_cD2_sT1_rcS1_rmCDTrue;1,0;2;1;2;150;4;all;1;1,0;2;305;305;432;5369;2507,323;Mi-8;28;;;;;;;;;;;;;;;;
Baghlan ai1_Mi-8_p28_hS150_gS4_dall_dP1_fCap200_vCnt2_cD2_sT1_rcS3_rmCDTrue;1,0;2;1;2;150;4;all;1;3,0;2;305;305;432;5369;2507,323;Mi-8;28;;;;;;;;;;;;;;;;
Baghlan ai1_Mi-8_p28_hS150_gS4_dall_dP1_fCap200_vCnt2_cD2_sT1_rcS5_rmCDTrue;1,0;2;1;2;150;4;all;1;5,0;2;305;305;432;5369;2507,323;Mi-8;28;;;;;;;;;;;;;;;;
Baghlan ai1_Mi-8_p28_hS150_gS4_dall_dP1_fCap200_vCnt2_cD2_sT1_rcS7_rmCDTrue;1,0;2;1;2;150;4;all;1;7,0;2;305;305;432;5369;2507,323;Mi-8;28;;;;;;;;;;;;;;;;
Baghlan ai1_Mi-8_p28_hS150_gS4_dall_dP1_fCap200_vCnt2_cD2_sT2_rcS0.1_rmCDTrue;1,0;2;2;2;150;4;all;1;0,1;2;308;308;532;5762;2690,8540000000003;Mi-8;28;;;;;;;;;;;;;;;;
Baghlan ai1_Mi-8_p28_hS150_gS4_dall_dP1_fCap200_vCnt2_cD2_sT2_rcS0.5_rmCDTrue;1,0;2;2;2;150;4;all;1;0,5;2;308;308;532;5762;2690,8540000000003;Mi-8;28;;;;;;;;;;;;;;;;
Baghlan ai1_Mi-8_p28_hS150_gS4_dall_dP1_fCap200_vCnt2_cD2_sT2_rcS10_rmCDTrue;1,0;2;2;2;150;4;all;1;10,0;2;308;308;532;5762;2690,8540000000003;Mi-8;28;;;;;;;;;;;;;;;;
Baghlan ai1_Mi-8_p28_hS150_gS4_dall_dP1_fCap200_vCnt2_cD2_sT2_rcS1_rmCDTrue;1,0;2;2;2;150;4;all;1;1,0;2;308;308;532;5762;2690,8540000000003;Mi-8;28;;;;;;;;;;;;;;;;
Baghlan ai1_Mi-8_p28_hS150_gS4_dall_dP1_fCap200_vCnt2_cD2_sT2_rcS3_rmCDTrue;1,0;2;2;2;150;4;all;1;3,0;2;308;308;532;5762;2690,8540000000003;Mi-8;28;;;;;;;;;;;;;;;;
Baghlan ai1_Mi-8_p28_hS150_gS4_dall_dP1_fCap200_vCnt2_cD2_sT2_rcS5_rmCDTrue;1,0;2;2;2;150;4;all;1;5,0;2;308;308;532;5762;2690,8540000000003;Mi-8;28;;;;;;;;;;;;;;;;
Baghlan ai1_Mi-8_p28_hS150_gS4_dall_dP1_fCap200_vCnt2_cD2_sT2_rcS7_rmCDTrue;1,0;2;2;2;150;4;all;1;7,0;2;308;308;532;5762;2690,8540000000003;Mi-8;28;;;;;;;;;;;;;;;;
Baghlan ai1_Mi-8_p28_hS150_gS4_dall_dP1_fCap200_vCnt2_cD3_sT1_rcS0.1_rmCDTrue;1,0;3;1;2;150;4;all;1;0,1;2;323;323;432;5369;2507,323;Mi-8;28;;;;;;;;;;;;;;;;
Baghlan ai1_Mi-8_p28_hS150_gS4_dall_dP1_fCap200_vCnt2_cD3_sT1_rcS0.5_rmCDTrue;1,0;3;1;2;150;4;all;1;0,5;2;323;323;432;5369;2507,323;Mi-8;28;;;;;;;;;;;;;;;;
Baghlan ai1_Mi-8_p28_hS150_gS4_dall_dP1_fCap200_vCnt2_cD3_sT1_rcS10_rmCDTrue;1,0;3;1;2;150;4;all;1;10,0;2;323;323;432;5369;2507,323;Mi-8;28;;;;;;;;;;;;;;;;
Baghlan ai1_Mi-8_p28_hS150_gS4_dall_dP1_fCap200_vCnt2_cD3_sT1_rcS1_rmCDTrue;1,0;3;1;2;150;4;all;1;1,0;2;323;323;432;5369;2507,323;Mi-8;28;;;;;;;;;;;;;;;;
Baghlan ai1_Mi-8_p28_hS150_gS4_dall_dP1_fCap200_vCnt2_cD3_sT1_rcS3_rmCDTrue;1,0;3;1;2;150;4;all;1;3,0;2;323;323;432;5369;2507,323;Mi-8;28;;;;;;;;;;;;;;;;
Baghlan ai1_Mi-8_p28_hS150_gS4_dall_dP1_fCap200_vCnt2_cD3_sT1_rcS5_rmCDTrue;1,0;3;1;2;150;4;all;1;5,0;2;323;323;432;5369;2507,323;Mi-8;28;;;;;;;;;;;;;;;;
Baghlan ai1_Mi-8_p28_hS150_gS4_dall_dP1_fCap200_vCnt2_cD3_sT1_rcS7_rmCDTrue;1,0;3;1;2;150;4;all;1;7,0;2;323;323;432;5369;2507,323;Mi-8;28;;;;;;;;;;;;;;;;
Baghlan ai1_Mi-8_p28_hS150_gS4_dall_dP1_fCap200_vCnt2_cD3_sT2_rcS0.1_rmCDTrue;1,0;3;2;2;150;4;all;1;0,1;2;324;324;532;5762;2690,8540000000003;Mi-8;28;;;;;;;;;;;;;;;;
Baghlan ai1_Mi-8_p28_hS150_gS4_dall_dP1_fCap200_vCnt2_cD3_sT2_rcS0.5_rmCDTrue;1,0;3;2;2;150;4;all;1;0,5;2;324;324;532;5762;2690,8540000000003;Mi-8;28;;;;;;;;;;;;;;;;
Baghlan ai1_Mi-8_p28_hS150_gS4_dall_dP1_fCap200_vCnt2_cD3_sT2_rcS10_rmCDTrue;1,0;3;2;2;150;4;all;1;10,0;2;324;324;532;5762;2690,8540000000003;Mi-8;28;;;;;;;;;;;;;;;;
Baghlan ai1_Mi-8_p28_hS150_gS4_dall_dP1_fCap200_vCnt2_cD3_sT2_rcS1_rmCDTrue;1,0;3;2;2;150;4;all;1;1,0;2;324;324;532;5762;2690,8540000000003;Mi-8;28;;;;;;;;;;;;;;;;
Baghlan ai1_Mi-8_p28_hS150_gS4_dall_dP1_fCap200_vCnt2_cD3_sT2_rcS3_rmCDTrue;1,0;3;2;2;150;4;all;1;3,0;2;324;324;532;5762;2690,8540000000003;Mi-8;28;;;;;;;;;;;;;;;;
Baghlan ai1_Mi-8_p28_hS150_gS4_dall_dP1_fCap200_vCnt2_cD3_sT2_rcS5_rmCDTrue;1,0;3;2;2;150;4;all;1;5,0;2;324;324;532;5762;2690,8540000000003;Mi-8;28;;;;;;;;;;;;;;;;
Baghlan ai1_Mi-8_p28_hS150_gS4_dall_dP1_fCap200_vCnt2_cD3_sT2_rcS7_rmCDTrue;1,0;3;2;2;150;4;all;1;7,0;2;324;324;532;5762;2690,8540000000003;Mi-8;28;;;;;;;;;;;;;;;;
Baghlan ai1_Mi-8_p28_hS150_gS4_dall_dP1_fCap200_vCnt2_cD3_sT3_rcS0.1_rmCDTrue;1,0;3;3;2;150;4;all;1;0,1;2;324;324;554;5827;2721,209;Mi-8;28;;;;;;;;;;;;;;;;
Baghlan ai1_Mi-8_p28_hS150_gS4_dall_dP1_fCap200_vCnt2_cD3_sT3_rcS0.5_rmCDTrue;1,0;3;3;2;150;4;all;1;0,5;2;324;324;554;5827;2721,209;Mi-8;28;;;;;;;;;;;;;;;;
Baghlan ai1_Mi-8_p28_hS150_gS4_dall_dP1_fCap200_vCnt2_cD3_sT3_rcS10_rmCDTrue;1,0;3;3;2;150;4;all;1;10,0;2;324;324;554;5827;2721,209;Mi-8;28;;;;;;;;;;;;;;;;
Baghlan ai1_Mi-8_p28_hS150_gS4_dall_dP1_fCap200_vCnt2_cD3_sT3_rcS1_rmCDTrue;1,0;3;3;2;150;4;all;1;1,0;2;324;324;554;5827;2721,209;Mi-8;28;;;;;;;;;;;;;;;;
Baghlan ai1_Mi-8_p28_hS150_gS4_dall_dP1_fCap200_vCnt2_cD3_sT3_rcS3_rmCDTrue;1,0;3;3;2;150;4;all;1;3,0;2;324;324;554;5827;2721,209;Mi-8;28;;;;;;;;;;;;;;;;
Baghlan ai1_Mi-8_p28_hS150_gS4_dall_dP1_fCap200_vCnt2_cD3_sT3_rcS5_rmCDTrue;1,0;3;3;2;150;4;all;1;5,0;2;324;324;554;5827;2721,209;Mi-8;28;;;;;;;;;;;;;;;;
Baghlan ai1_Mi-8_p28_hS150_gS4_dall_dP1_fCap200_vCnt2_cD3_sT3_rcS7_rmCDTrue;1,0;3;3;2;150;4;all;1;7,0;2;324;324;554;5827;2721,209;Mi-8;28;;;;;;;;;;;;;;;;
Baghlan ai1_Mi-8_p28_hS150_gS4_dall_dP1_fCap200_vCnt2_cD4_sT1_rcS0.1_rmCDTrue;1,0;4;1;2;150;4;all;1;0,1;2;342;342;432;5369;2507,323;Mi-8;28;;;;;;;;;;;;;;;;
Baghlan ai1_Mi-8_p28_hS150_gS4_dall_dP1_fCap200_vCnt2_cD4_sT1_rcS0.5_rmCDTrue;1,0;4;1;2;150;4;all;1;0,5;2;342;342;432;5369;2507,323;Mi-8;28;;;;;;;;;;;;;;;;
Baghlan ai1_Mi-8_p28_hS150_gS4_dall_dP1_fCap200_vCnt2_cD4_sT1_rcS10_rmCDTrue;1,0;4;1;2;150;4;all;1;10,0;2;342;342;432;5369;2507,323;Mi-8;28;;;;;;;;;;;;;;;;
Baghlan ai1_Mi-8_p28_hS150_gS4_dall_dP1_fCap200_vCnt2_cD4_sT1_rcS1_rmCDTrue;1,0;4;1;2;150;4;all;1;1,0;2;342;342;432;5369;2507,323;Mi-8;28;;;;;;;;;;;;;;;;
Baghlan ai1_Mi-8_p28_hS150_gS4_dall_dP1_fCap200_vCnt2_cD4_sT1_rcS3_rmCDTrue;1,0;4;1;2;150;4;all;1;3,0;2;342;342;432;5369;2507,323;Mi-8;28;;;;;;;;;;;;;;;;
Baghlan ai1_Mi-8_p28_hS150_gS4_dall_dP1_fCap200_vCnt2_cD4_sT1_rcS5_rmCDTrue;1,0;4;1;2;150;4;all;1;5,0;2;342;342;432;5369;2507,323;Mi-8;28;;;;;;;;;;;;;;;;
Baghlan ai1_Mi-8_p28_hS150_gS4_dall_dP1_fCap200_vCnt2_cD4_sT1_rcS7_rmCDTrue;1,0;4;1;2;150;4;all;1;7,0;2;342;342;432;5369;2507,323;Mi-8;28;;;;;;;;;;;;;;;;
Baghlan ai1_Mi-8_p28_hS150_gS4_dall_dP1_fCap200_vCnt2_cD4_sT2_rcS0.1_rmCDTrue;1,0;4;2;2;150;4;all;1;0,1;2;342;342;532;5762;2690,8540000000003;Mi-8;28;;;;;;;;;;;;;;;;
Baghlan ai1_Mi-8_p28_hS150_gS4_dall_dP1_fCap200_vCnt2_cD4_sT2_rcS0.5_rmCDTrue;1,0;4;2;2;150;4;all;1;0,5;2;342;342;532;5762;2690,8540000000003;Mi-8;28;;;;;;;;;;;;;;;;
Baghlan ai1_Mi-8_p28_hS150_gS4_dall_dP1_fCap200_vCnt2_cD4_sT2_rcS10_rmCDTrue;1,0;4;2;2;150;4;all;1;10,0;2;342;342;532;5762;2690,8540000000003;Mi-8;28;;;;;;;;;;;;;;;;
Baghlan ai1_Mi-8_p28_hS150_gS4_dall_dP1_fCap200_vCnt2_cD4_sT2_rcS1_rmCDTrue;1,0;4;2;2;150;4;all;1;1,0;2;342;342;532;5762;2690,8540000000003;Mi-8;28;;;;;;;;;;;;;;;;
Baghlan ai1_Mi-8_p28_hS150_gS4_dall_dP1_fCap200_vCnt2_cD4_sT2_rcS3_rmCDTrue;1,0;4;2;2;150;4;all;1;3,0;2;342;342;532;5762;2690,8540000000003;Mi-8;28;;;;;;;;;;;;;;;;
Baghlan ai1_Mi-8_p28_hS150_gS4_dall_dP1_fCap200_vCnt2_cD4_sT2_rcS5_rmCDTrue;1,0;4;2;2;150;4;all;1;5,0;2;342;342;532;5762;2690,8540000000003;Mi-8;28;;;;;;;;;;;;;;;;
Baghlan ai1_Mi-8_p28_hS150_gS4_dall_dP1_fCap200_vCnt2_cD4_sT2_rcS7_rmCDTrue;1,0;4;2;2;150;4;all;1;7,0;2;342;342;532;5762;2690,8540000000003;Mi-8;28;;;;;;;;;;;;;;;;
Baghlan ai1_Mi-8_p28_hS150_gS4_dall_dP1_fCap200_vCnt2_cD4_sT3_rcS0.1_rmCDTrue;1,0;4;3;2;150;4;all;1;0,1;2;342;342;554;5827;2721,209;Mi-8;28;;;;;;;;;;;;;;;;
Baghlan ai1_Mi-8_p28_hS150_gS4_dall_dP1_fCap200_vCnt2_cD4_sT3_rcS0.5_rmCDTrue;1,0;4;3;2;150;4;all;1;0,5;2;342;342;554;5827;2721,209;Mi-8;28;;;;;;;;;;;;;;;;
Baghlan ai1_Mi-8_p28_hS150_gS4_dall_dP1_fCap200_vCnt2_cD4_sT3_rcS10_rmCDTrue;1,0;4;3;2;150;4;all;1;10,0;2;342;342;554;5827;2721,209;Mi-8;28;;;;;;;;;;;;;;;;
Baghlan ai1_Mi-8_p28_hS150_gS4_dall_dP1_fCap200_vCnt2_cD4_sT3_rcS1_rmCDTrue;1,0;4;3;2;150;4;all;1;1,0;2;342;342;554;5827;2721,209;Mi-8;28;;;;;;;;;;;;;;;;
Baghlan ai1_Mi-8_p28_hS150_gS4_dall_dP1_fCap200_vCnt2_cD4_sT3_rcS3_rmCDTrue;1,0;4;3;2;150;4;all;1;3,0;2;342;342;554;5827;2721,209;Mi-8;28;;;;;;;;;;;;;;;;
Baghlan ai1_Mi-8_p28_hS150_gS4_dall_dP1_fCap200_vCnt2_cD4_sT3_rcS5_rmCDTrue;1,0;4;3;2;150;4;all;1;5,0;2;342;342;554;5827;2721,209;Mi-8;28;;;;;;;;;;;;;;;;
Baghlan ai1_Mi-8_p28_hS150_gS4_dall_dP1_fCap200_vCnt2_cD4_sT3_rcS7_rmCDTrue;1,0;4;3;2;150;4;all;1;7,0;2;342;342;554;5827;2721,209;Mi-8;28;;;;;;;;;;;;;;;;
Baghlan ai1_Mi-8_p28_hS150_gS4_dall_dP1_fCap200_vCnt2_cD4_sT4_rcS0.1_rmCDTrue;1,0;4;4;2;150;4;all;1;0,1;2;342;342;558;5831;2723,077;Mi-8;28;;;;;;;;;;;;;;;;
Baghlan ai1_Mi-8_p28_hS150_gS4_dall_dP1_fCap200_vCnt2_cD4_sT4_rcS0.5_rmCDTrue;1,0;4;4;2;150;4;all;1;0,5;2;342;342;558;5831;2723,077;Mi-8;28;;;;;;;;;;;;;;;;
Baghlan ai1_Mi-8_p28_hS150_gS4_dall_dP1_fCap200_vCnt2_cD4_sT4_rcS10_rmCDTrue;1,0;4;4;2;150;4;all;1;10,0;2;342;342;558;5831;2723,077;Mi-8;28;;;;;;;;;;;;;;;;
Baghlan ai1_Mi-8_p28_hS150_gS4_dall_dP1_fCap200_vCnt2_cD4_sT4_rcS1_rmCDTrue;1,0;4;4;2;150;4;all;1;1,0;2;342;342;558;5831;2723,077;Mi-8;28;;;;;;;;;;;;;;;;
Baghlan ai1_Mi-8_p28_hS150_gS4_dall_dP1_fCap200_vCnt2_cD4_sT4_rcS3_rmCDTrue;1,0;4;4;2;150;4;all;1;3,0;2;342;342;558;5831;2723,077;Mi-8;28;;;;;;;;;;;;;;;;
Baghlan ai1_Mi-8_p28_hS150_gS4_dall_dP1_fCap200_vCnt2_cD4_sT4_rcS5_rmCDTrue;1,0;4;4;2;150;4;all;1;5,0;2;342;342;558;5831;2723,077;Mi-8;28;;;;;;;;;;;;;;;;
Baghlan ai1_Mi-8_p28_hS150_gS4_dall_dP1_fCap200_vCnt2_cD4_sT4_rcS7_rmCDTrue;1,0;4;4;2;150;4;all;1;7,0;2;342;342;558;5831;2723,077;Mi-8;28;;;;;;;;;;;;;;;;
Baghlan ai1_Mi-8_p28_hS150_gS4_dall_dP1_fCap200_vCnt3_cD1_sT1_rcS0.1_rmCDTrue;1,0;1;1;3;150;4;all;1;0,1;2;276;276;432;5369;2507,323;Mi-8;28;;;;;;;;;;;;;;;;
Baghlan ai1_Mi-8_p28_hS150_gS4_dall_dP1_fCap200_vCnt3_cD1_sT1_rcS0.5_rmCDTrue;1,0;1;1;3;150;4;all;1;0,5;2;276;276;432;5369;2507,323;Mi-8;28;;;;;;;;;;;;;;;;
Baghlan ai1_Mi-8_p28_hS150_gS4_dall_dP1_fCap200_vCnt3_cD1_sT1_rcS10_rmCDTrue;1,0;1;1;3;150;4;all;1;10,0;2;276;276;432;5369;2507,323;Mi-8;28;;;;;;;;;;;;;;;;
Baghlan ai1_Mi-8_p28_hS150_gS4_dall_dP1_fCap200_vCnt3_cD1_sT1_rcS1_rmCDTrue;1,0;1;1;3;150;4;all;1;1,0;2;276;276;432;5369;2507,323;Mi-8;28;;;;;;;;;;;;;;;;
Baghlan ai1_Mi-8_p28_hS150_gS4_dall_dP1_fCap200_vCnt3_cD1_sT1_rcS3_rmCDTrue;1,0;1;1;3;150;4;all;1;3,0;2;276;276;432;5369;2507,323;Mi-8;28;;;;;;;;;;;;;;;;
Baghlan ai1_Mi-8_p28_hS150_gS4_dall_dP1_fCap200_vCnt3_cD1_sT1_rcS5_rmCDTrue;1,0;1;1;3;150;4;all;1;5,0;2;276;276;432;5369;2507,323;Mi-8;28;;;;;;;;;;;;;;;;
Baghlan ai1_Mi-8_p28_hS150_gS4_dall_dP1_fCap200_vCnt3_cD1_sT1_rcS7_rmCDTrue;1,0;1;1;3;150;4;all;1;7,0;2;276;276;432;5369;2507,323;Mi-8;28;;;;;;;;;;;;;;;;
Baghlan ai1_Mi-8_p28_hS150_gS4_dall_dP1_fCap200_vCnt3_cD2_sT1_rcS0.1_rmCDTrue;1,0;2;1;3;150;4;all;1;0,1;2;305;305;432;5369;2507,323;Mi-8;28;;;;;;;;;;;;;;;;
Baghlan ai1_Mi-8_p28_hS150_gS4_dall_dP1_fCap200_vCnt3_cD2_sT1_rcS0.5_rmCDTrue;1,0;2;1;3;150;4;all;1;0,5;2;305;305;432;5369;2507,323;Mi-8;28;;;;;;;;;;;;;;;;
Baghlan ai1_Mi-8_p28_hS150_gS4_dall_dP1_fCap200_vCnt3_cD2_sT1_rcS10_rmCDTrue;1,0;2;1;3;150;4;all;1;10,0;2;305;305;432;5369;2507,323;Mi-8;28;;;;;;;;;;;;;;;;
Baghlan ai1_Mi-8_p28_hS150_gS4_dall_dP1_fCap200_vCnt3_cD2_sT1_rcS1_rmCDTrue;1,0;2;1;3;150;4;all;1;1,0;2;305;305;432;5369;2507,323;Mi-8;28;;;;;;;;;;;;;;;;
Baghlan ai1_Mi-8_p28_hS150_gS4_dall_dP1_fCap200_vCnt3_cD2_sT1_rcS3_rmCDTrue;1,0;2;1;3;150;4;all;1;3,0;2;305;305;432;5369;2507,323;Mi-8;28;;;;;;;;;;;;;;;;
Baghlan ai1_Mi-8_p28_hS150_gS4_dall_dP1_fCap200_vCnt3_cD2_sT1_rcS5_rmCDTrue;1,0;2;1;3;150;4;all;1;5,0;2;305;305;432;5369;2507,323;Mi-8;28;;;;;;;;;;;;;;;;
Baghlan ai1_Mi-8_p28_hS150_gS4_dall_dP1_fCap200_vCnt3_cD2_sT1_rcS7_rmCDTrue;1,0;2;1;3;150;4;all;1;7,0;2;305;305;432;5369;2507,323;Mi-8;28;;;;;;;;;;;;;;;;
Baghlan ai1_Mi-8_p28_hS150_gS4_dall_dP1_fCap200_vCnt3_cD2_sT2_rcS0.1_rmCDTrue;1,0;2;2;3;150;4;all;1;0,1;2;308;308;532;5762;2690,8540000000003;Mi-8;28;;;;;;;;;;;;;;;;
Baghlan ai1_Mi-8_p28_hS150_gS4_dall_dP1_fCap200_vCnt3_cD2_sT2_rcS0.5_rmCDTrue;1,0;2;2;3;150;4;all;1;0,5;2;308;308;532;5762;2690,8540000000003;Mi-8;28;;;;;;;;;;;;;;;;
Baghlan ai1_Mi-8_p28_hS150_gS4_dall_dP1_fCap200_vCnt3_cD2_sT2_rcS10_rmCDTrue;1,0;2;2;3;150;4;all;1;10,0;2;308;308;532;5762;2690,8540000000003;Mi-8;28;;;;;;;;;;;;;;;;
Baghlan ai1_Mi-8_p28_hS150_gS4_dall_dP1_fCap200_vCnt3_cD2_sT2_rcS1_rmCDTrue;1,0;2;2;3;150;4;all;1;1,0;2;308;308;532;5762;2690,8540000000003;Mi-8;28;;;;;;;;;;;;;;;;
Baghlan ai1_Mi-8_p28_hS150_gS4_dall_dP1_fCap200_vCnt3_cD2_sT2_rcS3_rmCDTrue;1,0;2;2;3;150;4;all;1;3,0;2;308;308;532;5762;2690,8540000000003;Mi-8;28;;;;;;;;;;;;;;;;
Baghlan ai1_Mi-8_p28_hS150_gS4_dall_dP1_fCap200_vCnt3_cD2_sT2_rcS5_rmCDTrue;1,0;2;2;3;150;4;all;1;5,0;2;308;308;532;5762;2690,8540000000003;Mi-8;28;;;;;;;;;;;;;;;;
Baghlan ai1_Mi-8_p28_hS150_gS4_dall_dP1_fCap200_vCnt3_cD2_sT2_rcS7_rmCDTrue;1,0;2;2;3;150;4;all;1;7,0;2;308;308;532;5762;2690,8540000000003;Mi-8;28;;;;;;;;;;;;;;;;
Baghlan ai1_Mi-8_p28_hS150_gS4_dall_dP1_fCap200_vCnt3_cD3_sT1_rcS0.1_rmCDTrue;1,0;3;1;3;150;4;all;1;0,1;2;323;323;432;5369;2507,323;Mi-8;28;;;;;;;;;;;;;;;;
Baghlan ai1_Mi-8_p28_hS150_gS4_dall_dP1_fCap200_vCnt3_cD3_sT1_rcS0.5_rmCDTrue;1,0;3;1;3;150;4;all;1;0,5;2;323;323;432;5369;2507,323;Mi-8;28;;;;;;;;;;;;;;;;
Baghlan ai1_Mi-8_p28_hS150_gS4_dall_dP1_fCap200_vCnt3_cD3_sT1_rcS10_rmCDTrue;1,0;3;1;3;150;4;all;1;10,0;2;323;323;432;5369;2507,323;Mi-8;28;;;;;;;;;;;;;;;;
Baghlan ai1_Mi-8_p28_hS150_gS4_dall_dP1_fCap200_vCnt3_cD3_sT1_rcS1_rmCDTrue;1,0;3;1;3;150;4;all;1;1,0;2;323;323;432;5369;2507,323;Mi-8;28;;;;;;;;;;;;;;;;
Baghlan ai1_Mi-8_p28_hS150_gS4_dall_dP1_fCap200_vCnt3_cD3_sT1_rcS3_rmCDTrue;1,0;3;1;3;150;4;all;1;3,0;2;323;323;432;5369;2507,323;Mi-8;28;;;;;;;;;;;;;;;;
Baghlan ai1_Mi-8_p28_hS150_gS4_dall_dP1_fCap200_vCnt3_cD3_sT1_rcS5_rmCDTrue;1,0;3;1;3;150;4;all;1;5,0;2;323;323;432;5369;2507,323;Mi-8;28;;;;;;;;;;;;;;;;
Baghlan ai1_Mi-8_p28_hS150_gS4_dall_dP1_fCap200_vCnt3_cD3_sT1_rcS7_rmCDTrue;1,0;3;1;3;150;4;all;1;7,0;2;323;323;432;5369;2507,323;Mi-8;28;;;;;;;;;;;;;;;;
Baghlan ai1_Mi-8_p28_hS150_gS4_dall_dP1_fCap200_vCnt3_cD3_sT2_rcS0.1_rmCDTrue;1,0;3;2;3;150;4;all;1;0,1;2;324;324;532;5762;2690,8540000000003;Mi-8;28;;;;;;;;;;;;;;;;
Baghlan ai1_Mi-8_p28_hS150_gS4_dall_dP1_fCap200_vCnt3_cD3_sT2_rcS0.5_rmCDTrue;1,0;3;2;3;150;4;all;1;0,5;2;324;324;532;5762;2690,8540000000003;Mi-8;28;;;;;;;;;;;;;;;;
Baghlan ai1_Mi-8_p28_hS150_gS4_dall_dP1_fCap200_vCnt3_cD3_sT2_rcS10_rmCDTrue;1,0;3;2;3;150;4;all;1;10,0;2;324;324;532;5762;2690,8540000000003;Mi-8;28;;;;;;;;;;;;;;;;
Baghlan ai1_Mi-8_p28_hS150_gS4_dall_dP1_fCap200_vCnt3_cD3_sT2_rcS1_rmCDTrue;1,0;3;2;3;150;4;all;1;1,0;2;324;324;532;5762;2690,8540000000003;Mi-8;28;;;;;;;;;;;;;;;;
Baghlan ai1_Mi-8_p28_hS150_gS4_dall_dP1_fCap200_vCnt3_cD3_sT2_rcS3_rmCDTrue;1,0;3;2;3;150;4;all;1;3,0;2;324;324;532;5762;2690,8540000000003;Mi-8;28;;;;;;;;;;;;;;;;
Baghlan ai1_Mi-8_p28_hS150_gS4_dall_dP1_fCap200_vCnt3_cD3_sT2_rcS5_rmCDTrue;1,0;3;2;3;150;4;all;1;5,0;2;324;324;532;5762;2690,8540000000003;Mi-8;28;;;;;;;;;;;;;;;;
Baghlan ai1_Mi-8_p28_hS150_gS4_dall_dP1_fCap200_vCnt3_cD3_sT2_rcS7_rmCDTrue;1,0;3;2;3;150;4;all;1;7,0;2;324;324;532;5762;2690,8540000000003;Mi-8;28;;;;;;;;;;;;;;;;
Baghlan ai1_Mi-8_p28_hS150_gS4_dall_dP1_fCap200_vCnt3_cD3_sT3_rcS0.1_rmCDTrue;1,0;3;3;3;150;4;all;1;0,1;2;324;324;554;5827;2721,209;Mi-8;28;;;;;;;;;;;;;;;;
Baghlan ai1_Mi-8_p28_hS150_gS4_dall_dP1_fCap200_vCnt3_cD3_sT3_rcS0.5_rmCDTrue;1,0;3;3;3;150;4;all;1;0,5;2;324;324;554;5827;2721,209;Mi-8;28;;;;;;;;;;;;;;;;
Baghlan ai1_Mi-8_p28_hS150_gS4_dall_dP1_fCap200_vCnt3_cD3_sT3_rcS10_rmCDTrue;1,0;3;3;3;150;4;all;1;10,0;2;324;324;554;5827;2721,209;Mi-8;28;;;;;;;;;;;;;;;;
Baghlan ai1_Mi-8_p28_hS150_gS4_dall_dP1_fCap200_vCnt3_cD3_sT3_rcS1_rmCDTrue;1,0;3;3;3;150;4;all;1;1,0;2;324;324;554;5827;2721,209;Mi-8;28;;;;;;;;;;;;;;;;
Baghlan ai1_Mi-8_p28_hS150_gS4_dall_dP1_fCap200_vCnt3_cD3_sT3_rcS3_rmCDTrue;1,0;3;3;3;150;4;all;1;3,0;2;324;324;554;5827;2721,209;Mi-8;28;;;;;;;;;;;;;;;;
Baghlan ai1_Mi-8_p28_hS150_gS4_dall_dP1_fCap200_vCnt3_cD3_sT3_rcS5_rmCDTrue;1,0;3;3;3;150;4;all;1;5,0;2;324;324;554;5827;2721,209;Mi-8;28;;;;;;;;;;;;;;;;
Baghlan ai1_Mi-8_p28_hS150_gS4_dall_dP1_fCap200_vCnt3_cD3_sT3_rcS7_rmCDTrue;1,0;3;3;3;150;4;all;1;7,0;2;324;324;554;5827;2721,209;Mi-8;28;;;;;;;;;;;;;;;;
Baghlan ai1_Mi-8_p28_hS150_gS4_dall_dP1_fCap200_vCnt3_cD4_sT1_rcS0.1_rmCDTrue;1,0;4;1;3;150;4;all;1;0,1;2;342;342;432;5369;2507,323;Mi-8;28;;;;;;;;;;;;;;;;
Baghlan ai1_Mi-8_p28_hS150_gS4_dall_dP1_fCap200_vCnt3_cD4_sT1_rcS0.5_rmCDTrue;1,0;4;1;3;150;4;all;1;0,5;2;342;342;432;5369;2507,323;Mi-8;28;;;;;;;;;;;;;;;;
Baghlan ai1_Mi-8_p28_hS150_gS4_dall_dP1_fCap200_vCnt3_cD4_sT1_rcS10_rmCDTrue;1,0;4;1;3;150;4;all;1;10,0;2;342;342;432;5369;2507,323;Mi-8;28;;;;;;;;;;;;;;;;
Baghlan ai1_Mi-8_p28_hS150_gS4_dall_dP1_fCap200_vCnt3_cD4_sT1_rcS1_rmCDTrue;1,0;4;1;3;150;4;all;1;1,0;2;342;342;432;5369;2507,323;Mi-8;28;;;;;;;;;;;;;;;;
Baghlan ai1_Mi-8_p28_hS150_gS4_dall_dP1_fCap200_vCnt3_cD4_sT1_rcS3_rmCDTrue;1,0;4;1;3;150;4;all;1;3,0;2;342;342;432;5369;2507,323;Mi-8;28;;;;;;;;;;;;;;;;
Baghlan ai1_Mi-8_p28_hS150_gS4_dall_dP1_fCap200_vCnt3_cD4_sT1_rcS5_rmCDTrue;1,0;4;1;3;150;4;all;1;5,0;2;342;342;432;5369;2507,323;Mi-8;28;;;;;;;;;;;;;;;;
Baghlan ai1_Mi-8_p28_hS150_gS4_dall_dP1_fCap200_vCnt3_cD4_sT1_rcS7_rmCDTrue;1,0;4;1;3;150;4;all;1;7,0;2;342;342;432;5369;2507,323;Mi-8;28;;;;;;;;;;;;;;;;
Baghlan ai1_Mi-8_p28_hS150_gS4_dall_dP1_fCap200_vCnt3_cD4_sT2_rcS0.1_rmCDTrue;1,0;4;2;3;150;4;all;1;0,1;2;342;342;532;5762;2690,8540000000003;Mi-8;28;;;;;;;;;;;;;;;;
Baghlan ai1_Mi-8_p28_hS150_gS4_dall_dP1_fCap200_vCnt3_cD4_sT2_rcS0.5_rmCDTrue;1,0;4;2;3;150;4;all;1;0,5;2;342;342;532;5762;2690,8540000000003;Mi-8;28;;;;;;;;;;;;;;;;
Baghlan ai1_Mi-8_p28_hS150_gS4_dall_dP1_fCap200_vCnt3_cD4_sT2_rcS10_rmCDTrue;1,0;4;2;3;150;4;all;1;10,0;2;342;342;532;5762;2690,8540000000003;Mi-8;28;;;;;;;;;;;;;;;;
Baghlan ai1_Mi-8_p28_hS150_gS4_dall_dP1_fCap200_vCnt3_cD4_sT2_rcS1_rmCDTrue;1,0;4;2;3;150;4;all;1;1,0;2;342;342;532;5762;2690,8540000000003;Mi-8;28;;;;;;;;;;;;;;;;
Baghlan ai1_Mi-8_p28_hS150_gS4_dall_dP1_fCap200_vCnt3_cD4_sT2_rcS3_rmCDTrue;1,0;4;2;3;150;4;all;1;3,0;2;342;342;532;5762;2690,8540000000003;Mi-8;28;;;;;;;;;;;;;;;;
Baghlan ai1_Mi-8_p28_hS150_gS4_dall_dP1_fCap200_vCnt3_cD4_sT2_rcS5_rmCDTrue;1,0;4;2;3;150;4;all;1;5,0;2;342;342;532;5762;2690,8540000000003;Mi-8;28;;;;;;;;;;;;;;;;
Baghlan ai1_Mi-8_p28_hS150_gS4_dall_dP1_fCap200_vCnt3_cD4_sT2_rcS7_rmCDTrue;1,0;4;2;3;150;4;all;1;7,0;2;342;342;532;5762;2690,8540000000003;Mi-8;28;;;;;;;;;;;;;;;;
Baghlan ai1_Mi-8_p28_hS150_gS4_dall_dP1_fCap200_vCnt3_cD4_sT3_rcS0.1_rmCDTrue;1,0;4;3;3;150;4;all;1;0,1;2;342;342;554;5827;2721,209;Mi-8;28;;;;;;;;;;;;;;;;
Baghlan ai1_Mi-8_p28_hS150_gS4_dall_dP1_fCap200_vCnt3_cD4_sT3_rcS0.5_rmCDTrue;1,0;4;3;3;150;4;all;1;0,5;2;342;342;554;5827;2721,209;Mi-8;28;;;;;;;;;;;;;;;;
Baghlan ai1_Mi-8_p28_hS150_gS4_dall_dP1_fCap200_vCnt3_cD4_sT3_rcS10_rmCDTrue;1,0;4;3;3;150;4;all;1;10,0;2;342;342;554;5827;2721,209;Mi-8;28;;;;;;;;;;;;;;;;
Baghlan ai1_Mi-8_p28_hS150_gS4_dall_dP1_fCap200_vCnt3_cD4_sT3_rcS1_rmCDTrue;1,0;4;3;3;150;4;all;1;1,0;2;342;342;554;5827;2721,209;Mi-8;28;;;;;;;;;;;;;;;;
Baghlan ai1_Mi-8_p28_hS150_gS4_dall_dP1_fCap200_vCnt3_cD4_sT3_rcS3_rmCDTrue;1,0;4;3;3;150;4;all;1;3,0;2;342;342;554;5827;2721,209;Mi-8;28;;;;;;;;;;;;;;;;
Baghlan ai1_Mi-8_p28_hS150_gS4_dall_dP1_fCap200_vCnt3_cD4_sT3_rcS5_rmCDTrue;1,0;4;3;3;150;4;all;1;5,0;2;342;342;554;5827;2721,209;Mi-8;28;;;;;;;;;;;;;;;;
Baghlan ai1_Mi-8_p28_hS150_gS4_dall_dP1_fCap200_vCnt3_cD4_sT3_rcS7_rmCDTrue;1,0;4;3;3;150;4;all;1;7,0;2;342;342;554;5827;2721,209;Mi-8;28;;;;;;;;;;;;;;;;
Baghlan ai1_Mi-8_p28_hS150_gS4_dall_dP1_fCap200_vCnt3_cD4_sT4_rcS0.1_rmCDTrue;1,0;4;4;3;150;4;all;1;0,1;2;342;342;558;5831;2723,077;Mi-8;28;;;;;;;;;;;;;;;;
Baghlan ai1_Mi-8_p28_hS150_gS4_dall_dP1_fCap200_vCnt3_cD4_sT4_rcS0.5_rmCDTrue;1,0;4;4;3;150;4;all;1;0,5;2;342;342;558;5831;2723,077;Mi-8;28;;;;;;;;;;;;;;;;
Baghlan ai1_Mi-8_p28_hS150_gS4_dall_dP1_fCap200_vCnt3_cD4_sT4_rcS10_rmCDTrue;1,0;4;4;3;150;4;all;1;10,0;2;342;342;558;5831;2723,077;Mi-8;28;;;;;;;;;;;;;;;;
Baghlan ai1_Mi-8_p28_hS150_gS4_dall_dP1_fCap200_vCnt3_cD4_sT4_rcS1_rmCDTrue;1,0;4;4;3;150;4;all;1;1,0;2;342;342;558;5831;2723,077;Mi-8;28;;;;;;;;;;;;;;;;
Baghlan ai1_Mi-8_p28_hS150_gS4_dall_dP1_fCap200_vCnt3_cD4_sT4_rcS3_rmCDTrue;1,0;4;4;3;150;4;all;1;3,0;2;342;342;558;5831;2723,077;Mi-8;28;;;;;;;;;;;;;;;;
Baghlan ai1_Mi-8_p28_hS150_gS4_dall_dP1_fCap200_vCnt3_cD4_sT4_rcS5_rmCDTrue;1,0;4;4;3;150;4;all;1;5,0;2;342;342;558;5831;2723,077;Mi-8;28;;;;;;;;;;;;;;;;
Baghlan ai1_Mi-8_p28_hS150_gS4_dall_dP1_fCap200_vCnt3_cD4_sT4_rcS7_rmCDTrue;1,0;4;4;3;150;4;all;1;7,0;2;342;342;558;5831;2723,077;Mi-8;28;;;;;;;;;;;;;;;;
Baghlan ai1_Mi-8_p28_hS150_gS4_dall_dP1_fCap200_vCnt4_cD1_sT1_rcS0.1_rmCDTrue;1,0;1;1;4;150;4;all;1;0,1;2;276;276;432;5369;2507,323;Mi-8;28;;;;;;;;;;;;;;;;
Baghlan ai1_Mi-8_p28_hS150_gS4_dall_dP1_fCap200_vCnt4_cD1_sT1_rcS0.5_rmCDTrue;1,0;1;1;4;150;4;all;1;0,5;2;276;276;432;5369;2507,323;Mi-8;28;;;;;;;;;;;;;;;;
Baghlan ai1_Mi-8_p28_hS150_gS4_dall_dP1_fCap200_vCnt4_cD1_sT1_rcS10_rmCDTrue;1,0;1;1;4;150;4;all;1;10,0;2;276;276;432;5369;2507,323;Mi-8;28;;;;;;;;;;;;;;;;
Baghlan ai1_Mi-8_p28_hS150_gS4_dall_dP1_fCap200_vCnt4_cD1_sT1_rcS1_rmCDTrue;1,0;1;1;4;150;4;all;1;1,0;2;276;276;432;5369;2507,323;Mi-8;28;;;;;;;;;;;;;;;;
Baghlan ai1_Mi-8_p28_hS150_gS4_dall_dP1_fCap200_vCnt4_cD1_sT1_rcS3_rmCDTrue;1,0;1;1;4;150;4;all;1;3,0;2;276;276;432;5369;2507,323;Mi-8;28;;;;;;;;;;;;;;;;
Baghlan ai1_Mi-8_p28_hS150_gS4_dall_dP1_fCap200_vCnt4_cD1_sT1_rcS5_rmCDTrue;1,0;1;1;4;150;4;all;1;5,0;2;276;276;432;5369;2507,323;Mi-8;28;;;;;;;;;;;;;;;;
Baghlan ai1_Mi-8_p28_hS150_gS4_dall_dP1_fCap200_vCnt4_cD1_sT1_rcS7_rmCDTrue;1,0;1;1;4;150;4;all;1;7,0;2;276;276;432;5369;2507,323;Mi-8;28;;;;;;;;;;;;;;;;
Baghlan ai1_Mi-8_p28_hS150_gS4_dall_dP1_fCap200_vCnt4_cD2_sT1_rcS0.1_rmCDTrue;1,0;2;1;4;150;4;all;1;0,1;2;305;305;432;5369;2507,323;Mi-8;28;;;;;;;;;;;;;;;;
Baghlan ai1_Mi-8_p28_hS150_gS4_dall_dP1_fCap200_vCnt4_cD2_sT1_rcS0.5_rmCDTrue;1,0;2;1;4;150;4;all;1;0,5;2;305;305;432;5369;2507,323;Mi-8;28;;;;;;;;;;;;;;;;
Baghlan ai1_Mi-8_p28_hS150_gS4_dall_dP1_fCap200_vCnt4_cD2_sT1_rcS10_rmCDTrue;1,0;2;1;4;150;4;all;1;10,0;2;305;305;432;5369;2507,323;Mi-8;28;;;;;;;;;;;;;;;;
Baghlan ai1_Mi-8_p28_hS150_gS4_dall_dP1_fCap200_vCnt4_cD2_sT1_rcS1_rmCDTrue;1,0;2;1;4;150;4;all;1;1,0;2;305;305;432;5369;2507,323;Mi-8;28;;;;;;;;;;;;;;;;
Baghlan ai1_Mi-8_p28_hS150_gS4_dall_dP1_fCap200_vCnt4_cD2_sT1_rcS3_rmCDTrue;1,0;2;1;4;150;4;all;1;3,0;2;305;305;432;5369;2507,323;Mi-8;28;;;;;;;;;;;;;;;;
Baghlan ai1_Mi-8_p28_hS150_gS4_dall_dP1_fCap200_vCnt4_cD2_sT1_rcS5_rmCDTrue;1,0;2;1;4;150;4;all;1;5,0;2;305;305;432;5369;2507,323;Mi-8;28;;;;;;;;;;;;;;;;
Baghlan ai1_Mi-8_p28_hS150_gS4_dall_dP1_fCap200_vCnt4_cD2_sT1_rcS7_rmCDTrue;1,0;2;1;4;150;4;all;1;7,0;2;305;305;432;5369;2507,323;Mi-8;28;;;;;;;;;;;;;;;;
Baghlan ai1_Mi-8_p28_hS150_gS4_dall_dP1_fCap200_vCnt4_cD2_sT2_rcS0.1_rmCDTrue;1,0;2;2;4;150;4;all;1;0,1;2;308;308;532;5762;2690,8540000000003;Mi-8;28;;;;;;;;;;;;;;;;
Baghlan ai1_Mi-8_p28_hS150_gS4_dall_dP1_fCap200_vCnt4_cD2_sT2_rcS0.5_rmCDTrue;1,0;2;2;4;150;4;all;1;0,5;2;308;308;532;5762;2690,8540000000003;Mi-8;28;;;;;;;;;;;;;;;;
Baghlan ai1_Mi-8_p28_hS150_gS4_dall_dP1_fCap200_vCnt4_cD2_sT2_rcS10_rmCDTrue;1,0;2;2;4;150;4;all;1;10,0;2;308;308;532;5762;2690,8540000000003;Mi-8;28;;;;;;;;;;;;;;;;
Baghlan ai1_Mi-8_p28_hS150_gS4_dall_dP1_fCap200_vCnt4_cD2_sT2_rcS1_rmCDTrue;1,0;2;2;4;150;4;all;1;1,0;2;308;308;532;5762;2690,8540000000003;Mi-8;28;;;;;;;;;;;;;;;;
Baghlan ai1_Mi-8_p28_hS150_gS4_dall_dP1_fCap200_vCnt4_cD2_sT2_rcS3_rmCDTrue;1,0;2;2;4;150;4;all;1;3,0;2;308;308;532;5762;2690,8540000000003;Mi-8;28;;;;;;;;;;;;;;;;
Baghlan ai1_Mi-8_p28_hS150_gS4_dall_dP1_fCap200_vCnt4_cD2_sT2_rcS5_rmCDTrue;1,0;2;2;4;150;4;all;1;5,0;2;308;308;532;5762;2690,8540000000003;Mi-8;28;;;;;;;;;;;;;;;;
Baghlan ai1_Mi-8_p28_hS150_gS4_dall_dP1_fCap200_vCnt4_cD2_sT2_rcS7_rmCDTrue;1,0;2;2;4;150;4;all;1;7,0;2;308;308;532;5762;2690,8540000000003;Mi-8;28;;;;;;;;;;;;;;;;
Baghlan ai1_Mi-8_p28_hS150_gS4_dall_dP1_fCap200_vCnt4_cD3_sT1_rcS0.1_rmCDTrue;1,0;3;1;4;150;4;all;1;0,1;2;323;323;432;5369;2507,323;Mi-8;28;;;;;;;;;;;;;;;;
Baghlan ai1_Mi-8_p28_hS150_gS4_dall_dP1_fCap200_vCnt4_cD3_sT1_rcS0.5_rmCDTrue;1,0;3;1;4;150;4;all;1;0,5;2;323;323;432;5369;2507,323;Mi-8;28;;;;;;;;;;;;;;;;
Baghlan ai1_Mi-8_p28_hS150_gS4_dall_dP1_fCap200_vCnt4_cD3_sT1_rcS10_rmCDTrue;1,0;3;1;4;150;4;all;1;10,0;2;323;323;432;5369;2507,323;Mi-8;28;;;;;;;;;;;;;;;;
Baghlan ai1_Mi-8_p28_hS150_gS4_dall_dP1_fCap200_vCnt4_cD3_sT1_rcS1_rmCDTrue;1,0;3;1;4;150;4;all;1;1,0;2;323;323;432;5369;2507,323;Mi-8;28;;;;;;;;;;;;;;;;
Baghlan ai1_Mi-8_p28_hS150_gS4_dall_dP1_fCap200_vCnt4_cD3_sT1_rcS3_rmCDTrue;1,0;3;1;4;150;4;all;1;3,0;2;323;323;432;5369;2507,323;Mi-8;28;;;;;;;;;;;;;;;;
Baghlan ai1_Mi-8_p28_hS150_gS4_dall_dP1_fCap200_vCnt4_cD3_sT1_rcS5_rmCDTrue;1,0;3;1;4;150;4;all;1;5,0;2;323;323;432;5369;2507,323;Mi-8;28;;;;;;;;;;;;;;;;
Baghlan ai1_Mi-8_p28_hS150_gS4_dall_dP1_fCap200_vCnt4_cD3_sT1_rcS7_rmCDTrue;1,0;3;1;4;150;4;all;1;7,0;2;323;323;432;5369;2507,323;Mi-8;28;;;;;;;;;;;;;;;;
Baghlan ai1_Mi-8_p28_hS150_gS4_dall_dP1_fCap200_vCnt4_cD3_sT2_rcS0.1_rmCDTrue;1,0;3;2;4;150;4;all;1;0,1;2;324;324;532;5762;2690,8540000000003;Mi-8;28;;;;;;;;;;;;;;;;
Baghlan ai1_Mi-8_p28_hS150_gS4_dall_dP1_fCap200_vCnt4_cD3_sT2_rcS0.5_rmCDTrue;1,0;3;2;4;150;4;all;1;0,5;2;324;324;532;5762;2690,8540000000003;Mi-8;28;;;;;;;;;;;;;;;;
Baghlan ai1_Mi-8_p28_hS150_gS4_dall_dP1_fCap200_vCnt4_cD3_sT2_rcS10_rmCDTrue;1,0;3;2;4;150;4;all;1;10,0;2;324;324;532;5762;2690,8540000000003;Mi-8;28;;;;;;;;;;;;;;;;
Baghlan ai1_Mi-8_p28_hS150_gS4_dall_dP1_fCap200_vCnt4_cD3_sT2_rcS1_rmCDTrue;1,0;3;2;4;150;4;all;1;1,0;2;324;324;532;5762;2690,8540000000003;Mi-8;28;;;;;;;;;;;;;;;;
Baghlan ai1_Mi-8_p28_hS150_gS4_dall_dP1_fCap200_vCnt4_cD3_sT2_rcS3_rmCDTrue;1,0;3;2;4;150;4;all;1;3,0;2;324;324;532;5762;2690,8540000000003;Mi-8;28;;;;;;;;;;;;;;;;
Baghlan ai1_Mi-8_p28_hS150_gS4_dall_dP1_fCap200_vCnt4_cD3_sT2_rcS5_rmCDTrue;1,0;3;2;4;150;4;all;1;5,0;2;324;324;532;5762;2690,8540000000003;Mi-8;28;;;;;;;;;;;;;;;;
Baghlan ai1_Mi-8_p28_hS150_gS4_dall_dP1_fCap200_vCnt4_cD3_sT2_rcS7_rmCDTrue;1,0;3;2;4;150;4;all;1;7,0;2;324;324;532;5762;2690,8540000000003;Mi-8;28;;;;;;;;;;;;;;;;
Baghlan ai1_Mi-8_p28_hS150_gS4_dall_dP1_fCap200_vCnt4_cD3_sT3_rcS0.1_rmCDTrue;1,0;3;3;4;150;4;all;1;0,1;2;324;324;554;5827;2721,209;Mi-8;28;;;;;;;;;;;;;;;;
Baghlan ai1_Mi-8_p28_hS150_gS4_dall_dP1_fCap200_vCnt4_cD3_sT3_rcS0.5_rmCDTrue;1,0;3;3;4;150;4;all;1;0,5;2;324;324;554;5827;2721,209;Mi-8;28;;;;;;;;;;;;;;;;
Baghlan ai1_Mi-8_p28_hS150_gS4_dall_dP1_fCap200_vCnt4_cD3_sT3_rcS10_rmCDTrue;1,0;3;3;4;150;4;all;1;10,0;2;324;324;554;5827;2721,209;Mi-8;28;;;;;;;;;;;;;;;;
Baghlan ai1_Mi-8_p28_hS150_gS4_dall_dP1_fCap200_vCnt4_cD3_sT3_rcS1_rmCDTrue;1,0;3;3;4;150;4;all;1;1,0;2;324;324;554;5827;2721,209;Mi-8;28;;;;;;;;;;;;;;;;
Baghlan ai1_Mi-8_p28_hS150_gS4_dall_dP1_fCap200_vCnt4_cD3_sT3_rcS3_rmCDTrue;1,0;3;3;4;150;4;all;1;3,0;2;324;324;554;5827;2721,209;Mi-8;28;;;;;;;;;;;;;;;;
Baghlan ai1_Mi-8_p28_hS150_gS4_dall_dP1_fCap200_vCnt4_cD3_sT3_rcS5_rmCDTrue;1,0;3;3;4;150;4;all;1;5,0;2;324;324;554;5827;2721,209;Mi-8;28;;;;;;;;;;;;;;;;
Baghlan ai1_Mi-8_p28_hS150_gS4_dall_dP1_fCap200_vCnt4_cD3_sT3_rcS7_rmCDTrue;1,0;3;3;4;150;4;all;1;7,0;2;324;324;554;5827;2721,209;Mi-8;28;;;;;;;;;;;;;;;;
Baghlan ai1_Mi-8_p28_hS150_gS4_dall_dP1_fCap200_vCnt4_cD4_sT1_rcS0.1_rmCDTrue;1,0;4;1;4;150;4;all;1;0,1;2;342;342;432;5369;2507,323;Mi-8;28;;;;;;;;;;;;;;;;
Baghlan ai1_Mi-8_p28_hS150_gS4_dall_dP1_fCap200_vCnt4_cD4_sT1_rcS0.5_rmCDTrue;1,0;4;1;4;150;4;all;1;0,5;2;342;342;432;5369;2507,323;Mi-8;28;;;;;;;;;;;;;;;;
Baghlan ai1_Mi-8_p28_hS150_gS4_dall_dP1_fCap200_vCnt4_cD4_sT1_rcS10_rmCDTrue;1,0;4;1;4;150;4;all;1;10,0;2;342;342;432;5369;2507,323;Mi-8;28;;;;;;;;;;;;;;;;
Baghlan ai1_Mi-8_p28_hS150_gS4_dall_dP1_fCap200_vCnt4_cD4_sT1_rcS1_rmCDTrue;1,0;4;1;4;150;4;all;1;1,0;2;342;342;432;5369;2507,323;Mi-8;28;;;;;;;;;;;;;;;;
Baghlan ai1_Mi-8_p28_hS150_gS4_dall_dP1_fCap200_vCnt4_cD4_sT1_rcS3_rmCDTrue;1,0;4;1;4;150;4;all;1;3,0;2;342;342;432;5369;2507,323;Mi-8;28;;;;;;;;;;;;;;;;
Baghlan ai1_Mi-8_p28_hS150_gS4_dall_dP1_fCap200_vCnt4_cD4_sT1_rcS5_rmCDTrue;1,0;4;1;4;150;4;all;1;5,0;2;342;342;432;5369;2507,323;Mi-8;28;;;;;;;;;;;;;;;;
Baghlan ai1_Mi-8_p28_hS150_gS4_dall_dP1_fCap200_vCnt4_cD4_sT1_rcS7_rmCDTrue;1,0;4;1;4;150;4;all;1;7,0;2;342;342;432;5369;2507,323;Mi-8;28;;;;;;;;;;;;;;;;
Baghlan ai1_Mi-8_p28_hS150_gS4_dall_dP1_fCap200_vCnt4_cD4_sT2_rcS0.1_rmCDTrue;1,0;4;2;4;150;4;all;1;0,1;2;342;342;532;5762;2690,8540000000003;Mi-8;28;;;;;;;;;;;;;;;;
Baghlan ai1_Mi-8_p28_hS150_gS4_dall_dP1_fCap200_vCnt4_cD4_sT2_rcS0.5_rmCDTrue;1,0;4;2;4;150;4;all;1;0,5;2;342;342;532;5762;2690,8540000000003;Mi-8;28;;;;;;;;;;;;;;;;
Baghlan ai1_Mi-8_p28_hS150_gS4_dall_dP1_fCap200_vCnt4_cD4_sT2_rcS10_rmCDTrue;1,0;4;2;4;150;4;all;1;10,0;2;342;342;532;5762;2690,8540000000003;Mi-8;28;;;;;;;;;;;;;;;;
Baghlan ai1_Mi-8_p28_hS150_gS4_dall_dP1_fCap200_vCnt4_cD4_sT2_rcS1_rmCDTrue;1,0;4;2;4;150;4;all;1;1,0;2;342;342;532;5762;2690,8540000000003;Mi-8;28;;;;;;;;;;;;;;;;
Baghlan ai1_Mi-8_p28_hS150_gS4_dall_dP1_fCap200_vCnt4_cD4_sT2_rcS3_rmCDTrue;1,0;4;2;4;150;4;all;1;3,0;2;342;342;532;5762;2690,8540000000003;Mi-8;28;;;;;;;;;;;;;;;;
Baghlan ai1_Mi-8_p28_hS150_gS4_dall_dP1_fCap200_vCnt4_cD4_sT2_rcS5_rmCDTrue;1,0;4;2;4;150;4;all;1;5,0;2;342;342;532;5762;2690,8540000000003;Mi-8;28;;;;;;;;;;;;;;;;
Baghlan ai1_Mi-8_p28_hS150_gS4_dall_dP1_fCap200_vCnt4_cD4_sT2_rcS7_rmCDTrue;1,0;4;2;4;150;4;all;1;7,0;2;342;342;532;5762;2690,8540000000003;Mi-8;28;;;;;;;;;;;;;;;;
Baghlan ai1_Mi-8_p28_hS150_gS4_dall_dP1_fCap200_vCnt4_cD4_sT3_rcS0.1_rmCDTrue;1,0;4;3;4;150;4;all;1;0,1;2;342;342;554;5827;2721,209;Mi-8;28;;;;;;;;;;;;;;;;
Baghlan ai1_Mi-8_p28_hS150_gS4_dall_dP1_fCap200_vCnt4_cD4_sT3_rcS0.5_rmCDTrue;1,0;4;3;4;150;4;all;1;0,5;2;342;342;554;5827;2721,209;Mi-8;28;;;;;;;;;;;;;;;;
Baghlan ai1_Mi-8_p28_hS150_gS4_dall_dP1_fCap200_vCnt4_cD4_sT3_rcS10_rmCDTrue;1,0;4;3;4;150;4;all;1;10,0;2;342;342;554;5827;2721,209;Mi-8;28;;;;;;;;;;;;;;;;
Baghlan ai1_Mi-8_p28_hS150_gS4_dall_dP1_fCap200_vCnt4_cD4_sT3_rcS1_rmCDTrue;1,0;4;3;4;150;4;all;1;1,0;2;342;342;554;5827;2721,209;Mi-8;28;;;;;;;;;;;;;;;;
Baghlan ai1_Mi-8_p28_hS150_gS4_dall_dP1_fCap200_vCnt4_cD4_sT3_rcS3_rmCDTrue;1,0;4;3;4;150;4;all;1;3,0;2;342;342;554;5827;2721,209;Mi-8;28;;;;;;;;;;;;;;;;
Baghlan ai1_Mi-8_p28_hS150_gS4_dall_dP1_fCap200_vCnt4_cD4_sT3_rcS5_rmCDTrue;1,0;4;3;4;150;4;all;1;5,0;2;342;342;554;5827;2721,209;Mi-8;28;;;;;;;;;;;;;;;;
Baghlan ai1_Mi-8_p28_hS150_gS4_dall_dP1_fCap200_vCnt4_cD4_sT3_rcS7_rmCDTrue;1,0;4;3;4;150;4;all;1;7,0;2;342;342;554;5827;2721,209;Mi-8;28;;;;;;;;;;;;;;;;
Baghlan ai1_Mi-8_p28_hS150_gS4_dall_dP1_fCap200_vCnt4_cD4_sT4_rcS0.1_rmCDTrue;1,0;4;4;4;150;4;all;1;0,1;2;342;342;558;5831;2723,077;Mi-8;28;;;;;;;;;;;;;;;;
Baghlan ai1_Mi-8_p28_hS150_gS4_dall_dP1_fCap200_vCnt4_cD4_sT4_rcS0.5_rmCDTrue;1,0;4;4;4;150;4;all;1;0,5;2;342;342;558;5831;2723,077;Mi-8;28;;;;;;;;;;;;;;;;
Baghlan ai1_Mi-8_p28_hS150_gS4_dall_dP1_fCap200_vCnt4_cD4_sT4_rcS10_rmCDTrue;1,0;4;4;4;150;4;all;1;10,0;2;342;342;558;5831;2723,077;Mi-8;28;;;;;;;;;;;;;;;;
Baghlan ai1_Mi-8_p28_hS150_gS4_dall_dP1_fCap200_vCnt4_cD4_sT4_rcS1_rmCDTrue;1,0;4;4;4;150;4;all;1;1,0;2;342;342;558;5831;2723,077;Mi-8;28;;;;;;;;;;;;;;;;
Baghlan ai1_Mi-8_p28_hS150_gS4_dall_dP1_fCap200_vCnt4_cD4_sT4_rcS3_rmCDTrue;1,0;4;4;4;150;4;all;1;3,0;2;342;342;558;5831;2723,077;Mi-8;28;;;;;;;;;;;;;;;;
Baghlan ai1_Mi-8_p28_hS150_gS4_dall_dP1_fCap200_vCnt4_cD4_sT4_rcS5_rmCDTrue;1,0;4;4;4;150;4;all;1;5,0;2;342;342;558;5831;2723,077;Mi-8;28;;;;;;;;;;;;;;;;
Baghlan ai1_Mi-8_p28_hS150_gS4_dall_dP1_fCap200_vCnt4_cD4_sT4_rcS7_rmCDTrue;1,0;4;4;4;150;4;all;1;7,0;2;342;342;558;5831;2723,077;Mi-8;28;;;;;;;;;;;;;;;;
