Name;Latitude;Longitude;Demand;No. of modeled individuals;Cell ID;Province;District
cust_1;35,95416686;68,70416567;0,64;8;23_31;Baghlan;Puli Khumri
cust_2;35,95416686;68,71249901;0,96;12;23_32;Baghlan;Puli Khumri
cust_3;36,06250019;68,59583234;0,4;5;10_18;Baghlan;Puli Khumri
cust_4;35,97916686;68,69583234;0,48;6;20_30;Baghlan;Puli Khumri
cust_5;35,97083353;68,61249901;0,16;2;21_20;Baghlan;Puli Khumri
cust_6;35,92916686;68,72083234;0,96;12;26_33;Baghlan;Puli Khumri
cust_7;35,92916686;68,72916567;0,64;8;26_34;Baghlan;Puli Khumri
cust_8;35,95416686;68,63749901;0,24;3;23_23;Baghlan;Puli Khumri
cust_9;36,00416686;68,62083234;0,24;3;17_21;Baghlan;Puli Khumri
cust_10;36,09583352;68,63749901;0,08;1;6_23;Baghlan;Puli Khumri
cust_11;36,01250019;68,59583234;0,08;1;16_18;Baghlan;Puli Khumri
cust_12;36,02916686;68,59583234;0,48;6;14_18;Baghlan;Puli Khumri
cust_13;35,99583353;68,64583234;0,24;3;18_24;Baghlan;Puli Khumri
cust_14;35,97083353;68,69583234;0,96;12;21_30;Baghlan;Puli Khumri
cust_15;36,02083353;68,67083234;0,72;9;15_27;Baghlan;Puli Khumri
cust_16;35,93750019;68,71249901;0,8;10;25_32;Baghlan;Puli Khumri
cust_17;35,94583353;68,70416567;1,52;19;24_31;Baghlan;Puli Khumri
cust_18;35,92083353;68,73749901;0,8;10;27_35;Baghlan;Puli Khumri
cust_19;35,99583353;68,66249901;0,4;5;18_26;Baghlan;Puli Khumri
cust_20;35,98750019;68,68749901;1,28;16;19_29;Baghlan;Puli Khumri
cust_21;35,92916686;68,70416567;0,16;2;26_31;Baghlan;Puli Khumri
cust_22;35,94583353;68,71249901;1,04;13;24_32;Baghlan;Puli Khumri
cust_23;35,98750019;68,62916567;0,16;2;19_22;Baghlan;Puli Khumri
cust_24;35,92083353;68,72083234;0,16;2;27_33;Baghlan;Puli Khumri
cust_25;35,97083353;68,64583234;0,24;3;21_24;Baghlan;Puli Khumri
cust_26;36,02916686;68,67916567;0,48;6;14_28;Baghlan;Puli Khumri
cust_27;35,97916686;68,67916567;0,72;9;20_28;Baghlan;Puli Khumri
cust_28;35,94583353;68,64583234;0,08;1;24_24;Baghlan;Puli Khumri
cust_29;35,99583353;68,61249901;0,24;3;18_20;Baghlan;Puli Khumri
cust_30;35,97916686;68,62916567;0,32;4;20_22;Baghlan;Puli Khumri
cust_31;36,07083353;68,62083234;0,24;3;9_21;Baghlan;Puli Khumri
cust_32;35,89583353;68,74583234;0,32;4;30_36;Baghlan;Puli Khumri
cust_33;35,93750019;68,72916567;0,32;4;25_34;Baghlan;Puli Khumri
cust_34;35,97083353;68,72083234;0,08;1;21_33;Baghlan;Puli Khumri
cust_35;36,04583353;68,67083234;0,4;5;12_27;Baghlan;Puli Khumri
cust_36;36,02083353;68,59583234;0,24;3;15_18;Baghlan;Puli Khumri
cust_37;35,96250019;68,69583234;0,8;10;22_30;Baghlan;Puli Khumri
cust_38;35,94583353;68,62916567;0,32;4;24_22;Baghlan;Puli Khumri
cust_39;35,97083353;68,62083234;0,08;1;21_21;Baghlan;Puli Khumri
cust_40;35,98750019;68,66249901;0,16;2;19_26;Baghlan;Puli Khumri
cust_41;35,98750019;68,64583234;0,24;3;19_24;Baghlan;Puli Khumri
cust_42;35,96250019;68,72083234;0,4;5;22_33;Baghlan;Puli Khumri
cust_43;35,97083353;68,68749901;0,88;11;21_29;Baghlan;Puli Khumri
cust_44;36,02083353;68,60416567;0,24;3;15_19;Baghlan;Puli Khumri
cust_45;35,97083353;68,67916567;0,32;4;21_28;Baghlan;Puli Khumri
cust_46;35,94583353;68,72083234;0,72;9;24_33;Baghlan;Puli Khumri
cust_47;35,97916686;68,63749901;0,16;2;20_23;Baghlan;Puli Khumri
cust_48;35,96250019;68,62916567;0,32;4;22_22;Baghlan;Puli Khumri
cust_49;35,93750019;68,72083234;1,44;18;25_33;Baghlan;Puli Khumri
cust_50;35,88750019;68,75416567;0,24;3;31_37;Baghlan;Puli Khumri
cust_51;35,96250019;68,70416567;1,44;18;22_31;Baghlan;Puli Khumri
cust_52;35,97916686;68,67083234;0,32;4;20_27;Baghlan;Puli Khumri
cust_53;35,98750019;68,67083234;0,4;5;19_27;Baghlan;Puli Khumri
cust_54;36,05416686;68,60416567;0,24;3;11_19;Baghlan;Puli Khumri
cust_55;36,02083353;68,61249901;0,16;2;15_20;Baghlan;Puli Khumri
cust_56;35,99583353;68,67083234;0,64;8;18_27;Baghlan;Puli Khumri
cust_57;35,98750019;68,60416567;0,24;3;19_19;Baghlan;Puli Khumri
cust_58;36,00416686;68,67083234;0,64;8;17_27;Baghlan;Puli Khumri
cust_59;35,98750019;68,67916567;0,16;2;19_28;Baghlan;Puli Khumri
cust_60;35,93750019;68,70416567;0,48;6;25_31;Baghlan;Puli Khumri
cust_61;35,92083353;68,72916567;1,12;14;27_34;Baghlan;Puli Khumri
cust_62;35,99583353;68,59583234;0,48;6;18_18;Baghlan;Puli Khumri
cust_63;35,97916686;68,66249901;0,4;5;20_26;Baghlan;Puli Khumri
cust_64;35,92916686;68,73749901;0,08;1;26_35;Baghlan;Puli Khumri
cust_65;35,99583353;68,62916567;0,24;3;18_22;Baghlan;Puli Khumri
cust_66;35,95416686;68,72083234;0,24;3;23_33;Baghlan;Puli Khumri
cust_67;35,99583353;68,62083234;0,08;1;18_21;Baghlan;Puli Khumri
cust_68;36,03750019;68,64583234;0,08;1;13_24;Baghlan;Puli Khumri
cust_69;35,99583353;68,63749901;0,32;4;18_23;Baghlan;Puli Khumri
cust_70;36,08750019;68,63749901;0,32;4;7_23;Baghlan;Puli Khumri
cust_71;36,05416686;68,58749901;0,08;1;11_17;Baghlan;Puli Khumri
cust_72;36,07916686;68,63749901;0,16;2;8_23;Baghlan;Puli Khumri
cust_73;36,07083353;68,60416567;0,32;4;9_19;Baghlan;Puli Khumri
cust_74;35,96250019;68,71249901;0,24;3;22_32;Baghlan;Puli Khumri
cust_75;36,03750019;68,65416567;0,08;1;13_25;Baghlan;Puli Khumri
cust_76;36,06250019;68,45416567;0,08;1;10_1;Baghlan;Puli Khumri
cust_77;36,04583353;68,66249901;0,72;9;12_26;Baghlan;Puli Khumri
cust_78;35,96250019;68,66249901;0,08;1;22_26;Baghlan;Puli Khumri
cust_79;35,97083353;68,71249901;0,24;3;21_32;Baghlan;Puli Khumri
cust_80;36,02083353;68,64583234;0,24;3;15_24;Baghlan;Puli Khumri
cust_81;36,01250019;68,67916567;0,24;3;16_28;Baghlan;Puli Khumri
cust_82;36,03750019;68,60416567;0,16;2;13_19;Baghlan;Puli Khumri
cust_83;36,03750019;68,63749901;0,16;2;13_23;Baghlan;Puli Khumri
cust_84;36,08750019;68,57916567;0,16;2;7_16;Baghlan;Puli Khumri
cust_85;35,96250019;68,67083234;0,56;7;22_27;Baghlan;Puli Khumri
cust_86;35,95416686;68,62916567;0,16;2;23_22;Baghlan;Puli Khumri
cust_87;36,07083353;68,66249901;0,16;2;9_26;Baghlan;Puli Khumri
cust_88;35,94583353;68,67083234;0,24;3;24_27;Baghlan;Puli Khumri
cust_89;35,95416686;68,69583234;0,32;4;23_30;Baghlan;Puli Khumri
cust_90;35,90416686;68,75416567;0,4;5;29_37;Baghlan;Puli Khumri
cust_91;36,05416686;68,66249901;0,24;3;11_26;Baghlan;Puli Khumri
cust_92;35,95416686;68,64583234;0,16;2;23_24;Baghlan;Puli Khumri
cust_93;36,04583353;68,62083234;0,24;3;12_21;Baghlan;Puli Khumri
cust_94;36,07083353;68,61249901;0,08;1;9_20;Baghlan;Puli Khumri
cust_95;35,98750019;68,62083234;0,16;2;19_21;Baghlan;Puli Khumri
cust_96;35,94583353;68,69583234;0,16;2;24_30;Baghlan;Puli Khumri
cust_97;36,03750019;68,67916567;0,16;2;13_28;Baghlan;Puli Khumri
cust_98;35,92083353;68,74583234;0,08;1;27_36;Baghlan;Puli Khumri
cust_99;36,02083353;68,65416567;0,24;3;15_25;Baghlan;Puli Khumri
cust_100;36,02916686;68,62083234;0,16;2;14_21;Baghlan;Puli Khumri
cust_101;35,89583353;68,75416567;0,4;5;30_37;Baghlan;Puli Khumri
cust_102;36,08750019;68,58749901;0,08;1;7_17;Baghlan;Puli Khumri
cust_103;36,01250019;68,67083234;0,24;3;16_27;Baghlan;Puli Khumri
cust_104;36,07083353;68,64583234;0,08;1;9_24;Baghlan;Puli Khumri
cust_105;36,02916686;68,60416567;0,24;3;14_19;Baghlan;Puli Khumri
cust_106;35,96250019;68,65416567;0,08;1;22_25;Baghlan;Puli Khumri
cust_107;36,05416686;68,67916567;0,16;2;11_28;Baghlan;Puli Khumri
cust_108;36,08750019;68,64583234;0,08;1;7_24;Baghlan;Puli Khumri
cust_109;36,02083353;68,67916567;0,24;3;15_28;Baghlan;Puli Khumri
cust_110;35,95416686;68,66249901;0,16;2;23_26;Baghlan;Puli Khumri
cust_111;36,07916686;68,52916567;0,08;1;8_10;Baghlan;Puli Khumri
cust_112;36,06250019;68,58749901;0,24;3;10_17;Baghlan;Puli Khumri
cust_113;35,97916686;68,71249901;0,16;2;20_32;Baghlan;Puli Khumri
cust_114;36,08750019;68,59583234;0,08;1;7_18;Baghlan;Puli Khumri
cust_115;35,90416686;68,73749901;0,08;1;29_35;Baghlan;Puli Khumri
cust_116;35,97916686;68,62083234;0,16;2;20_21;Baghlan;Puli Khumri
cust_117;35,98750019;68,59583234;0,16;2;19_18;Baghlan;Puli Khumri
cust_118;36,05416686;68,61249901;0,08;1;11_20;Baghlan;Puli Khumri
cust_119;36,04583353;68,63749901;0,08;1;12_23;Baghlan;Puli Khumri
cust_120;36,00416686;68,66249901;0,32;4;17_26;Baghlan;Puli Khumri
cust_121;35,94583353;68,66249901;0,08;1;24_26;Baghlan;Puli Khumri
cust_122;35,97083353;68,66249901;0,24;3;21_26;Baghlan;Puli Khumri
cust_123;35,98750019;68,65416567;0,08;1;19_25;Baghlan;Puli Khumri
cust_124;35,96250019;68,63749901;0,16;2;22_23;Baghlan;Puli Khumri
cust_125;35,98750019;68,58749901;0,24;3;19_17;Baghlan;Puli Khumri
cust_126;35,97083353;68,70416567;0,24;3;21_31;Baghlan;Puli Khumri
cust_127;36,02916686;68,62916567;0,08;1;14_22;Baghlan;Puli Khumri
cust_128;36,03750019;68,66249901;0,16;2;13_26;Baghlan;Puli Khumri
cust_129;36,06250019;68,67916567;0,4;5;10_28;Baghlan;Puli Khumri
cust_130;36,10416686;68,56249901;0,16;2;5_14;Baghlan;Puli Khumri
cust_131;36,06250019;68,66249901;0,08;1;10_26;Baghlan;Puli Khumri
cust_132;35,91250019;68,73749901;0,16;2;28_35;Baghlan;Puli Khumri
cust_133;36,09583352;68,59583234;0,08;1;6_18;Baghlan;Puli Khumri
cust_134;36,06250019;68,67083234;0,64;8;10_27;Baghlan;Puli Khumri
cust_135;36,02916686;68,67083234;0,24;3;14_27;Baghlan;Puli Khumri
cust_136;35,99583353;68,65416567;0,08;1;18_25;Baghlan;Puli Khumri
cust_137;35,97916686;68,64583234;0,24;3;20_24;Baghlan;Puli Khumri
cust_138;35,97083353;68,67083234;0,4;5;21_27;Baghlan;Puli Khumri
cust_139;35,97916686;68,70416567;0,24;3;20_31;Baghlan;Puli Khumri
cust_140;36,00416686;68,67916567;0,16;2;17_28;Baghlan;Puli Khumri
cust_141;36,05416686;68,62916567;0,16;2;11_22;Baghlan;Puli Khumri
cust_142;35,97916686;68,72083234;0,24;3;20_33;Baghlan;Puli Khumri
cust_143;36,01250019;68,63749901;0,08;1;16_23;Baghlan;Puli Khumri
cust_144;36,09583352;68,57083234;0,32;4;6_15;Baghlan;Puli Khumri
cust_145;35,98750019;68,69583234;0,4;5;19_30;Baghlan;Puli Khumri
cust_146;36,08750019;68,65416567;0,32;4;7_25;Baghlan;Puli Khumri
cust_147;35,97916686;68,65416567;0,24;3;20_25;Baghlan;Puli Khumri
cust_148;36,06250019;68,62916567;0,08;1;10_22;Baghlan;Puli Khumri
cust_149;35,91250019;68,74583234;0,16;2;28_36;Baghlan;Puli Khumri
cust_150;36,03750019;68,57916567;0,16;2;13_16;Baghlan;Puli Khumri
cust_151;36,07916686;68,53749901;0,08;1;8_11;Baghlan;Puli Khumri
cust_152;35,94583353;68,72916567;0,08;1;24_34;Baghlan;Puli Khumri
cust_153;35,97083353;68,65416567;0,24;3;21_25;Baghlan;Puli Khumri
cust_154;36,00416686;68,58749901;0,08;1;17_17;Baghlan;Puli Khumri
cust_155;36,10416686;68,62916567;0,16;2;5_22;Baghlan;Puli Khumri
cust_156;36,09583352;68,56249901;0,16;2;6_14;Baghlan;Puli Khumri
cust_157;36,06250019;68,63749901;0,08;1;10_23;Baghlan;Puli Khumri
cust_158;36,07916686;68,66249901;0,24;3;8_26;Baghlan;Puli Khumri
cust_159;36,04583353;68,64583234;0,08;1;12_24;Baghlan;Puli Khumri
cust_160;36,09583352;68,52083234;0,08;1;6_9;Baghlan;Puli Khumri
cust_161;36,04583353;68,59583234;0,24;3;12_18;Baghlan;Puli Khumri
cust_162;36,07916686;68,61249901;0,08;1;8_20;Baghlan;Puli Khumri
cust_163;35,97916686;68,68749901;0,16;2;20_29;Baghlan;Puli Khumri
cust_164;36,07916686;68,58749901;0,08;1;8_17;Baghlan;Puli Khumri
cust_165;36,05416686;68,62083234;0,08;1;11_21;Baghlan;Puli Khumri
cust_166;36,03750019;68,61249901;0,16;2;13_20;Baghlan;Puli Khumri
cust_167;36,09583352;68,57916567;0,08;1;6_16;Baghlan;Puli Khumri
cust_168;36,02916686;68,61249901;0,4;5;14_20;Baghlan;Puli Khumri
cust_169;35,97916686;68,59583234;0,08;1;20_18;Baghlan;Puli Khumri
cust_170;35,96250019;68,61249901;0,08;1;22_20;Baghlan;Puli Khumri
cust_171;36,00416686;68,65416567;0,08;1;17_25;Baghlan;Puli Khumri
cust_172;35,99583353;68,67916567;0,24;3;18_28;Baghlan;Puli Khumri
cust_173;35,97083353;68,60416567;0,16;2;21_19;Baghlan;Puli Khumri
cust_174;36,07916686;68,67916567;0,08;1;8_28;Baghlan;Puli Khumri
cust_175;35,99583353;68,68749901;0,24;3;18_29;Baghlan;Puli Khumri
cust_176;36,10416686;68,48749901;0,08;1;5_5;Baghlan;Puli Khumri
cust_177;36,02916686;68,52916567;0,08;1;14_10;Baghlan;Puli Khumri
cust_178;36,09583352;68,62083234;0,08;1;6_21;Baghlan;Puli Khumri
cust_179;36,07083353;68,63749901;0,08;1;9_23;Baghlan;Puli Khumri
cust_180;36,05416686;68,57916567;0,08;1;11_16;Baghlan;Puli Khumri
cust_181;36,03750019;68,59583234;0,08;1;13_18;Baghlan;Puli Khumri
cust_182;36,01250019;68,60416567;0,16;2;16_19;Baghlan;Puli Khumri
cust_183;36,01250019;68,61249901;0,08;1;16_20;Baghlan;Puli Khumri
cust_184;36,06250019;68,55416567;0,08;1;10_13;Baghlan;Puli Khumri
cust_185;36,06250019;68,60416567;0,16;2;10_19;Baghlan;Puli Khumri
cust_186;36,00416686;68,60416567;0,08;1;17_19;Baghlan;Puli Khumri
cust_187;36,02916686;68,64583234;0,08;1;14_24;Baghlan;Puli Khumri
cust_188;35,92916686;68,71249901;0,08;1;26_32;Baghlan;Puli Khumri
cust_189;36,04583353;68,65416567;0,08;1;12_25;Baghlan;Puli Khumri
cust_190;36,00416686;68,68749901;0,08;1;17_29;Baghlan;Puli Khumri
cust_191;36,06250019;68,62083234;0,08;1;10_21;Baghlan;Puli Khumri
cust_192;36,02916686;68,65416567;0,08;1;14_25;Baghlan;Puli Khumri
cust_193;36,04583353;68,58749901;0,08;1;12_17;Baghlan;Puli Khumri
cust_194;36,07083353;68,58749901;0,08;1;9_17;Baghlan;Puli Khumri
cust_195;36,10416686;68,55416567;0,08;1;5_13;Baghlan;Puli Khumri
cust_196;36,01250019;68,57916567;0,08;1;16_16;Baghlan;Puli Khumri
cust_197;36,01250019;68,62083234;0,08;1;16_21;Baghlan;Puli Khumri
cust_198;36,07916686;68,65416567;0,08;1;8_25;Baghlan;Puli Khumri
cust_199;35,80416686;68,87916567;0,08;1;19_82;Baghlan;Dushi
cust_200;35,58750019;68,80416567;0,08;1;45_73;Baghlan;Dushi
cust_201;35,52916686;68,34583234;0,08;1;52_18;Baghlan;Dushi
cust_202;35,61250019;68,68749901;0,08;1;42_59;Baghlan;Dushi
cust_203;35,83750019;68,80416567;0,32;4;15_73;Baghlan;Dushi
cust_204;35,81250019;68,80416567;0,08;1;18_73;Baghlan;Dushi
cust_205;35,83750019;68,787499;0,08;1;15_71;Baghlan;Dushi
cust_206;35,58750019;68,812499;0,08;1;45_74;Baghlan;Dushi
cust_207;35,79583353;68,92083234;0,08;1;20_87;Baghlan;Dushi
cust_208;35,77083353;68,77916567;0,08;1;23_70;Baghlan;Dushi
cust_209;35,56250019;68,80416567;0,08;1;48_73;Baghlan;Dushi
cust_210;35,60416686;68,69583234;0,16;2;43_60;Baghlan;Dushi
cust_211;35,82916686;68,812499;0,08;1;16_74;Baghlan;Dushi
cust_212;35,83750019;68,79583234;0,08;1;15_72;Baghlan;Dushi
cust_213;35,59583353;68,762499;0,08;1;44_68;Baghlan;Dushi
cust_214;35,67083353;68,72916567;0,16;2;35_64;Baghlan;Dushi
cust_215;35,58750019;68,55416567;0,08;1;45_43;Baghlan;Dushi
cust_216;35,49583353;68,32916567;0,08;1;56_16;Baghlan;Dushi
cust_217;35,79583353;68,812499;0,08;1;20_74;Baghlan;Dushi
cust_218;35,57083353;68,42916567;0,16;2;47_28;Baghlan;Dushi
cust_219;35,76250019;68,77083234;0,08;1;24_69;Baghlan;Dushi
cust_220;35,60416686;68,72916567;0,08;1;43_64;Baghlan;Dushi
cust_221;35,57083353;68,43749901;0,08;1;47_29;Baghlan;Dushi
cust_222;35,59583353;68,787499;0,08;1;44_71;Baghlan;Dushi
cust_223;35,66250019;68,72916567;0,08;1;36_64;Baghlan;Dushi
cust_224;35,82916686;68,79583234;0,08;1;16_72;Baghlan;Dushi
cust_225;35,58750019;68,77916567;0,08;1;45_70;Baghlan;Dushi
cust_226;35,75416686;68,72916567;0,08;1;25_64;Baghlan;Dushi
cust_227;35,59583353;68,71249901;0,08;1;44_62;Baghlan;Dushi
cust_228;35,82083353;68,812499;0,16;2;17_74;Baghlan;Dushi
cust_229;35,82083353;68,80416567;0,32;4;17_73;Baghlan;Dushi
cust_230;35,78750019;68,787499;0,08;1;21_71;Baghlan;Dushi
cust_231;35,83750019;68,812499;0,08;1;15_74;Baghlan;Dushi
cust_232;35,56250019;68,42083234;0,08;1;48_27;Baghlan;Dushi
cust_233;35,52916686;68,35416567;0,08;1;52_19;Baghlan;Dushi
cust_234;35,81250019;68,82083234;0,08;1;18_75;Baghlan;Dushi
cust_235;35,79583353;68,80416567;0,08;1;20_73;Baghlan;Dushi
cust_236;35,65416686;68,72083234;0,08;1;37_63;Baghlan;Dushi
cust_237;35,59583353;68,62083234;0,08;1;44_51;Baghlan;Dushi
cust_238;35,65416686;68,71249901;0,08;1;37_62;Baghlan;Dushi
cust_239;35,59583353;68,53749901;0,08;1;44_41;Baghlan;Dushi
cust_240;35,68750019;68,75416567;0,08;1;33_67;Baghlan;Dushi
cust_241;35,58750019;68,762499;0,08;1;45_68;Baghlan;Dushi
cust_242;35,77083353;68,837499;0,08;1;23_77;Baghlan;Dushi
cust_243;35,84583353;68,812499;0,08;1;14_74;Baghlan;Dushi
cust_244;35,66250019;68,72083234;0,08;1;36_63;Baghlan;Dushi
cust_245;36,19583352;69,52916567;2,24;28;20_13;Baghlan;Guzargahi Nur
cust_246;36,29583352;69,62916567;2;25;8_25;Baghlan;Guzargahi Nur
cust_247;36,25416686;69,55416567;1,6;20;13_16;Baghlan;Guzargahi Nur
cust_248;36,22083352;69,59583233;6,72;84;17_21;Baghlan;Guzargahi Nur
cust_249;36,20416686;69,562499;4,8;60;19_17;Baghlan;Guzargahi Nur
cust_250;36,19583352;69,52083234;4,24;53;20_12;Baghlan;Guzargahi Nur
cust_251;36,20416686;69,57083234;11,52;144;19_18;Baghlan;Guzargahi Nur
cust_252;36,24583352;69,587499;1,52;19;14_20;Baghlan;Guzargahi Nur
cust_253;36,21250019;69,587499;5,92;74;18_20;Baghlan;Guzargahi Nur
cust_254;36,20416686;69,54583234;0,8;10;19_15;Baghlan;Guzargahi Nur
cust_255;36,21250019;69,57083234;5,76;72;18_18;Baghlan;Guzargahi Nur
cust_256;36,20416686;69,57916567;9,2;115;19_19;Baghlan;Guzargahi Nur
cust_257;36,22083352;69,60416567;5,68;71;17_22;Baghlan;Guzargahi Nur
cust_258;36,22083352;69,537499;2,4;30;17_14;Baghlan;Guzargahi Nur
cust_259;36,21250019;69,59583233;5,68;71;18_21;Baghlan;Guzargahi Nur
cust_260;36,17916686;69,50416567;0,32;4;22_10;Baghlan;Guzargahi Nur
cust_261;36,21250019;69,57916567;7,12;89;18_19;Baghlan;Guzargahi Nur
cust_262;36,26250019;69,55416567;0,96;12;12_16;Baghlan;Guzargahi Nur
cust_263;36,23750019;69,54583234;2,64;33;15_15;Baghlan;Guzargahi Nur
cust_264;36,22083352;69,62083233;3,44;43;17_24;Baghlan;Guzargahi Nur
cust_265;36,25416686;69,54583234;0,8;10;13_15;Baghlan;Guzargahi Nur
cust_266;36,16250019;69,462499;1,28;16;24_5;Baghlan;Guzargahi Nur
cust_267;36,17916686;69,49583234;1,92;24;22_9;Baghlan;Guzargahi Nur
cust_268;36,20416686;69,62083233;0,16;2;19_24;Baghlan;Guzargahi Nur
cust_269;36,30416686;69,60416567;0,24;3;7_22;Baghlan;Guzargahi Nur
cust_270;36,16250019;69,47083234;2,16;27;24_6;Baghlan;Guzargahi Nur
cust_271;36,20416686;69,52916567;3,36;42;19_13;Baghlan;Guzargahi Nur
cust_272;36,22083352;69,587499;0,88;11;17_20;Baghlan;Guzargahi Nur
cust_273;36,22083352;69,62916567;4,16;52;17_25;Baghlan;Guzargahi Nur
cust_274;36,24583352;69,52916567;0,64;8;14_13;Baghlan;Guzargahi Nur
cust_275;36,22083352;69,637499;0,48;6;17_26;Baghlan;Guzargahi Nur
cust_276;36,21250019;69,537499;1,84;23;18_14;Baghlan;Guzargahi Nur
cust_277;36,22916686;69,487499;0,4;5;16_8;Baghlan;Guzargahi Nur
cust_278;36,28750019;69,687499;0,16;2;9_32;Baghlan;Guzargahi Nur
cust_279;36,21250019;69,562499;2,4;30;18_17;Baghlan;Guzargahi Nur
cust_280;36,14583352;69,45416567;0,24;3;26_4;Baghlan;Guzargahi Nur
cust_281;36,18750019;69,512499;1,44;18;21_11;Baghlan;Guzargahi Nur
cust_282;36,24583352;69,52083234;0,32;4;14_12;Baghlan;Guzargahi Nur
cust_283;36,22083352;69,612499;1,76;22;17_23;Baghlan;Guzargahi Nur
cust_284;36,21250019;69,65416567;0,08;1;18_28;Baghlan;Guzargahi Nur
cust_285;36,15416686;69,462499;0,8;10;25_5;Baghlan;Guzargahi Nur
cust_286;36,17916686;69,47916567;0,96;12;22_7;Baghlan;Guzargahi Nur
cust_287;36,17083352;69,47916567;1,04;13;23_7;Baghlan;Guzargahi Nur
cust_288;36,21250019;69,60416567;0,32;4;18_22;Baghlan;Guzargahi Nur
cust_289;36,18750019;69,50416567;0,72;9;21_10;Baghlan;Guzargahi Nur
cust_290;36,16250019;69,47916567;0,32;4;24_7;Baghlan;Guzargahi Nur
cust_291;36,21250019;69,52916567;1,44;18;18_13;Baghlan;Guzargahi Nur
cust_292;36,22916686;69,54583234;1,04;13;16_15;Baghlan;Guzargahi Nur
cust_293;36,15416686;69,57083234;0,16;2;25_18;Baghlan;Guzargahi Nur
cust_294;36,24583352;69,57916567;0,4;5;14_19;Baghlan;Guzargahi Nur
cust_295;36,17083352;69,487499;1,04;13;23_8;Baghlan;Guzargahi Nur
cust_296;36,30416686;69,57916567;0,88;11;7_19;Baghlan;Guzargahi Nur
cust_297;36,20416686;69,537499;0,72;9;19_14;Baghlan;Guzargahi Nur
cust_298;36,26250019;69,57083234;0,08;1;12_18;Baghlan;Guzargahi Nur
cust_299;36,17916686;69,487499;0,88;11;22_8;Baghlan;Guzargahi Nur
cust_300;36,22916686;69,49583234;0,4;5;16_9;Baghlan;Guzargahi Nur
cust_301;36,27916686;69,55416567;0,24;3;10_16;Baghlan;Guzargahi Nur
cust_302;36,20416686;69,52083234;0,32;4;19_12;Baghlan;Guzargahi Nur
cust_303;36,31250019;69,65416567;0,08;1;6_28;Baghlan;Guzargahi Nur
cust_304;36,21250019;69,55416567;0,24;3;18_16;Baghlan;Guzargahi Nur
cust_305;36,22083352;69,64583233;0,24;3;17_27;Baghlan;Guzargahi Nur
cust_306;36,28750019;69,62083233;0,08;1;9_24;Baghlan;Guzargahi Nur
cust_307;36,23750019;69,55416567;0,56;7;15_16;Baghlan;Guzargahi Nur
cust_308;36,20416686;69,55416567;0,16;2;19_16;Baghlan;Guzargahi Nur
cust_309;36,29583352;69,562499;0,72;9;8_17;Baghlan;Guzargahi Nur
cust_310;36,25416686;69,57083234;0,08;1;13_18;Baghlan;Guzargahi Nur
cust_311;36,15416686;69,55416567;0,32;4;25_16;Baghlan;Guzargahi Nur
cust_312;36,22916686;69,537499;0,8;10;16_14;Baghlan;Guzargahi Nur
cust_313;36,14583352;69,437499;0,4;5;26_2;Baghlan;Guzargahi Nur
cust_314;36,22083352;69,52916567;0,56;7;17_13;Baghlan;Guzargahi Nur
cust_315;36,17083352;69,45416567;0,08;1;23_4;Baghlan;Guzargahi Nur
cust_316;36,31250019;69,612499;0,08;1;6_23;Baghlan;Guzargahi Nur
cust_317;36,28750019;69,62916567;0,24;3;9_25;Baghlan;Guzargahi Nur
cust_318;36,22916686;69,62916567;0,8;10;16_25;Baghlan;Guzargahi Nur
cust_319;36,30416686;69,59583233;0,32;4;7_21;Baghlan;Guzargahi Nur
cust_320;36,27916686;69,62083233;0,24;3;10_24;Baghlan;Guzargahi Nur
cust_321;36,24583352;69,57083234;0,32;4;14_18;Baghlan;Guzargahi Nur
cust_322;36,24583352;69,62083233;0,16;2;14_24;Baghlan;Guzargahi Nur
cust_323;36,17083352;69,60416567;0,16;2;23_22;Baghlan;Guzargahi Nur
cust_324;36,18750019;69,662499;0,08;1;21_29;Baghlan;Guzargahi Nur
cust_325;36,29583352;69,57083234;0,16;2;8_18;Baghlan;Guzargahi Nur
cust_326;36,32083352;69,67083233;0,08;1;5_30;Baghlan;Guzargahi Nur
cust_327;36,22083352;69,52083234;0,24;3;17_12;Baghlan;Guzargahi Nur
cust_328;36,15416686;69,47083234;0,48;6;25_6;Baghlan;Guzargahi Nur
cust_329;36,21250019;69,62916567;0,24;3;18_25;Baghlan;Guzargahi Nur
cust_330;36,21250019;69,54583234;0,16;2;18_15;Baghlan;Guzargahi Nur
cust_331;36,23750019;69,52083234;0,16;2;15_12;Baghlan;Guzargahi Nur
cust_332;36,27083352;69,637499;0,08;1;11_26;Baghlan;Guzargahi Nur
cust_333;36,29583352;69,62083233;0,16;2;8_24;Baghlan;Guzargahi Nur
cust_334;36,27916686;69,62916567;0,08;1;10_25;Baghlan;Guzargahi Nur
cust_335;36,22916686;69,45416567;0,08;1;16_4;Baghlan;Guzargahi Nur
cust_336;36,23750019;69,50416567;0,08;1;15_10;Baghlan;Guzargahi Nur
cust_337;36,24583352;69,60416567;0,16;2;14_22;Baghlan;Guzargahi Nur
cust_338;36,32083352;69,637499;0,08;1;5_26;Baghlan;Guzargahi Nur
cust_339;36,27916686;69,57916567;0,16;2;10_19;Baghlan;Guzargahi Nur
cust_340;36,20416686;69,612499;0,08;1;19_23;Baghlan;Guzargahi Nur
cust_341;36,25416686;69,612499;0,08;1;13_23;Baghlan;Guzargahi Nur
cust_342;36,27083352;69,55416567;0,08;1;11_16;Baghlan;Guzargahi Nur
cust_343;36,32083352;69,65416567;0,08;1;5_28;Baghlan;Guzargahi Nur
cust_344;36,15416686;69,45416567;0,4;5;25_4;Baghlan;Guzargahi Nur
cust_345;36,31250019;69,662499;0,16;2;6_29;Baghlan;Guzargahi Nur
cust_346;36,21250019;69,50416567;0,08;1;18_10;Baghlan;Guzargahi Nur
cust_347;36,24583352;69,55416567;0,08;1;14_16;Baghlan;Guzargahi Nur
cust_348;36,22916686;69,62083233;0,08;1;16_24;Baghlan;Guzargahi Nur
cust_349;36,23750019;69,512499;0,08;1;15_11;Baghlan;Guzargahi Nur
cust_350;36,18750019;69,52083234;0,08;1;21_12;Baghlan;Guzargahi Nur
cust_351;36,13750019;69,54583234;0,24;3;27_15;Baghlan;Guzargahi Nur
cust_352;36,22916686;69,65416567;0,08;1;16_28;Baghlan;Guzargahi Nur
cust_353;36,27083352;69,54583234;0,08;1;11_15;Baghlan;Guzargahi Nur
cust_354;36,18750019;69,49583234;0,08;1;21_9;Baghlan;Guzargahi Nur
cust_355;36,31250019;69,59583233;0,08;1;6_21;Baghlan;Guzargahi Nur
cust_356;36,16250019;69,587499;0,08;1;24_20;Baghlan;Guzargahi Nur
cust_357;36,24583352;69,512499;0,08;1;14_11;Baghlan;Guzargahi Nur
cust_358;36,30416686;69,587499;0,24;3;7_20;Baghlan;Guzargahi Nur
cust_359;36,30416686;69,65416567;0,08;1;7_28;Baghlan;Guzargahi Nur
cust_360;36,20416686;69,637499;0,08;1;19_26;Baghlan;Guzargahi Nur
cust_361;36,22083352;69,65416567;0,08;1;17_28;Baghlan;Guzargahi Nur
cust_362;36,22916686;69,67083233;0,08;1;16_30;Baghlan;Guzargahi Nur
cust_363;36,18750019;69,487499;0,32;4;21_8;Baghlan;Guzargahi Nur
cust_364;36,22916686;69,637499;0,08;1;16_26;Baghlan;Guzargahi Nur
cust_365;36,24583352;69,67083233;0,08;1;14_30;Baghlan;Guzargahi Nur
cust_366;36,24583352;69,54583234;0,08;1;14_15;Baghlan;Guzargahi Nur
cust_367;36,06250019;69,112499;0,16;2;17_35;Baghlan;Nahrin
cust_368;36,06250019;68,95416567;0,08;1;17_16;Baghlan;Nahrin
cust_369;36,07916686;69,12083234;0,24;3;15_36;Baghlan;Nahrin
cust_370;35,82916686;68,90416567;0,08;1;45_10;Baghlan;Nahrin
cust_371;36,06250019;69,00416567;0,08;1;17_22;Baghlan;Nahrin
cust_372;36,07083353;69,10416567;0,16;2;16_34;Baghlan;Nahrin
cust_373;36,06250019;69,137499;0,16;2;17_38;Baghlan;Nahrin
cust_374;36,06250019;68,97083234;0,08;1;17_18;Baghlan;Nahrin
cust_375;36,03750019;68,99583234;0,24;3;20_21;Baghlan;Nahrin
cust_376;35,95416686;69,02916567;0,08;1;30_25;Baghlan;Nahrin
cust_377;36,06250019;69,09583234;0,24;3;17_33;Baghlan;Nahrin
cust_378;36,07083353;69,12916567;0,08;1;16_37;Baghlan;Nahrin
cust_379;36,05416686;69,12083234;0,16;2;18_36;Baghlan;Nahrin
cust_380;36,04583353;69,087499;0,16;2;19_32;Baghlan;Nahrin
cust_381;36,04583353;69,10416567;0,08;1;19_34;Baghlan;Nahrin
cust_382;36,11250019;68,962499;0,16;2;11_17;Baghlan;Nahrin
cust_383;36,07916686;69,07916567;0,16;2;15_31;Baghlan;Nahrin
cust_384;35,97916686;69,02916567;0,08;1;27_25;Baghlan;Nahrin
cust_385;36,07083353;69,087499;0,08;1;16_32;Baghlan;Nahrin
cust_386;36,04583353;69,012499;0,16;2;19_23;Baghlan;Nahrin
cust_387;36,11250019;68,987499;0,08;1;11_20;Baghlan;Nahrin
cust_388;36,05416686;69,10416567;0,08;1;18_34;Baghlan;Nahrin
cust_389;36,06250019;69,10416567;0,48;6;17_34;Baghlan;Nahrin
cust_390;36,06250019;69,087499;0,24;3;17_32;Baghlan;Nahrin
cust_391;36,07916686;69,07083234;0,08;1;15_30;Baghlan;Nahrin
cust_392;36,05416686;69,112499;0,24;3;18_35;Baghlan;Nahrin
cust_393;35,97083353;69,02916567;0,08;1;28_25;Baghlan;Nahrin
cust_394;36,03750019;68,987499;0,16;2;20_20;Baghlan;Nahrin
cust_395;36,06250019;69,12916567;0,16;2;17_37;Baghlan;Nahrin
cust_396;36,09583352;69,037499;0,08;1;13_26;Baghlan;Nahrin
cust_397;36,05416686;69,02083234;0,08;1;18_24;Baghlan;Nahrin
cust_398;36,10416686;69,00416567;0,08;1;12_22;Baghlan;Nahrin
cust_399;35,97083353;69,15416567;0,08;1;28_40;Baghlan;Nahrin
cust_400;36,06250019;69,07083234;0,08;1;17_30;Baghlan;Nahrin
cust_401;36,07083353;69,112499;0,24;3;16_35;Baghlan;Nahrin
cust_402;36,04583353;69,02916567;0,16;2;19_25;Baghlan;Nahrin
cust_403;35,88750019;69,07916567;0,08;1;38_31;Baghlan;Nahrin
cust_404;36,07083353;69,04583234;0,08;1;16_27;Baghlan;Nahrin
cust_405;36,08750019;69,037499;0,08;1;14_26;Baghlan;Nahrin
cust_406;36,06250019;68,962499;0,08;1;17_17;Baghlan;Nahrin
cust_407;36,05416686;69,07916567;0,08;1;18_31;Baghlan;Nahrin
cust_408;35,84583353;68,887499;0,08;1;43_8;Baghlan;Nahrin
cust_409;35,87916686;68,92916567;0,08;1;39_13;Baghlan;Nahrin
cust_410;35,96250019;69,15416567;0,08;1;29_40;Baghlan;Nahrin
cust_411;36,08750019;69,02916567;0,08;1;14_25;Baghlan;Nahrin
cust_412;36,05416686;69,012499;0,08;1;18_23;Baghlan;Nahrin
cust_413;36,01250019;69,12083234;0,16;2;23_36;Baghlan;Nahrin
cust_414;35,99583353;69,09583234;0,08;1;25_33;Baghlan;Nahrin
cust_415;36,04583353;69,00416567;0,16;2;19_22;Baghlan;Nahrin
cust_416;36,05416686;69,02916567;0,24;3;18_25;Baghlan;Nahrin
cust_417;36,07916686;69,037499;0,08;1;15_26;Baghlan;Nahrin
cust_418;36,06250019;69,12083234;0,16;2;17_36;Baghlan;Nahrin
cust_419;36,06250019;69,14583234;0,08;1;17_39;Baghlan;Nahrin
cust_420;36,04583353;68,97916567;0,08;1;19_19;Baghlan;Nahrin
cust_421;35,90416686;68,97916567;0,08;1;36_19;Baghlan;Nahrin
cust_422;35,98750019;69,07916567;0,08;1;26_31;Baghlan;Nahrin
cust_423;36,05416686;69,087499;0,08;1;18_32;Baghlan;Nahrin
cust_424;35,83750019;68,89583234;0,08;1;44_9;Baghlan;Nahrin
cust_425;35,56250019;69,42083234;0,72;9;20_10;Baghlan;Puli Hisar
cust_426;35,63750019;69,40416567;0,4;5;11_8;Baghlan;Puli Hisar
cust_427;35,65416686;69,362499;0,96;12;9_3;Baghlan;Puli Hisar
cust_428;35,62083353;69,462499;0,64;8;13_15;Baghlan;Puli Hisar
cust_429;35,65416686;69,387499;0,56;7;9_6;Baghlan;Puli Hisar
cust_430;35,62916686;69,45416567;0,32;4;12_14;Baghlan;Puli Hisar
cust_431;35,63750019;69,47083234;0,32;4;11_16;Baghlan;Puli Hisar
cust_432;35,59583353;69,44583234;0,08;1;16_13;Baghlan;Puli Hisar
cust_433;35,56250019;69,437499;0,08;1;20_12;Baghlan;Puli Hisar
cust_434;35,57083353;69,44583234;0,32;4;19_13;Baghlan;Puli Hisar
cust_435;35,65416686;69,37083234;0,48;6;9_4;Baghlan;Puli Hisar
cust_436;35,61250019;69,537499;0,16;2;14_24;Baghlan;Puli Hisar
cust_437;35,63750019;69,437499;0,24;3;11_12;Baghlan;Puli Hisar
cust_438;35,62916686;69,537499;0,08;1;12_24;Baghlan;Puli Hisar
cust_439;35,64583353;69,412499;0,4;5;10_9;Baghlan;Puli Hisar
cust_440;35,61250019;69,49583234;0,24;3;14_19;Baghlan;Puli Hisar
cust_441;35,63750019;69,42916567;0,24;3;11_11;Baghlan;Puli Hisar
cust_442;35,54583353;69,487499;0,24;3;22_18;Baghlan;Puli Hisar
cust_443;35,62916686;69,65416567;0,08;1;12_38;Baghlan;Puli Hisar
cust_444;35,65416686;69,39583234;0,56;7;9_7;Baghlan;Puli Hisar
cust_445;35,62916686;69,62916567;0,32;4;12_35;Baghlan;Puli Hisar
cust_446;35,63750019;69,42083234;0,64;8;11_10;Baghlan;Puli Hisar
cust_447;35,64583353;69,39583234;0,48;6;10_7;Baghlan;Puli Hisar
cust_448;35,62083353;69,512499;0,16;2;13_21;Baghlan;Puli Hisar
cust_449;35,64583353;69,387499;0,56;7;10_6;Baghlan;Puli Hisar
cust_450;35,61250019;69,50416567;0,48;6;14_20;Baghlan;Puli Hisar
cust_451;35,55416686;69,487499;0,24;3;21_18;Baghlan;Puli Hisar
cust_452;35,55416686;69,47916567;0,32;4;21_17;Baghlan;Puli Hisar
cust_453;35,64583353;69,40416567;0,32;4;10_8;Baghlan;Puli Hisar
cust_454;35,62083353;69,54583234;0,32;4;13_25;Baghlan;Puli Hisar
cust_455;35,54583353;69,52083234;0,16;2;22_22;Baghlan;Puli Hisar
cust_456;35,58750019;69,437499;0,24;3;17_12;Baghlan;Puli Hisar
cust_457;35,63750019;69,54583234;0,08;1;11_25;Baghlan;Puli Hisar
cust_458;35,64583353;69,47083234;0,08;1;10_16;Baghlan;Puli Hisar
cust_459;35,62916686;69,662499;0,16;2;12_39;Baghlan;Puli Hisar
cust_460;35,63750019;69,412499;0,16;2;11_9;Baghlan;Puli Hisar
cust_461;35,54583353;69,49583234;0,08;1;22_19;Baghlan;Puli Hisar
cust_462;35,62916686;69,54583234;0,4;5;12_25;Baghlan;Puli Hisar
cust_463;35,55416686;69,42083234;0,08;1;21_10;Baghlan;Puli Hisar
cust_464;35,62083353;69,60416567;0,08;1;13_32;Baghlan;Puli Hisar
cust_465;35,65416686;69,40416567;0,08;1;9_8;Baghlan;Puli Hisar
cust_466;35,59583353;69,42916567;0,08;1;16_11;Baghlan;Puli Hisar
cust_467;35,62916686;69,47083234;0,24;3;12_16;Baghlan;Puli Hisar
cust_468;35,57916686;69,437499;0,08;1;18_12;Baghlan;Puli Hisar
cust_469;35,59583353;69,437499;0,16;2;16_12;Baghlan;Puli Hisar
cust_470;35,55416686;69,44583234;0,16;2;21_13;Baghlan;Puli Hisar
cust_471;35,61250019;69,52916567;0,24;3;14_23;Baghlan;Puli Hisar
cust_472;35,60416686;69,44583234;0,16;2;15_13;Baghlan;Puli Hisar
cust_473;35,56250019;69,44583234;0,16;2;20_13;Baghlan;Puli Hisar
cust_474;35,64583353;69,37083234;0,24;3;10_4;Baghlan;Puli Hisar
cust_475;35,62083353;69,50416567;0,32;4;13_20;Baghlan;Puli Hisar
cust_476;35,63750019;69,662499;0,16;2;11_39;Baghlan;Puli Hisar
cust_477;35,63750019;69,44583234;0,16;2;11_13;Baghlan;Puli Hisar
cust_478;35,64583353;69,637499;0,08;1;10_36;Baghlan;Puli Hisar
cust_479;35,62083353;69,487499;0,16;2;13_18;Baghlan;Puli Hisar
cust_480;35,61250019;69,45416567;0,32;4;14_14;Baghlan;Puli Hisar
cust_481;35,65416686;69,37916567;0,32;4;9_5;Baghlan;Puli Hisar
cust_482;35,62083353;69,57916567;0,16;2;13_29;Baghlan;Puli Hisar
cust_483;35,70416686;69,80416567;0,08;1;3_56;Baghlan;Puli Hisar
cust_484;35,54583353;69,512499;0,32;4;22_21;Baghlan;Puli Hisar
cust_485;35,61250019;69,487499;0,16;2;14_18;Baghlan;Puli Hisar
cust_486;35,62916686;69,60416567;0,08;1;12_32;Baghlan;Puli Hisar
cust_487;35,62083353;69,47083234;0,16;2;13_16;Baghlan;Puli Hisar
cust_488;35,62083353;69,52916567;0,4;5;13_23;Baghlan;Puli Hisar
cust_489;35,66250019;69,67916567;0,08;1;8_41;Baghlan;Puli Hisar
cust_490;35,62083353;69,45416567;0,08;1;13_14;Baghlan;Puli Hisar
cust_491;35,55416686;69,45416567;0,16;2;21_14;Baghlan;Puli Hisar
cust_492;35,62916686;69,637499;0,08;1;12_36;Baghlan;Puli Hisar
cust_493;35,67083353;69,762499;0,08;1;7_51;Baghlan;Puli Hisar
cust_494;35,63750019;69,69583233;0,08;1;11_43;Baghlan;Puli Hisar
cust_495;35,58750019;69,462499;0,08;1;17_15;Baghlan;Puli Hisar
cust_496;35,62916686;69,44583234;0,08;1;12_13;Baghlan;Puli Hisar
cust_497;35,57083353;69,42083234;0,16;2;19_10;Baghlan;Puli Hisar
cust_498;35,61250019;69,462499;0,08;1;14_15;Baghlan;Puli Hisar
cust_499;35,62916686;69,687499;0,16;2;12_42;Baghlan;Puli Hisar
cust_500;35,67083353;69,437499;0,08;1;7_12;Baghlan;Puli Hisar
cust_501;35,61250019;69,47083234;0,08;1;14_16;Baghlan;Puli Hisar
cust_502;35,62083353;69,59583233;0,08;1;13_31;Baghlan;Puli Hisar
cust_503;35,61250019;69,70416567;0,08;1;14_44;Baghlan;Puli Hisar
cust_504;35,61250019;69,55416567;0,08;1;14_26;Baghlan;Puli Hisar
cust_505;35,68750019;69,337499;0,08;1;22_16;Baghlan;Dih Salah
cust_506;35,67083353;69,312499;0,24;3;24_13;Baghlan;Dih Salah
cust_507;35,72916686;69,412499;0,08;1;17_25;Baghlan;Dih Salah
cust_508;35,71250019;69,312499;0,08;1;19_13;Baghlan;Dih Salah
cust_509;35,80416686;69,35416567;0,08;1;8_18;Baghlan;Dih Salah
cust_510;35,66250019;69,362499;0,08;1;25_19;Baghlan;Dih Salah
cust_511;35,69583353;69,32916567;0,08;1;21_15;Baghlan;Dih Salah
cust_512;35,71250019;69,287499;0,08;1;19_10;Baghlan;Dih Salah
cust_513;35,72083353;69,35416567;0,08;1;18_18;Baghlan;Dih Salah
cust_514;35,72916686;69,39583234;0,08;1;17_23;Baghlan;Dih Salah
cust_515;35,66250019;69,37083234;0,16;2;25_20;Baghlan;Dih Salah
cust_516;35,69583353;69,312499;0,08;1;21_13;Baghlan;Dih Salah
cust_517;35,68750019;69,312499;0,08;1;22_13;Baghlan;Dih Salah
cust_518;35,79583353;69,362499;0,08;1;9_19;Baghlan;Dih Salah
cust_519;35,67083353;69,35416567;0,08;1;24_18;Baghlan;Dih Salah
cust_520;35,72083353;69,39583234;0,08;1;18_23;Baghlan;Dih Salah
cust_521;35,67916686;69,337499;0,16;2;23_16;Baghlan;Dih Salah
cust_522;35,74583353;69,32083234;0,08;1;15_14;Baghlan;Dih Salah
cust_523;35,67083353;69,34583234;0,08;1;24_17;Baghlan;Dih Salah
cust_524;35,67083353;69,337499;0,08;1;24_16;Baghlan;Dih Salah
cust_525;35,71250019;69,22916567;0,08;1;19_3;Baghlan;Dih Salah
cust_526;35,70416686;69,312499;0,08;1;20_13;Baghlan;Dih Salah
cust_527;35,72083353;69,37916567;0,08;1;18_21;Baghlan;Dih Salah
cust_528;35,65416686;69,287499;0,08;1;26_10;Baghlan;Dih Salah
cust_529;35,95416686;68,56249901;0,08;1;13_51;Baghlan;Dahana-I- Ghuri
cust_530;35,82083353;68,48749901;0,16;2;29_42;Baghlan;Dahana-I- Ghuri
cust_531;35,77916686;68,67916567;0,08;1;34_65;Baghlan;Dahana-I- Ghuri
cust_532;35,90416686;68,54583234;0,16;2;19_49;Baghlan;Dahana-I- Ghuri
cust_533;35,90416686;68,52083234;0,08;1;19_46;Baghlan;Dahana-I- Ghuri
cust_534;35,93750019;68,59583234;0,24;3;15_55;Baghlan;Dahana-I- Ghuri
cust_535;35,79583353;68,63749901;0,08;1;32_60;Baghlan;Dahana-I- Ghuri
cust_536;35,93750019;68,60416567;0,08;1;15_56;Baghlan;Dahana-I- Ghuri
cust_537;35,91250019;68,48749901;0,16;2;18_42;Baghlan;Dahana-I- Ghuri
cust_538;35,82916686;68,42916567;0,08;1;28_35;Baghlan;Dahana-I- Ghuri
cust_539;35,93750019;68,57916567;0,24;3;15_53;Baghlan;Dahana-I- Ghuri
cust_540;35,96250019;68,57083234;0,16;2;12_52;Baghlan;Dahana-I- Ghuri
cust_541;35,71250019;68,66249901;0,08;1;42_63;Baghlan;Dahana-I- Ghuri
cust_542;35,96250019;68,56249901;0,4;5;12_51;Baghlan;Dahana-I- Ghuri
cust_543;35,85416686;68,43749901;0,08;1;25_36;Baghlan;Dahana-I- Ghuri
cust_544;35,73750019;68,51249901;0,08;1;39_45;Baghlan;Dahana-I- Ghuri
cust_545;35,90416686;68,58749901;0,08;1;19_54;Baghlan;Dahana-I- Ghuri
cust_546;35,91250019;68,49583234;0,16;2;18_43;Baghlan;Dahana-I- Ghuri
cust_547;35,97083353;68,54583234;0,08;1;11_49;Baghlan;Dahana-I- Ghuri
cust_548;35,93750019;68,65416567;0,16;2;15_62;Baghlan;Dahana-I- Ghuri
cust_549;35,84583353;68,42916567;0,08;1;26_35;Baghlan;Dahana-I- Ghuri
cust_550;35,92916686;68,65416567;0,08;1;16_62;Baghlan;Dahana-I- Ghuri
cust_551;35,93750019;68,61249901;0,08;1;15_57;Baghlan;Dahana-I- Ghuri
cust_552;35,93750019;68,58749901;0,16;2;15_54;Baghlan;Dahana-I- Ghuri
cust_553;35,93750019;68,63749901;0,24;3;15_60;Baghlan;Dahana-I- Ghuri
cust_554;35,91250019;68,51249901;0,16;2;18_45;Baghlan;Dahana-I- Ghuri
cust_555;35,94583353;68,57916567;0,08;1;14_53;Baghlan;Dahana-I- Ghuri
cust_556;35,97916686;68,57083234;0,08;1;10_52;Baghlan;Dahana-I- Ghuri
cust_557;35,82083353;68,49583234;0,08;1;29_43;Baghlan;Dahana-I- Ghuri
cust_558;35,87083353;68,39583234;0,08;1;23_31;Baghlan;Dahana-I- Ghuri
cust_559;35,87916686;68,56249901;0,08;1;22_51;Baghlan;Dahana-I- Ghuri
cust_560;35,96250019;68,58749901;0,16;2;12_54;Baghlan;Dahana-I- Ghuri
cust_561;35,77916686;68,64583234;0,08;1;34_61;Baghlan;Dahana-I- Ghuri
cust_562;35,97916686;68,56249901;0,08;1;10_51;Baghlan;Dahana-I- Ghuri
cust_563;35,90416686;68,59583234;0,08;1;19_55;Baghlan;Dahana-I- Ghuri
cust_564;35,97083353;68,57916567;0,08;1;11_53;Baghlan;Dahana-I- Ghuri
cust_565;35,96250019;68,55416567;0,08;1;12_50;Baghlan;Dahana-I- Ghuri
cust_566;35,93750019;68,66249901;0,16;2;15_63;Baghlan;Dahana-I- Ghuri
cust_567;35,93750019;68,62916567;0,08;1;15_59;Baghlan;Dahana-I- Ghuri
cust_568;35,90416686;68,50416567;0,08;1;19_44;Baghlan;Dahana-I- Ghuri
cust_569;35,93750019;68,64583234;0,24;3;15_61;Baghlan;Dahana-I- Ghuri
cust_570;35,90416686;68,60416567;0,16;2;19_56;Baghlan;Dahana-I- Ghuri
cust_571;35,92916686;68,60416567;0,08;1;16_56;Baghlan;Dahana-I- Ghuri
cust_572;35,97083353;68,55416567;0,16;2;11_50;Baghlan;Dahana-I- Ghuri
cust_573;35,69583353;68,58749901;0,08;1;44_54;Baghlan;Dahana-I- Ghuri
cust_574;35,98750019;68,56249901;0,08;1;9_51;Baghlan;Dahana-I- Ghuri
cust_575;35,89583353;68,52083234;0,08;1;20_46;Baghlan;Dahana-I- Ghuri
cust_576;35,97916686;68,55416567;0,08;1;10_50;Baghlan;Dahana-I- Ghuri
cust_577;35,92916686;68,47916567;0,08;1;16_41;Baghlan;Dahana-I- Ghuri
cust_578;35,92916686;68,64583234;0,16;2;16_61;Baghlan;Dahana-I- Ghuri
cust_579;35,72083353;68,59583234;0,08;1;41_55;Baghlan;Dahana-I- Ghuri
cust_580;35,91250019;68,62916567;0,08;1;18_59;Baghlan;Dahana-I- Ghuri
cust_581;35,78750019;68,63749901;0,08;1;33_60;Baghlan;Dahana-I- Ghuri
cust_582;35,86250019;68,42916567;0,08;1;24_35;Baghlan;Dahana-I- Ghuri
cust_583;35,89583353;68,58749901;0,16;2;20_54;Baghlan;Dahana-I- Ghuri
cust_584;35,87083353;68,53749901;0,08;1;23_48;Baghlan;Dahana-I- Ghuri
cust_585;35,87916686;68,44583234;0,08;1;22_37;Baghlan;Dahana-I- Ghuri
cust_586;35,94583353;68,62083234;0,08;1;14_58;Baghlan;Dahana-I- Ghuri
cust_587;35,92083353;68,52916567;0,08;1;17_47;Baghlan;Dahana-I- Ghuri
cust_588;35,90416686;68,47083234;0,08;1;19_40;Baghlan;Dahana-I- Ghuri
cust_589;35,95416686;68,57083234;0,08;1;13_52;Baghlan;Dahana-I- Ghuri
cust_590;35,87083353;68,42916567;0,08;1;23_35;Baghlan;Dahana-I- Ghuri
cust_591;35,94583353;68,57083234;0,08;1;14_52;Baghlan;Dahana-I- Ghuri
cust_592;35,97916686;68,44583234;0,08;1;10_37;Baghlan;Dahana-I- Ghuri
cust_593;35,73750019;68,63749901;0,08;1;39_60;Baghlan;Dahana-I- Ghuri
cust_594;35,95416686;68,61249901;0,08;1;13_57;Baghlan;Dahana-I- Ghuri
cust_595;35,96250019;68,59583234;0,08;1;12_55;Baghlan;Dahana-I- Ghuri
cust_596;35,82083353;68,50416567;0,08;1;29_44;Baghlan;Dahana-I- Ghuri
cust_597;35,83750019;68,43749901;0,08;1;27_36;Baghlan;Dahana-I- Ghuri
cust_598;35,72916686;68,58749901;0,16;2;40_54;Baghlan;Dahana-I- Ghuri
cust_599;35,95416686;68,57916567;0,08;1;13_53;Baghlan;Dahana-I- Ghuri
cust_600;36,30416686;69,137499;8,64;108;15_25;Baghlan;Burka
cust_601;36,24583352;68,97083234;0,8;10;22_5;Baghlan;Burka
cust_602;36,31250019;69,137499;5,36;67;14_25;Baghlan;Burka
cust_603;36,22083352;69,25416567;0,96;12;25_39;Baghlan;Burka
cust_604;36,22916686;69,112499;3,36;42;24_22;Baghlan;Burka
cust_605;36,22083352;69,14583234;6,32;79;25_26;Baghlan;Burka
cust_606;36,20416686;69,15416567;6,16;77;27_27;Baghlan;Burka
cust_607;36,23750019;69,212499;0,88;11;23_34;Baghlan;Burka
cust_608;36,39583352;68,99583234;0,32;4;4_8;Baghlan;Burka
cust_609;36,22083352;69,15416567;9,84;123;25_27;Baghlan;Burka
cust_610;36,25416686;69,09583234;2,08;26;21_20;Baghlan;Burka
cust_611;36,39583352;68,97916567;0,96;12;4_6;Baghlan;Burka
cust_612;36,22083352;69,137499;2,4;30;25_25;Baghlan;Burka
cust_613;36,27916686;69,10416567;7,92;99;18_21;Baghlan;Burka
cust_614;36,38750019;69,02083234;0,56;7;5_11;Baghlan;Burka
cust_615;36,30416686;69,12083234;4,08;51;15_23;Baghlan;Burka
cust_616;36,22916686;69,162499;2,56;32;24_28;Baghlan;Burka
cust_617;36,23750019;69,12916567;2,32;29;23_24;Baghlan;Burka
cust_618;36,18750019;69,137499;2,16;27;29_25;Baghlan;Burka
cust_619;36,25416686;69,20416567;1,28;16;21_33;Baghlan;Burka
cust_620;36,27916686;69,19583234;1,12;14;18_32;Baghlan;Burka
cust_621;36,28750019;69,17916567;1,28;16;17_30;Baghlan;Burka
cust_622;36,22083352;69,22916567;2,24;28;25_36;Baghlan;Burka
cust_623;36,33750019;69,112499;3,92;49;11_22;Baghlan;Burka
cust_624;36,31250019;69,12083234;5,12;64;14_23;Baghlan;Burka
cust_625;36,29583352;69,14583234;1,44;18;16_26;Baghlan;Burka
cust_626;36,40416686;69,062499;0,56;7;3_16;Baghlan;Burka
cust_627;36,20416686;69,162499;7,76;97;27_28;Baghlan;Burka
cust_628;36,34583352;69,012499;0,24;3;10_10;Baghlan;Burka
cust_629;36,22083352;69,162499;1,68;21;25_28;Baghlan;Burka
cust_630;36,16250019;69,19583234;0,24;3;32_32;Baghlan;Burka
cust_631;36,35416686;68,962499;0,4;5;9_4;Baghlan;Burka
cust_632;36,32916686;69,12083234;0,72;9;12_23;Baghlan;Burka
cust_633;36,25416686;69,212499;3,6;45;21_34;Baghlan;Burka
cust_634;36,20416686;69,27083234;0,24;3;27_41;Baghlan;Burka
cust_635;36,30416686;69,12916567;10,24;128;15_24;Baghlan;Burka
cust_636;36,13750019;69,187499;0,32;4;35_31;Baghlan;Burka
cust_637;36,19583352;69,17083234;0,96;12;28_29;Baghlan;Burka
cust_638;36,19583352;69,162499;4,32;54;28_28;Baghlan;Burka
cust_639;36,22083352;69,12083234;1,76;22;25_23;Baghlan;Burka
cust_640;36,23750019;69,112499;0,32;4;23_22;Baghlan;Burka
cust_641;36,19583352;69,137499;9,6;120;28_25;Baghlan;Burka
cust_642;36,26250019;69,24583234;0,48;6;20_38;Baghlan;Burka
cust_643;36,21250019;69,15416567;3,68;46;26_27;Baghlan;Burka
cust_644;36,24583352;69,12916567;0,72;9;22_24;Baghlan;Burka
cust_645;36,19583352;69,12083234;0,4;5;28_23;Baghlan;Burka
cust_646;36,22916686;69,14583234;3,84;48;24_26;Baghlan;Burka
cust_647;36,27083352;69,20416567;1,12;14;19_33;Baghlan;Burka
cust_648;36,31250019;69,12916567;5,44;68;14_24;Baghlan;Burka
cust_649;36,17916686;69,35416567;0,32;4;30_51;Baghlan;Burka
cust_650;36,25416686;69,15416567;1,52;19;21_27;Baghlan;Burka
cust_651;36,40416686;68,987499;0,8;10;3_7;Baghlan;Burka
cust_652;36,14583352;69,19583234;2,96;37;34_32;Baghlan;Burka
cust_653;36,20416686;69,237499;0,96;12;27_37;Baghlan;Burka
cust_654;36,34583352;69,00416567;0,32;4;10_9;Baghlan;Burka
cust_655;36,36250019;68,99583234;0,24;3;8_8;Baghlan;Burka
cust_656;36,22083352;69,12916567;2,88;36;25_24;Baghlan;Burka
cust_657;36,18750019;69,35416567;0,48;6;29_51;Baghlan;Burka
cust_658;36,27916686;69,09583234;1,76;22;18_20;Baghlan;Burka
cust_659;36,29583352;69,15416567;0,96;12;16_27;Baghlan;Burka
cust_660;36,22083352;69,22083234;3,68;46;25_35;Baghlan;Burka
cust_661;36,24583352;69,17083234;0,24;3;22_29;Baghlan;Burka
cust_662;36,20416686;69,137499;1,76;22;27_25;Baghlan;Burka
cust_663;36,23750019;69,12083234;0,96;12;23_23;Baghlan;Burka
cust_664;36,27916686;69,20416567;1,36;17;18_33;Baghlan;Burka
cust_665;36,21250019;69,12916567;0,32;4;26_24;Baghlan;Burka
cust_666;36,25416686;69,087499;0,88;11;21_19;Baghlan;Burka
cust_667;36,24583352;69,212499;4,4;55;22_34;Baghlan;Burka
cust_668;36,18750019;69,12916567;7,44;93;29_24;Baghlan;Burka
cust_669;36,17916686;69,137499;1,12;14;30_25;Baghlan;Burka
cust_670;36,24583352;69,20416567;0,4;5;22_33;Baghlan;Burka
cust_671;36,18750019;69,15416567;0,48;6;29_27;Baghlan;Burka
cust_672;36,13750019;69,19583234;3,36;42;35_32;Baghlan;Burka
cust_673;36,27916686;69,22916567;0,72;9;18_36;Baghlan;Burka
cust_674;36,29583352;69,137499;3,04;38;16_25;Baghlan;Burka
cust_675;36,23750019;69,22916567;1,68;21;23_36;Baghlan;Burka
cust_676;36,23750019;69,262499;0,56;7;23_40;Baghlan;Burka
cust_677;36,22916686;69,12083234;4,16;52;24_23;Baghlan;Burka
cust_678;36,19583352;69,187499;0,16;2;28_31;Baghlan;Burka
cust_679;36,23750019;69,19583234;1,36;17;23_32;Baghlan;Burka
cust_680;36,18750019;69,30416567;1,84;23;29_45;Baghlan;Burka
cust_681;36,27916686;69,22083234;1,6;20;18_35;Baghlan;Burka
cust_682;36,21250019;69,22916567;0,24;3;26_36;Baghlan;Burka
cust_683;36,30416686;69,00416567;0,4;5;15_9;Baghlan;Burka
cust_684;36,39583352;69,012499;0,72;9;4_10;Baghlan;Burka
cust_685;36,22916686;69,062499;1,92;24;24_16;Baghlan;Burka
cust_686;36,17083352;69,12916567;0,08;1;31_24;Baghlan;Burka
cust_687;36,27916686;69,112499;1,44;18;18_22;Baghlan;Burka
cust_688;36,27083352;69,19583234;0,24;3;19_32;Baghlan;Burka
cust_689;36,20416686;69,12916567;0,88;11;27_24;Baghlan;Burka
cust_690;36,28750019;69,112499;2,16;27;17_22;Baghlan;Burka
cust_691;36,19583352;69,24583234;0,16;2;28_38;Baghlan;Burka
cust_692;36,28750019;69,17083234;2;25;17_29;Baghlan;Burka
cust_693;36,30416686;68,95416567;0,8;10;15_3;Baghlan;Burka
cust_694;36,24583352;69,15416567;1,12;14;22_27;Baghlan;Burka
cust_695;36,37916686;69,02916567;0,8;10;6_12;Baghlan;Burka
cust_696;36,19583352;69,12916567;5,12;64;28_24;Baghlan;Burka
cust_697;36,22916686;69,15416567;4,16;52;24_27;Baghlan;Burka
cust_698;36,39583352;68,987499;0,4;5;4_7;Baghlan;Burka
cust_699;36,24583352;69,112499;1,2;15;22_22;Baghlan;Burka
cust_700;36,24583352;69,22083234;0,8;10;22_35;Baghlan;Burka
cust_701;36,21250019;69,162499;1,36;17;26_28;Baghlan;Burka
cust_702;36,31250019;69,112499;2,56;32;14_22;Baghlan;Burka
cust_703;36,23750019;69,20416567;1,36;17;23_33;Baghlan;Burka
cust_704;36,22083352;69,17083234;1,44;18;25_29;Baghlan;Burka
cust_705;36,28750019;69,187499;1,68;21;17_31;Baghlan;Burka
cust_706;36,16250019;69,062499;0,08;1;32_16;Baghlan;Burka
cust_707;36,29583352;69,00416567;0,72;9;16_9;Baghlan;Burka
cust_708;36,12083352;69,212499;0,08;1;37_34;Baghlan;Burka
cust_709;36,18750019;69,19583234;0,88;11;29_32;Baghlan;Burka
cust_710;36,22916686;69,17083234;0,4;5;24_29;Baghlan;Burka
cust_711;36,22916686;69,20416567;0,16;2;24_33;Baghlan;Burka
cust_712;36,11250019;69,137499;0,48;6;38_25;Baghlan;Burka
cust_713;36,40416686;69,05416567;0,08;1;3_15;Baghlan;Burka
cust_714;36,27916686;69,187499;0,96;12;18_31;Baghlan;Burka
cust_715;36,23750019;69,187499;1,04;13;23_31;Baghlan;Burka
cust_716;36,11250019;69,162499;0,56;7;38_28;Baghlan;Burka
cust_717;36,30416686;69,14583234;2,72;34;15_26;Baghlan;Burka
cust_718;36,22083352;69,212499;0,32;4;25_34;Baghlan;Burka
cust_719;36,22083352;69,24583234;1,52;19;25_38;Baghlan;Burka
cust_720;36,24583352;69,09583234;0,48;6;22_20;Baghlan;Burka
cust_721;36,22916686;69,22083234;1,12;14;24_35;Baghlan;Burka
cust_722;36,23750019;69,22083234;1,76;22;23_35;Baghlan;Burka
cust_723;36,24583352;69,19583234;0,64;8;22_32;Baghlan;Burka
cust_724;36,33750019;69,12083234;2,24;28;11_23;Baghlan;Burka
cust_725;36,10416686;69,12916567;0,56;7;39_24;Baghlan;Burka
cust_726;36,18750019;69,22083234;1,04;13;29_35;Baghlan;Burka
cust_727;36,17916686;69,12916567;1,6;20;30_24;Baghlan;Burka
cust_728;36,25416686;69,22083234;0,56;7;21_35;Baghlan;Burka
cust_729;36,16250019;69,34583234;0,08;1;32_50;Baghlan;Burka
cust_730;36,27083352;69,09583234;3,2;40;19_20;Baghlan;Burka
cust_731;36,24583352;69,10416567;0,64;8;22_21;Baghlan;Burka
cust_732;36,12916686;69,20416567;0,32;4;36_33;Baghlan;Burka
cust_733;36,18750019;69,14583234;0,4;5;29_26;Baghlan;Burka
cust_734;36,21250019;69,17083234;0,64;8;26_29;Baghlan;Burka
cust_735;36,25416686;69,237499;0,8;10;21_37;Baghlan;Burka
cust_736;36,17083352;69,19583234;1,6;20;31_32;Baghlan;Burka
cust_737;36,21250019;69,137499;0,4;5;26_25;Baghlan;Burka
cust_738;36,17083352;69,32083234;0,24;3;31_47;Baghlan;Burka
cust_739;36,34583352;68,99583234;0,32;4;10_8;Baghlan;Burka
cust_740;36,14583352;69,187499;1,2;15;34_31;Baghlan;Burka
cust_741;36,09583352;69,14583234;0,32;4;40_26;Baghlan;Burka
cust_742;36,22916686;69,212499;1,28;16;24_34;Baghlan;Burka
cust_743;36,26250019;69,22916567;0,24;3;20_36;Baghlan;Burka
cust_744;36,26250019;69,212499;0,16;2;20_34;Baghlan;Burka
cust_745;36,32916686;69,02083234;0,16;2;12_11;Baghlan;Burka
cust_746;36,32083352;69,02916567;0,16;2;13_12;Baghlan;Burka
cust_747;36,22916686;69,12916567;1,44;18;24_24;Baghlan;Burka
cust_748;36,19583352;69,29583234;0,4;5;28_44;Baghlan;Burka
cust_749;36,32083352;68,99583234;0,72;9;13_8;Baghlan;Burka
cust_750;36,12083352;69,187499;1,04;13;37_31;Baghlan;Burka
cust_751;36,17916686;69,30416567;0,72;9;30_45;Baghlan;Burka
cust_752;36,31250019;68,99583234;0,16;2;14_8;Baghlan;Burka
cust_753;36,21250019;69,25416567;1,04;13;26_39;Baghlan;Burka
cust_754;36,15416686;69,35416567;0,08;1;33_51;Baghlan;Burka
cust_755;36,12083352;69,162499;0,8;10;37_28;Baghlan;Burka
cust_756;36,17916686;69,32916567;0,32;4;30_48;Baghlan;Burka
cust_757;36,24583352;69,17916567;0,4;5;22_30;Baghlan;Burka
cust_758;36,11250019;69,12916567;2,48;31;38_24;Baghlan;Burka
cust_759;36,28750019;69,10416567;0,64;8;17_21;Baghlan;Burka
cust_760;36,17916686;69,112499;0,24;3;30_22;Baghlan;Burka
cust_761;36,22083352;69,237499;1,04;13;25_37;Baghlan;Burka
cust_762;36,23750019;69,14583234;0,96;12;23_26;Baghlan;Burka
cust_763;36,25416686;69,24583234;0,32;4;21_38;Baghlan;Burka
cust_764;36,36250019;69,00416567;0,4;5;8_9;Baghlan;Burka
cust_765;36,27916686;69,212499;0,08;1;18_34;Baghlan;Burka
cust_766;36,22916686;69,22916567;1,04;13;24_36;Baghlan;Burka
cust_767;36,20416686;69,17083234;0,32;4;27_29;Baghlan;Burka
cust_768;36,21250019;69,27083234;0,16;2;26_41;Baghlan;Burka
cust_769;36,30416686;68,99583234;0,32;4;15_8;Baghlan;Burka
cust_770;36,29583352;69,012499;0,16;2;16_10;Baghlan;Burka
cust_771;36,26250019;69,09583234;2;25;20_20;Baghlan;Burka
cust_772;36,08750019;69,162499;0,48;6;41_28;Baghlan;Burka
cust_773;36,37916686;69,037499;0,48;6;6_13;Baghlan;Burka
cust_774;36,16250019;69,09583234;0,08;1;32_20;Baghlan;Burka
cust_775;36,17916686;69,32083234;0,56;7;30_47;Baghlan;Burka
cust_776;36,34583352;68,962499;0,08;1;10_4;Baghlan;Burka
cust_777;36,14583352;69,20416567;0,32;4;34_33;Baghlan;Burka
cust_778;36,21250019;69,14583234;1,04;13;26_26;Baghlan;Burka
cust_779;36,19583352;69,14583234;0,32;4;28_26;Baghlan;Burka
cust_780;36,33750019;69,00416567;0,64;8;11_9;Baghlan;Burka
cust_781;36,31250019;69,02083234;0,08;1;14_11;Baghlan;Burka
cust_782;36,19583352;69,15416567;0,88;11;28_27;Baghlan;Burka
cust_783;36,33750019;68,99583234;0,72;9;11_8;Baghlan;Burka
cust_784;36,35416686;69,00416567;0,4;5;9_9;Baghlan;Burka
cust_785;36,12916686;69,212499;0,32;4;36_34;Baghlan;Burka
cust_786;36,12083352;69,17916567;0,24;3;37_30;Baghlan;Burka
cust_787;36,22083352;69,05416567;0,56;7;25_15;Baghlan;Burka
cust_788;36,17083352;69,20416567;0,24;3;31_33;Baghlan;Burka
cust_789;36,30416686;69,012499;0,8;10;15_10;Baghlan;Burka
cust_790;36,12083352;69,17083234;0,88;11;37_29;Baghlan;Burka
cust_791;36,21250019;69,24583234;0,4;5;26_38;Baghlan;Burka
cust_792;36,17083352;69,17916567;0,24;3;31_30;Baghlan;Burka
cust_793;36,10416686;69,137499;0,48;6;39_25;Baghlan;Burka
cust_794;36,26250019;69,237499;0,32;4;20_37;Baghlan;Burka
cust_795;36,17083352;69,162499;0,16;2;31_28;Baghlan;Burka
cust_796;36,16250019;69,187499;0,08;1;32_31;Baghlan;Burka
cust_797;36,32083352;69,00416567;0,24;3;13_9;Baghlan;Burka
cust_798;36,16250019;69,17083234;0,16;2;32_29;Baghlan;Burka
cust_799;36,22916686;69,237499;1,44;18;24_37;Baghlan;Burka
cust_800;36,39583352;69,00416567;1,28;16;4_9;Baghlan;Burka
cust_801;36,30416686;69,112499;0,8;10;15_22;Baghlan;Burka
cust_802;36,11250019;69,17916567;1,2;15;38_30;Baghlan;Burka
cust_803;36,23750019;69,137499;0,56;7;23_25;Baghlan;Burka
cust_804;36,25416686;69,112499;0,08;1;21_22;Baghlan;Burka
cust_805;36,21250019;69,262499;0,24;3;26_40;Baghlan;Burka
cust_806;36,15416686;69,187499;0,08;1;33_31;Baghlan;Burka
cust_807;36,22916686;69,05416567;0,56;7;24_15;Baghlan;Burka
cust_808;36,17083352;69,137499;0,16;2;31_25;Baghlan;Burka
cust_809;36,21250019;69,17916567;0,08;1;26_30;Baghlan;Burka
cust_810;36,27083352;69,22083234;0,32;4;19_35;Baghlan;Burka
cust_811;36,22083352;69,17916567;0,08;1;25_30;Baghlan;Burka
cust_812;36,17916686;69,062499;0,16;2;30_16;Baghlan;Burka
cust_813;36,22916686;69,187499;0,16;2;24_31;Baghlan;Burka
cust_814;36,23750019;69,062499;0,4;5;23_16;Baghlan;Burka
cust_815;36,12916686;69,187499;0,08;1;36_31;Baghlan;Burka
cust_816;36,17916686;69,34583234;0,4;5;30_50;Baghlan;Burka
cust_817;36,29583352;69,12916567;0,96;12;16_24;Baghlan;Burka
cust_818;36,38750019;69,012499;0,08;1;5_10;Baghlan;Burka
cust_819;36,17916686;69,337499;0,32;4;30_49;Baghlan;Burka
cust_820;36,24583352;69,22916567;0,32;4;22_36;Baghlan;Burka
cust_821;36,22916686;69,24583234;0,4;5;24_38;Baghlan;Burka
cust_822;36,18750019;69,12083234;0,16;2;29_23;Baghlan;Burka
cust_823;36,31250019;69,02916567;0,24;3;14_12;Baghlan;Burka
cust_824;36,22916686;69,137499;0,32;4;24_25;Baghlan;Burka
cust_825;36,27916686;69,12083234;0,16;2;18_23;Baghlan;Burka
cust_826;36,07916686;69,15416567;0,32;4;42_27;Baghlan;Burka
cust_827;36,20416686;69,14583234;0,24;3;27_26;Baghlan;Burka
cust_828;36,27083352;69,012499;0,48;6;19_10;Baghlan;Burka
cust_829;36,21250019;69,187499;0,16;2;26_31;Baghlan;Burka
cust_830;36,25416686;69,19583234;0,32;4;21_32;Baghlan;Burka
cust_831;36,09583352;69,137499;0,16;2;40_25;Baghlan;Burka
cust_832;36,09583352;69,162499;0,48;6;40_28;Baghlan;Burka
cust_833;36,08750019;69,14583234;0,16;2;41_26;Baghlan;Burka
cust_834;36,17083352;69,30416567;0,32;4;31_45;Baghlan;Burka
cust_835;36,17916686;69,312499;0,48;6;30_46;Baghlan;Burka
cust_836;36,24583352;69,187499;0,56;7;22_31;Baghlan;Burka
cust_837;36,22083352;69,312499;0,08;1;25_46;Baghlan;Burka
cust_838;36,25416686;69,187499;0,08;1;21_31;Baghlan;Burka
cust_839;36,27083352;69,17916567;0,08;1;19_30;Baghlan;Burka
cust_840;36,26250019;68,99583234;0,24;3;20_8;Baghlan;Burka
cust_841;36,23750019;68,987499;0,16;2;23_7;Baghlan;Burka
cust_842;36,27083352;68,94583234;0,24;3;19_2;Baghlan;Burka
cust_843;36,32083352;69,012499;0,56;7;13_10;Baghlan;Burka
cust_844;36,23750019;68,97916567;0,16;2;23_6;Baghlan;Burka
cust_845;36,29583352;69,05416567;0,24;3;16_15;Baghlan;Burka
cust_846;36,23750019;68,99583234;0,24;3;23_8;Baghlan;Burka
cust_847;36,23750019;69,17916567;0,08;1;23_30;Baghlan;Burka
cust_848;36,14583352;69,17916567;0,08;1;34_30;Baghlan;Burka
cust_849;36,14583352;69,337499;0,08;1;34_49;Baghlan;Burka
cust_850;36,20416686;69,24583234;0,16;2;27_38;Baghlan;Burka
cust_851;36,22916686;69,262499;0,08;1;24_40;Baghlan;Burka
cust_852;36,22916686;69,19583234;0,16;2;24_32;Baghlan;Burka
cust_853;36,27083352;69,00416567;0,24;3;19_9;Baghlan;Burka
cust_854;36,32916686;68,99583234;0,16;2;12_8;Baghlan;Burka
cust_855;36,32083352;69,112499;0,08;1;13_22;Baghlan;Burka
cust_856;36,21250019;69,087499;0,16;2;26_19;Baghlan;Burka
cust_857;36,33750019;69,012499;0,24;3;11_10;Baghlan;Burka
cust_858;36,16250019;69,37083234;0,08;1;32_53;Baghlan;Burka
cust_859;36,17083352;69,312499;0,08;1;31_46;Baghlan;Burka
cust_860;36,27083352;69,10416567;0,48;6;19_21;Baghlan;Burka
cust_861;36,16250019;69,20416567;0,16;2;32_33;Baghlan;Burka
cust_862;36,14583352;69,17083234;0,08;1;34_29;Baghlan;Burka
cust_863;36,32916686;69,112499;0,08;1;12_22;Baghlan;Burka
cust_864;36,26250019;69,22083234;0,08;1;20_35;Baghlan;Burka
cust_865;36,20416686;69,22916567;0,08;1;27_36;Baghlan;Burka
cust_866;36,18750019;69,337499;0,08;1;29_49;Baghlan;Burka
cust_867;36,32916686;69,09583234;0,08;1;12_20;Baghlan;Burka
cust_868;36,32083352;69,12916567;0,24;3;13_24;Baghlan;Burka
cust_869;36,27083352;69,087499;0,08;1;19_19;Baghlan;Burka
cust_870;36,09583352;69,17083234;0,4;5;40_29;Baghlan;Burka
cust_871;36,22916686;69,17916567;0,16;2;24_30;Baghlan;Burka
cust_872;36,30416686;69,05416567;0,08;1;15_15;Baghlan;Burka
cust_873;36,16250019;69,05416567;0,08;1;32_15;Baghlan;Burka
cust_874;36,35416686;69,012499;0,24;3;9_10;Baghlan;Burka
cust_875;36,17083352;69,112499;0,08;1;31_22;Baghlan;Burka
cust_876;36,36250019;69,02916567;0,16;2;8_12;Baghlan;Burka
cust_877;36,21250019;69,07083234;0,08;1;26_17;Baghlan;Burka
cust_878;36,37083352;69,02916567;0,16;2;7_12;Baghlan;Burka
cust_879;36,31250019;69,15416567;0,08;1;14_27;Baghlan;Burka
cust_880;36,21250019;69,237499;0,16;2;26_37;Baghlan;Burka
cust_881;36,29583352;69,17916567;0,08;1;16_30;Baghlan;Burka
cust_882;36,20416686;69,262499;0,08;1;27_40;Baghlan;Burka
cust_883;36,12916686;69,162499;0,08;1;36_28;Baghlan;Burka
cust_884;36,18750019;69,24583234;0,08;1;29_38;Baghlan;Burka
cust_885;36,31250019;69,14583234;0,08;1;14_26;Baghlan;Burka
cust_886;36,20416686;69,27916567;0,08;1;27_42;Baghlan;Burka
cust_887;36,17083352;69,32916567;0,08;1;31_48;Baghlan;Burka
cust_888;36,23750019;69,32083234;0,08;1;23_47;Baghlan;Burka
cust_889;36,15416686;69,04583234;0,08;1;33_14;Baghlan;Burka
cust_890;36,23750019;69,05416567;0,08;1;23_15;Baghlan;Burka
cust_891;36,20416686;69,337499;0,08;1;27_49;Baghlan;Burka
cust_892;35,37916686;68,21249901;0,16;2;26_25;Baghlan;Tala Wa Barfak
cust_893;35,39583353;68,34583234;0,08;1;24_41;Baghlan;Tala Wa Barfak
cust_894;35,35416686;68,16249901;0,08;1;29_19;Baghlan;Tala Wa Barfak
cust_895;35,44583353;68,27916567;0,08;1;18_33;Baghlan;Tala Wa Barfak
cust_896;35,37916686;68,20416567;0,08;1;26_24;Baghlan;Tala Wa Barfak
cust_897;35,34583353;68,14583234;0,24;3;30_17;Baghlan;Tala Wa Barfak
cust_898;35,42083353;68,25416567;0,08;1;21_30;Baghlan;Tala Wa Barfak
cust_899;35,38750019;68,22916567;0,24;3;25_27;Baghlan;Tala Wa Barfak
cust_900;35,35416686;68,17916567;0,16;2;29_21;Baghlan;Tala Wa Barfak
cust_901;35,40416686;68,25416567;0,16;2;23_30;Baghlan;Tala Wa Barfak
cust_902;35,37083353;68,20416567;0,08;1;27_24;Baghlan;Tala Wa Barfak
cust_903;35,37916686;68,39583234;0,08;1;26_47;Baghlan;Tala Wa Barfak
cust_904;35,37916686;68,22083234;0,24;3;26_26;Baghlan;Tala Wa Barfak
cust_905;35,35416686;68,13749901;0,16;2;29_16;Baghlan;Tala Wa Barfak
cust_906;35,39583353;68,38749901;0,16;2;24_46;Baghlan;Tala Wa Barfak
cust_907;35,48750019;68,28749901;0,08;1;13_34;Baghlan;Tala Wa Barfak
cust_908;35,39583353;68,27916567;0,24;3;24_33;Baghlan;Tala Wa Barfak
cust_909;35,39583353;68,22083234;0,08;1;24_26;Baghlan;Tala Wa Barfak
cust_910;35,37916686;68,23749901;0,08;1;26_28;Baghlan;Tala Wa Barfak
cust_911;35,35416686;68,17083234;0,08;1;29_20;Baghlan;Tala Wa Barfak
cust_912;35,33750019;68,13749901;0,16;2;31_16;Baghlan;Tala Wa Barfak
cust_913;35,38750019;68,39583234;0,08;1;25_47;Baghlan;Tala Wa Barfak
cust_914;35,34583353;68,15416567;0,08;1;30_18;Baghlan;Tala Wa Barfak
cust_915;35,19583353;68,06249901;0,16;2;48_7;Baghlan;Tala Wa Barfak
cust_916;35,19583353;68,07083234;0,08;1;48_8;Baghlan;Tala Wa Barfak
cust_917;35,40416686;68,24583234;0,08;1;23_29;Baghlan;Tala Wa Barfak
cust_918;35,42083353;68,24583234;0,08;1;21_29;Baghlan;Tala Wa Barfak
cust_919;35,53750019;68,28749901;0,08;1;7_34;Baghlan;Tala Wa Barfak
cust_920;35,34583353;68,16249901;0,08;1;30_19;Baghlan;Tala Wa Barfak
cust_921;35,37916686;68,22916567;0,24;3;26_27;Baghlan;Tala Wa Barfak
cust_922;35,35416686;68,15416567;0,24;3;29_18;Baghlan;Tala Wa Barfak
cust_923;35,34583353;68,13749901;0,08;1;30_16;Baghlan;Tala Wa Barfak
cust_924;35,38750019;68,22083234;0,08;1;25_26;Baghlan;Tala Wa Barfak
cust_925;35,39583353;68,23749901;0,08;1;24_28;Baghlan;Tala Wa Barfak
cust_926;35,40416686;68,27916567;0,08;1;23_33;Baghlan;Tala Wa Barfak
cust_927;35,33750019;68,15416567;0,08;1;31_18;Baghlan;Tala Wa Barfak
cust_928;35,49583353;68,22083234;0,08;1;12_26;Baghlan;Tala Wa Barfak
cust_929;36,09583352;68,862499;0,24;3;57_84;Baghlan;Baghlani Jadid
cust_930;36,19583352;68,762499;3,44;43;45_72;Baghlan;Baghlani Jadid
cust_931;36,28750019;68,812499;1,36;17;34_78;Baghlan;Baghlani Jadid
cust_932;36,31250019;68,72916567;0,4;5;31_68;Baghlan;Baghlani Jadid
cust_933;36,23750019;68,79583234;1,76;22;40_76;Baghlan;Baghlani Jadid
cust_934;36,24583352;68,80416567;0,88;11;39_77;Baghlan;Baghlani Jadid
cust_935;36,28750019;68,82916567;1,92;24;34_80;Baghlan;Baghlani Jadid
cust_936;36,22916686;68,79583234;1,36;17;41_76;Baghlan;Baghlani Jadid
cust_937;36,16250019;68,68749901;1,6;20;49_63;Baghlan;Baghlani Jadid
cust_938;36,22916686;68,862499;0,4;5;41_84;Baghlan;Baghlani Jadid
cust_939;36,17083352;68,77083234;1,92;24;48_73;Baghlan;Baghlani Jadid
cust_940;36,22916686;68,69583234;0,56;7;41_64;Baghlan;Baghlani Jadid
cust_941;36,28750019;68,75416567;0,64;8;34_71;Baghlan;Baghlani Jadid
cust_942;36,19583352;68,75416567;1,76;22;45_71;Baghlan;Baghlani Jadid
cust_943;36,15416686;68,762499;0,8;10;50_72;Baghlan;Baghlani Jadid
cust_944;36,19583352;68,77083234;0,64;8;45_73;Baghlan;Baghlani Jadid
cust_945;36,29583352;68,787499;0,64;8;33_75;Baghlan;Baghlani Jadid
cust_946;36,14583352;68,72916567;2,4;30;51_68;Baghlan;Baghlani Jadid
cust_947;36,36250019;68,89583234;0,56;7;25_88;Baghlan;Baghlani Jadid
cust_948;36,10416686;68,67916567;0,8;10;56_62;Baghlan;Baghlani Jadid
cust_949;36,27083352;68,79583234;1,6;20;36_76;Baghlan;Baghlani Jadid
cust_950;36,22916686;68,72916567;0,88;11;41_68;Baghlan;Baghlani Jadid
cust_951;36,22083352;68,77916567;3,6;45;42_74;Baghlan;Baghlani Jadid
cust_952;36,15416686;68,72083234;0,88;11;50_67;Baghlan;Baghlani Jadid
cust_953;36,21250019;68,75416567;0,96;12;43_71;Baghlan;Baghlani Jadid
cust_954;36,17916686;68,74583234;6,48;81;47_70;Baghlan;Baghlani Jadid
cust_955;36,12083352;68,69583234;3,36;42;54_64;Baghlan;Baghlani Jadid
cust_956;36,25416686;68,837499;0,64;8;38_81;Baghlan;Baghlani Jadid
cust_957;36,33750019;68,837499;0,24;3;28_81;Baghlan;Baghlani Jadid
cust_958;36,17083352;68,762499;4,64;58;48_72;Baghlan;Baghlani Jadid
cust_959;36,24583352;68,70416567;0,56;7;39_65;Baghlan;Baghlani Jadid
cust_960;36,17916686;68,73749901;4,24;53;47_69;Baghlan;Baghlani Jadid
cust_961;36,37083352;68,66249901;0,08;1;24_60;Baghlan;Baghlani Jadid
cust_962;36,29583352;68,812499;0,48;6;33_78;Baghlan;Baghlani Jadid
cust_963;36,18750019;68,75416567;4,08;51;46_71;Baghlan;Baghlani Jadid
cust_964;36,31250019;68,73749901;1,44;18;31_69;Baghlan;Baghlani Jadid
cust_965;36,23750019;68,75416567;0,72;9;40_71;Baghlan;Baghlani Jadid
cust_966;36,27916686;68,837499;0,32;4;35_81;Baghlan;Baghlani Jadid
cust_967;36,10416686;68,65416567;1,12;14;56_59;Baghlan;Baghlani Jadid
cust_968;36,30416686;68,787499;0,64;8;32_75;Baghlan;Baghlani Jadid
cust_969;36,25416686;68,812499;1,6;20;38_78;Baghlan;Baghlani Jadid
cust_970;36,22916686;68,787499;2;25;41_75;Baghlan;Baghlani Jadid
cust_971;36,27083352;68,41249901;0,16;2;36_30;Baghlan;Baghlani Jadid
cust_972;36,12916686;68,71249901;1,84;23;53_66;Baghlan;Baghlani Jadid
cust_973;36,20416686;68,787499;1,36;17;44_75;Baghlan;Baghlani Jadid
cust_974;36,17916686;68,77916567;1,2;15;47_74;Baghlan;Baghlani Jadid
cust_975;36,32083352;68,44583234;0,16;2;30_34;Baghlan;Baghlani Jadid
cust_976;36,18750019;68,77083234;2,32;29;46_73;Baghlan;Baghlani Jadid
cust_977;36,25416686;68,74583234;0,8;10;38_70;Baghlan;Baghlani Jadid
cust_978;36,21250019;68,77083234;2,88;36;43_73;Baghlan;Baghlani Jadid
cust_979;36,20416686;68,762499;1,6;20;44_72;Baghlan;Baghlani Jadid
cust_980;36,16250019;68,75416567;3,44;43;49_71;Baghlan;Baghlani Jadid
cust_981;36,37083352;68,32083234;0,08;1;24_19;Baghlan;Baghlani Jadid
cust_982;36,18750019;68,762499;1,52;19;46_72;Baghlan;Baghlani Jadid
cust_983;36,13750019;68,72916567;2;25;52_68;Baghlan;Baghlani Jadid
cust_984;36,22083352;68,762499;2,72;34;42_72;Baghlan;Baghlani Jadid
cust_985;36,24583352;68,77916567;1,92;24;39_74;Baghlan;Baghlani Jadid
cust_986;36,27083352;68,787499;0,96;12;36_75;Baghlan;Baghlani Jadid
cust_987;36,24583352;68,762499;0,64;8;39_72;Baghlan;Baghlani Jadid
cust_988;36,27083352;68,77083234;0,8;10;36_73;Baghlan;Baghlani Jadid
cust_989;36,17083352;68,75416567;6,4;80;48_71;Baghlan;Baghlani Jadid
cust_990;36,27916686;68,75416567;0,88;11;35_71;Baghlan;Baghlani Jadid
cust_991;36,25416686;68,70416567;0,64;8;38_65;Baghlan;Baghlani Jadid
cust_992;36,15416686;68,75416567;1,92;24;50_71;Baghlan;Baghlani Jadid
cust_993;36,31250019;68,71249901;0,72;9;31_66;Baghlan;Baghlani Jadid
cust_994;36,30416686;68,80416567;0,32;4;32_77;Baghlan;Baghlani Jadid
cust_995;36,28750019;68,71249901;0,08;1;34_66;Baghlan;Baghlani Jadid
cust_996;36,12083352;68,67916567;5,6;70;54_62;Baghlan;Baghlani Jadid
cust_997;36,22916686;68,77916567;2,88;36;41_74;Baghlan;Baghlani Jadid
cust_998;36,14583352;68,73749901;1,2;15;51_69;Baghlan;Baghlani Jadid
cust_999;36,17083352;68,73749901;3,28;41;48_69;Baghlan;Baghlani Jadid
cust_1000;36,21250019;68,762499;1,84;23;43_72;Baghlan;Baghlani Jadid
cust_1001;36,50416686;68,34583234;0,08;1;8_22;Baghlan;Baghlani Jadid
cust_1002;36,20416686;68,77083234;0,96;12;44_73;Baghlan;Baghlani Jadid
cust_1003;36,19583352;68,72083234;0,72;9;45_67;Baghlan;Baghlani Jadid
cust_1004;36,20416686;68,82083234;0,64;8;44_79;Baghlan;Baghlani Jadid
cust_1005;36,32083352;68,80416567;0,48;6;30_77;Baghlan;Baghlani Jadid
cust_1006;36,22916686;68,85416567;0,88;11;41_83;Baghlan;Baghlani Jadid
cust_1007;36,12083352;68,68749901;5,04;63;54_63;Baghlan;Baghlani Jadid
cust_1008;36,22916686;68,80416567;1,44;18;41_77;Baghlan;Baghlani Jadid
cust_1009;36,17916686;68,762499;2,48;31;47_72;Baghlan;Baghlani Jadid
cust_1010;36,13750019;68,72083234;1,12;14;52_67;Baghlan;Baghlani Jadid
cust_1011;36,15416686;68,68749901;0,56;7;50_63;Baghlan;Baghlani Jadid
cust_1012;36,31250019;68,82083234;0,64;8;31_79;Baghlan;Baghlani Jadid
cust_1013;36,14583352;68,70416567;2,48;31;51_65;Baghlan;Baghlani Jadid
cust_1014;36,32083352;68,75416567;0,48;6;30_71;Baghlan;Baghlani Jadid
cust_1015;36,09583352;68,66249901;0,48;6;57_60;Baghlan;Baghlani Jadid
cust_1016;36,28750019;68,77083234;0,4;5;34_73;Baghlan;Baghlani Jadid
cust_1017;36,17083352;68,74583234;8,08;101;48_70;Baghlan;Baghlani Jadid
cust_1018;36,17916686;68,75416567;6,24;78;47_71;Baghlan;Baghlani Jadid
cust_1019;36,23750019;68,54583234;0,48;6;40_46;Baghlan;Baghlani Jadid
cust_1020;36,29583352;68,82916567;0,64;8;33_80;Baghlan;Baghlani Jadid
cust_1021;36,30416686;68,79583234;0,88;11;32_76;Baghlan;Baghlani Jadid
cust_1022;36,32083352;68,71249901;1,04;13;30_66;Baghlan;Baghlani Jadid
cust_1023;36,26250019;68,812499;1,6;20;37_78;Baghlan;Baghlani Jadid
cust_1024;36,27083352;68,812499;0,88;11;36_78;Baghlan;Baghlani Jadid
cust_1025;36,30416686;68,72083234;0,16;2;32_67;Baghlan;Baghlani Jadid
cust_1026;36,16250019;68,74583234;4,4;55;49_70;Baghlan;Baghlani Jadid
cust_1027;36,23750019;68,787499;1,28;16;40_75;Baghlan;Baghlani Jadid
cust_1028;36,14583352;68,74583234;1,12;14;51_70;Baghlan;Baghlani Jadid
cust_1029;36,10416686;68,862499;0,32;4;56_84;Baghlan;Baghlani Jadid
cust_1030;36,24583352;68,787499;0,96;12;39_75;Baghlan;Baghlani Jadid
cust_1031;36,27083352;68,75416567;0,88;11;36_71;Baghlan;Baghlani Jadid
cust_1032;36,11250019;68,69583234;1,92;24;55_64;Baghlan;Baghlani Jadid
cust_1033;36,31250019;68,762499;0,08;1;31_72;Baghlan;Baghlani Jadid
cust_1034;36,31250019;68,787499;0,4;5;31_75;Baghlan;Baghlani Jadid
cust_1035;36,11250019;68,71249901;0,4;5;55_66;Baghlan;Baghlani Jadid
cust_1036;36,13750019;68,74583234;0,72;9;52_70;Baghlan;Baghlani Jadid
cust_1037;36,22083352;68,85416567;0,08;1;42_83;Baghlan;Baghlani Jadid
cust_1038;36,26250019;68,82083234;0,88;11;37_79;Baghlan;Baghlani Jadid
cust_1039;36,22083352;68,75416567;1,84;23;42_71;Baghlan;Baghlani Jadid
cust_1040;36,37083352;68,36249901;0,24;3;24_24;Baghlan;Baghlani Jadid
cust_1041;36,36250019;68,862499;0,24;3;25_84;Baghlan;Baghlani Jadid
cust_1042;36,22916686;68,70416567;1,04;13;41_65;Baghlan;Baghlani Jadid
cust_1043;36,35416686;68,72916567;0,08;1;26_68;Baghlan;Baghlani Jadid
cust_1044;36,27916686;68,79583234;1,28;16;35_76;Baghlan;Baghlani Jadid
cust_1045;36,23750019;68,77916567;2,56;32;40_74;Baghlan;Baghlani Jadid
cust_1046;36,20416686;68,73749901;2;25;44_69;Baghlan;Baghlani Jadid
cust_1047;36,16250019;68,72083234;1,28;16;49_67;Baghlan;Baghlani Jadid
cust_1048;36,23750019;68,80416567;0,48;6;40_77;Baghlan;Baghlani Jadid
cust_1049;36,29583352;68,72916567;0,96;12;33_68;Baghlan;Baghlani Jadid
cust_1050;36,12083352;68,70416567;1,76;22;54_65;Baghlan;Baghlani Jadid
cust_1051;36,26250019;68,42083234;0,24;3;37_31;Baghlan;Baghlani Jadid
cust_1052;36,10416686;68,71249901;0,32;4;56_66;Baghlan;Baghlani Jadid
cust_1053;36,20416686;68,80416567;0,32;4;44_77;Baghlan;Baghlani Jadid
cust_1054;36,14583352;68,71249901;1,44;18;51_66;Baghlan;Baghlani Jadid
cust_1055;36,21250019;68,73749901;1,12;14;43_69;Baghlan;Baghlani Jadid
cust_1056;36,34583352;68,82083234;0,48;6;27_79;Baghlan;Baghlani Jadid
cust_1057;36,35416686;68,72083234;0,32;4;26_67;Baghlan;Baghlani Jadid
cust_1058;36,21250019;68,74583234;1,12;14;43_70;Baghlan;Baghlani Jadid
cust_1059;36,14583352;68,75416567;0,72;9;51_71;Baghlan;Baghlani Jadid
cust_1060;36,21250019;68,77916567;1,76;22;43_74;Baghlan;Baghlani Jadid
cust_1061;36,29583352;68,82083234;1,04;13;33_79;Baghlan;Baghlani Jadid
cust_1062;36,20416686;68,77916567;1,12;14;44_74;Baghlan;Baghlani Jadid
cust_1063;36,12916686;68,63749901;0,24;3;53_57;Baghlan;Baghlani Jadid
cust_1064;36,25416686;68,47916567;0,96;12;38_38;Baghlan;Baghlani Jadid
cust_1065;36,32083352;68,84583234;1,28;16;30_82;Baghlan;Baghlani Jadid
cust_1066;36,31250019;68,84583234;0,08;1;31_82;Baghlan;Baghlani Jadid
cust_1067;36,18750019;68,87916567;0,08;1;46_86;Baghlan;Baghlani Jadid
cust_1068;36,19583352;68,70416567;0,64;8;45_65;Baghlan;Baghlani Jadid
cust_1069;36,28750019;68,837499;1,28;16;34_81;Baghlan;Baghlani Jadid
cust_1070;36,26250019;68,79583234;1,28;16;37_76;Baghlan;Baghlani Jadid
cust_1071;36,27916686;68,82916567;1,28;16;35_80;Baghlan;Baghlani Jadid
cust_1072;36,29583352;68,762499;0,32;4;33_72;Baghlan;Baghlani Jadid
cust_1073;36,30416686;68,837499;0,16;2;32_81;Baghlan;Baghlani Jadid
cust_1074;36,14583352;68,762499;1,04;13;51_72;Baghlan;Baghlani Jadid
cust_1075;36,29583352;68,77916567;0,56;7;33_74;Baghlan;Baghlani Jadid
cust_1076;36,34583352;68,812499;0,8;10;27_78;Baghlan;Baghlani Jadid
cust_1077;36,26250019;68,74583234;1,04;13;37_70;Baghlan;Baghlani Jadid
cust_1078;36,25416686;68,80416567;0,72;9;38_77;Baghlan;Baghlani Jadid
cust_1079;36,24583352;68,79583234;1,92;24;39_76;Baghlan;Baghlani Jadid
cust_1080;36,18750019;68,74583234;2,64;33;46_70;Baghlan;Baghlani Jadid
cust_1081;36,11250019;68,70416567;1,36;17;55_65;Baghlan;Baghlani Jadid
cust_1082;36,22083352;68,77083234;5,52;69;42_73;Baghlan;Baghlani Jadid
cust_1083;36,27916686;68,787499;0,8;10;35_75;Baghlan;Baghlani Jadid
cust_1084;36,29583352;68,85416567;0,16;2;33_83;Baghlan;Baghlani Jadid
cust_1085;36,10416686;68,67083234;1,52;19;56_61;Baghlan;Baghlani Jadid
cust_1086;36,28750019;68,72916567;0,96;12;34_68;Baghlan;Baghlani Jadid
cust_1087;36,28750019;68,79583234;0,96;12;34_76;Baghlan;Baghlani Jadid
cust_1088;36,27916686;68,82083234;0,88;11;35_79;Baghlan;Baghlani Jadid
cust_1089;36,13750019;68,70416567;2,56;32;52_65;Baghlan;Baghlani Jadid
cust_1090;36,27083352;68,82083234;1,68;21;36_79;Baghlan;Baghlani Jadid
cust_1091;36,24583352;68,55416567;0,48;6;39_47;Baghlan;Baghlani Jadid
cust_1092;36,22083352;68,61249901;0,24;3;42_54;Baghlan;Baghlani Jadid
cust_1093;36,27083352;68,84583234;0,16;2;36_82;Baghlan;Baghlani Jadid
cust_1094;36,21250019;68,62083234;0,16;2;43_55;Baghlan;Baghlani Jadid
cust_1095;36,16250019;68,72916567;0,8;10;49_68;Baghlan;Baghlani Jadid
cust_1096;36,32916686;68,84583234;0,4;5;29_82;Baghlan;Baghlani Jadid
cust_1097;36,22083352;68,80416567;1,28;16;42_77;Baghlan;Baghlani Jadid
cust_1098;36,22083352;68,82083234;1,04;13;42_79;Baghlan;Baghlani Jadid
cust_1099;36,19583352;68,72916567;0,48;6;45_68;Baghlan;Baghlani Jadid
cust_1100;36,37083352;68,74583234;0,4;5;24_70;Baghlan;Baghlani Jadid
cust_1101;36,27916686;68,74583234;0,48;6;35_70;Baghlan;Baghlani Jadid
cust_1102;36,17916686;68,72916567;2,56;32;47_68;Baghlan;Baghlani Jadid
cust_1103;36,15416686;68,72916567;1,04;13;50_68;Baghlan;Baghlani Jadid
cust_1104;36,22083352;68,72916567;0,4;5;42_68;Baghlan;Baghlani Jadid
cust_1105;36,35416686;68,887499;0,16;2;26_87;Baghlan;Baghlani Jadid
cust_1106;36,21250019;68,787499;1,12;14;43_75;Baghlan;Baghlani Jadid
cust_1107;36,25416686;68,58749901;0,08;1;38_51;Baghlan;Baghlani Jadid
cust_1108;36,12916686;68,68749901;2,4;30;53_63;Baghlan;Baghlani Jadid
cust_1109;36,13750019;68,73749901;1,52;19;52_69;Baghlan;Baghlani Jadid
cust_1110;36,25416686;68,60416567;0,16;2;38_53;Baghlan;Baghlani Jadid
cust_1111;36,22083352;68,787499;1,2;15;42_75;Baghlan;Baghlani Jadid
cust_1112;36,28750019;68,80416567;0,4;5;34_77;Baghlan;Baghlani Jadid
cust_1113;36,22916686;68,87916567;0,32;4;41_86;Baghlan;Baghlani Jadid
cust_1114;36,11250019;68,68749901;2,88;36;55_63;Baghlan;Baghlani Jadid
cust_1115;36,17083352;68,787499;0,16;2;48_75;Baghlan;Baghlani Jadid
cust_1116;36,23750019;68,762499;0,8;10;40_72;Baghlan;Baghlani Jadid
cust_1117;36,30416686;68,82916567;0,4;5;32_80;Baghlan;Baghlani Jadid
cust_1118;36,21250019;68,79583234;1,2;15;43_76;Baghlan;Baghlani Jadid
cust_1119;36,21250019;68,70416567;0,96;12;43_65;Baghlan;Baghlani Jadid
cust_1120;36,13750019;68,71249901;1,28;16;52_66;Baghlan;Baghlani Jadid
cust_1121;36,19583352;68,79583234;0,56;7;45_76;Baghlan;Baghlani Jadid
cust_1122;36,31250019;68,77083234;0,08;1;31_73;Baghlan;Baghlani Jadid
cust_1123;36,27916686;68,50416567;0,4;5;35_41;Baghlan;Baghlani Jadid
cust_1124;36,12083352;68,72083234;0,72;9;54_67;Baghlan;Baghlani Jadid
cust_1125;36,26250019;68,77083234;0,64;8;37_73;Baghlan;Baghlani Jadid
cust_1126;36,22916686;68,762499;1,6;20;41_72;Baghlan;Baghlani Jadid
cust_1127;36,15416686;68,54583234;0,08;1;50_46;Baghlan;Baghlani Jadid
cust_1128;36,13750019;68,69583234;1,04;13;52_64;Baghlan;Baghlani Jadid
cust_1129;36,36250019;68,33749901;0,32;4;25_21;Baghlan;Baghlani Jadid
cust_1130;36,25416686;68,90416567;0,24;3;38_89;Baghlan;Baghlani Jadid
cust_1131;36,32916686;68,762499;1,2;15;29_72;Baghlan;Baghlani Jadid
cust_1132;36,27083352;68,74583234;0,96;12;36_70;Baghlan;Baghlani Jadid
cust_1133;36,35416686;68,74583234;0,24;3;26_70;Baghlan;Baghlani Jadid
cust_1134;36,16250019;68,73749901;2,32;29;49_69;Baghlan;Baghlani Jadid
cust_1135;36,18750019;68,70416567;0,8;10;46_65;Baghlan;Baghlani Jadid
cust_1136;36,30416686;68,71249901;0,4;5;32_66;Baghlan;Baghlani Jadid
cust_1137;36,17916686;68,69583234;0,24;3;47_64;Baghlan;Baghlani Jadid
cust_1138;36,39583352;68,90416567;0,08;1;21_89;Baghlan;Baghlani Jadid
cust_1139;36,31250019;68,812499;0,4;5;31_78;Baghlan;Baghlani Jadid
cust_1140;36,14583352;68,72083234;2;25;51_67;Baghlan;Baghlani Jadid
cust_1141;36,16250019;68,762499;0,8;10;49_72;Baghlan;Baghlani Jadid
cust_1142;36,16250019;68,77083234;0,64;8;49_73;Baghlan;Baghlani Jadid
cust_1143;36,24583352;68,77083234;0,56;7;39_73;Baghlan;Baghlani Jadid
cust_1144;36,25416686;68,79583234;0,96;12;38_76;Baghlan;Baghlani Jadid
cust_1145;36,36250019;68,887499;0,8;10;25_87;Baghlan;Baghlani Jadid
cust_1146;36,22916686;68,77083234;3,2;40;41_73;Baghlan;Baghlani Jadid
cust_1147;36,22916686;68,812499;0,48;6;41_78;Baghlan;Baghlani Jadid
cust_1148;36,10416686;68,80416567;0,16;2;56_77;Baghlan;Baghlani Jadid
cust_1149;36,47083352;68,41249901;0,24;3;12_30;Baghlan;Baghlani Jadid
cust_1150;36,24583352;68,82083234;0,56;7;39_79;Baghlan;Baghlani Jadid
cust_1151;36,10416686;68,66249901;1,76;22;56_60;Baghlan;Baghlani Jadid
cust_1152;36,26250019;68,77916567;1,12;14;37_74;Baghlan;Baghlani Jadid
cust_1153;36,23750019;68,77083234;2,08;26;40_73;Baghlan;Baghlani Jadid
cust_1154;36,12916686;68,73749901;0,8;10;53_69;Baghlan;Baghlani Jadid
cust_1155;36,31250019;68,80416567;0,64;8;31_77;Baghlan;Baghlani Jadid
cust_1156;36,22083352;68,70416567;0,24;3;42_65;Baghlan;Baghlani Jadid
cust_1157;36,25416686;68,75416567;2;25;38_71;Baghlan;Baghlani Jadid
cust_1158;36,21250019;68,80416567;0,8;10;43_77;Baghlan;Baghlani Jadid
cust_1159;36,41250019;68,912499;0,08;1;19_90;Baghlan;Baghlani Jadid
cust_1160;36,25416686;68,82916567;0,64;8;38_80;Baghlan;Baghlani Jadid
cust_1161;36,29583352;68,70416567;0,48;6;33_65;Baghlan;Baghlani Jadid
cust_1162;36,27916686;68,80416567;0,48;6;35_77;Baghlan;Baghlani Jadid
cust_1163;36,28750019;68,762499;0,48;6;34_72;Baghlan;Baghlani Jadid
cust_1164;36,27083352;68,69583234;0,4;5;36_64;Baghlan;Baghlani Jadid
cust_1165;36,25416686;68,787499;0,96;12;38_75;Baghlan;Baghlani Jadid
cust_1166;36,27916686;68,72916567;0,48;6;35_68;Baghlan;Baghlani Jadid
cust_1167;36,34583352;68,75416567;0,32;4;27_71;Baghlan;Baghlani Jadid
cust_1168;36,26250019;68,47916567;0,16;2;37_38;Baghlan;Baghlani Jadid
cust_1169;36,34583352;68,837499;0,32;4;27_81;Baghlan;Baghlani Jadid
cust_1170;36,39583352;68,57083234;0,08;1;21_49;Baghlan;Baghlani Jadid
cust_1171;36,37083352;68,77083234;0,24;3;24_73;Baghlan;Baghlani Jadid
cust_1172;36,52916686;68,36249901;0,32;4;5_24;Baghlan;Baghlani Jadid
cust_1173;36,22083352;68,812499;0,64;8;42_78;Baghlan;Baghlani Jadid
cust_1174;36,31250019;68,862499;0,56;7;31_84;Baghlan;Baghlani Jadid
cust_1175;36,15416686;68,74583234;1,12;14;50_70;Baghlan;Baghlani Jadid
cust_1176;36,15416686;68,73749901;1,12;14;50_69;Baghlan;Baghlani Jadid
cust_1177;36,23750019;68,87916567;0,88;11;40_86;Baghlan;Baghlani Jadid
cust_1178;36,28750019;68,73749901;0,64;8;34_69;Baghlan;Baghlani Jadid
cust_1179;36,10416686;68,64583234;0,48;6;56_58;Baghlan;Baghlani Jadid
cust_1180;36,38750019;68,85416567;0,08;1;22_83;Baghlan;Baghlani Jadid
cust_1181;36,21250019;68,837499;0,24;3;43_81;Baghlan;Baghlani Jadid
cust_1182;36,29583352;68,79583234;0,72;9;33_76;Baghlan;Baghlani Jadid
cust_1183;36,31250019;68,77916567;0,32;4;31_74;Baghlan;Baghlani Jadid
cust_1184;36,22916686;68,87083234;0,24;3;41_85;Baghlan;Baghlani Jadid
cust_1185;36,28750019;68,84583234;0,24;3;34_82;Baghlan;Baghlani Jadid
cust_1186;36,23750019;68,87083234;0,56;7;40_85;Baghlan;Baghlani Jadid
cust_1187;36,42916686;68,90416567;0,24;3;17_89;Baghlan;Baghlani Jadid
cust_1188;36,25416686;68,42916567;0,08;1;38_32;Baghlan;Baghlani Jadid
cust_1189;36,49583352;68,34583234;0,24;3;9_22;Baghlan;Baghlani Jadid
cust_1190;36,11250019;68,837499;0,08;1;55_81;Baghlan;Baghlani Jadid
cust_1191;36,28750019;68,50416567;0,56;7;34_41;Baghlan;Baghlani Jadid
cust_1192;36,12916686;68,69583234;2,24;28;53_64;Baghlan;Baghlani Jadid
cust_1193;36,31250019;68,85416567;0,32;4;31_83;Baghlan;Baghlani Jadid
cust_1194;36,14583352;68,69583234;0,4;5;51_64;Baghlan;Baghlani Jadid
cust_1195;36,18750019;68,72916567;0,96;12;46_68;Baghlan;Baghlani Jadid
cust_1196;36,30416686;68,72916567;0,72;9;32_68;Baghlan;Baghlani Jadid
cust_1197;36,25416686;68,87083234;0,16;2;38_85;Baghlan;Baghlani Jadid
cust_1198;36,20416686;68,79583234;0,48;6;44_76;Baghlan;Baghlani Jadid
cust_1199;36,32083352;68,58749901;0,08;1;30_51;Baghlan;Baghlani Jadid
cust_1200;36,22916686;68,84583234;0,16;2;41_82;Baghlan;Baghlani Jadid
cust_1201;36,26250019;68,48749901;0,16;2;37_39;Baghlan;Baghlani Jadid
cust_1202;36,27083352;68,71249901;0,16;2;36_66;Baghlan;Baghlani Jadid
cust_1203;36,20416686;68,70416567;0,72;9;44_65;Baghlan;Baghlani Jadid
cust_1204;36,24583352;68,54583234;0,56;7;39_46;Baghlan;Baghlani Jadid
cust_1205;36,26250019;68,762499;0,56;7;37_72;Baghlan;Baghlani Jadid
cust_1206;36,32916686;68,71249901;0,72;9;29_66;Baghlan;Baghlani Jadid
cust_1207;36,23750019;68,82083234;0,32;4;40_79;Baghlan;Baghlani Jadid
cust_1208;36,48750019;68,34583234;0,32;4;10_22;Baghlan;Baghlani Jadid
cust_1209;36,33750019;68,812499;0,08;1;28_78;Baghlan;Baghlani Jadid
cust_1210;36,28750019;68,82083234;1,04;13;34_79;Baghlan;Baghlani Jadid
cust_1211;36,11250019;68,67916567;3,12;39;55_62;Baghlan;Baghlani Jadid
cust_1212;36,17916686;68,72083234;0,08;1;47_67;Baghlan;Baghlani Jadid
cust_1213;36,32083352;68,82916567;0,24;3;30_80;Baghlan;Baghlani Jadid
cust_1214;36,31250019;68,75416567;0,64;8;31_71;Baghlan;Baghlani Jadid
cust_1215;36,22083352;68,69583234;0,16;2;42_64;Baghlan;Baghlani Jadid
cust_1216;36,18750019;68,77916567;0,48;6;46_74;Baghlan;Baghlani Jadid
cust_1217;36,17916686;68,77083234;1,04;13;47_73;Baghlan;Baghlani Jadid
cust_1218;36,32916686;68,63749901;0,08;1;29_57;Baghlan;Baghlani Jadid
cust_1219;36,27916686;68,812499;0,96;12;35_78;Baghlan;Baghlani Jadid
cust_1220;36,24583352;68,53749901;0,4;5;39_45;Baghlan;Baghlani Jadid
cust_1221;36,22916686;68,75416567;0,24;3;41_71;Baghlan;Baghlani Jadid
cust_1222;36,09583352;68,65416567;1,52;19;57_59;Baghlan;Baghlani Jadid
cust_1223;36,20416686;68,812499;0,08;1;44_78;Baghlan;Baghlani Jadid
cust_1224;36,19583352;68,73749901;0,24;3;45_69;Baghlan;Baghlani Jadid
cust_1225;36,22083352;68,79583234;1,12;14;42_76;Baghlan;Baghlani Jadid
cust_1226;36,30416686;68,862499;0,88;11;32_84;Baghlan;Baghlani Jadid
cust_1227;36,50416686;68,66249901;0,08;1;8_60;Baghlan;Baghlani Jadid
cust_1228;36,34583352;68,80416567;1,04;13;27_77;Baghlan;Baghlani Jadid
cust_1229;36,42083352;68,92083234;0,32;4;18_91;Baghlan;Baghlani Jadid
cust_1230;36,26250019;68,84583234;0,48;6;37_82;Baghlan;Baghlani Jadid
cust_1231;36,17083352;68,77916567;0,56;7;48_74;Baghlan;Baghlani Jadid
cust_1232;36,36250019;68,87083234;0,24;3;25_85;Baghlan;Baghlani Jadid
cust_1233;36,15416686;68,70416567;1,2;15;50_65;Baghlan;Baghlani Jadid
cust_1234;36,25416686;68,77916567;0,8;10;38_74;Baghlan;Baghlani Jadid
cust_1235;36,22083352;68,912499;0,24;3;42_90;Baghlan;Baghlani Jadid
cust_1236;36,22916686;69,00416567;0,08;1;41_101;Baghlan;Baghlani Jadid
cust_1237;36,21250019;68,69583234;0,56;7;43_64;Baghlan;Baghlani Jadid
cust_1238;36,22916686;68,837499;0,24;3;41_81;Baghlan;Baghlani Jadid
cust_1239;36,32916686;68,47083234;0,24;3;29_37;Baghlan;Baghlani Jadid
cust_1240;36,25416686;68,82083234;0,64;8;38_79;Baghlan;Baghlani Jadid
cust_1241;36,30416686;68,85416567;0,24;3;32_83;Baghlan;Baghlani Jadid
cust_1242;36,12916686;68,72083234;1,36;17;53_67;Baghlan;Baghlani Jadid
cust_1243;36,23750019;68,72916567;0,16;2;40_68;Baghlan;Baghlani Jadid
cust_1244;36,27083352;68,762499;0,64;8;36_72;Baghlan;Baghlani Jadid
cust_1245;36,22083352;68,837499;0,64;8;42_81;Baghlan;Baghlani Jadid
cust_1246;36,28750019;68,787499;0,64;8;34_75;Baghlan;Baghlani Jadid
cust_1247;36,17083352;68,72916567;0,72;9;48_68;Baghlan;Baghlani Jadid
cust_1248;36,22916686;68,82916567;0,32;4;41_80;Baghlan;Baghlani Jadid
cust_1249;36,13750019;68,762499;0,16;2;52_72;Baghlan;Baghlani Jadid
cust_1250;36,42916686;68,55416567;0,24;3;17_47;Baghlan;Baghlani Jadid
cust_1251;36,25416686;68,52083234;0,08;1;38_43;Baghlan;Baghlani Jadid
cust_1252;36,49583352;68,33749901;0,48;6;9_21;Baghlan;Baghlani Jadid
cust_1253;36,32916686;68,73749901;0,64;8;29_69;Baghlan;Baghlani Jadid
cust_1254;36,36250019;68,85416567;0,24;3;25_83;Baghlan;Baghlani Jadid
cust_1255;36,12083352;68,66249901;0,72;9;54_60;Baghlan;Baghlani Jadid
cust_1256;36,37083352;68,762499;0,4;5;24_72;Baghlan;Baghlani Jadid
cust_1257;36,26250019;68,80416567;1,2;15;37_77;Baghlan;Baghlani Jadid
cust_1258;36,27083352;68,77916567;0,8;10;36_74;Baghlan;Baghlani Jadid
cust_1259;36,30416686;68,73749901;0,72;9;32_69;Baghlan;Baghlani Jadid
cust_1260;36,29583352;68,72083234;0,4;5;33_67;Baghlan;Baghlani Jadid
cust_1261;36,33750019;68,70416567;0,24;3;28_65;Baghlan;Baghlani Jadid
cust_1262;36,23750019;68,69583234;0,64;8;40_64;Baghlan;Baghlani Jadid
cust_1263;36,41250019;68,92083234;0,08;1;19_91;Baghlan;Baghlani Jadid
cust_1264;36,42916686;68,52083234;0,08;1;17_43;Baghlan;Baghlani Jadid
cust_1265;36,36250019;68,72916567;0,16;2;25_68;Baghlan;Baghlani Jadid
cust_1266;36,25416686;68,54583234;0,08;1;38_46;Baghlan;Baghlani Jadid
cust_1267;36,19583352;68,82083234;0,56;7;45_79;Baghlan;Baghlani Jadid
cust_1268;36,36250019;68,87916567;0,08;1;25_86;Baghlan;Baghlani Jadid
cust_1269;36,25416686;68,862499;0,16;2;38_84;Baghlan;Baghlani Jadid
cust_1270;36,32083352;68,85416567;0,72;9;30_83;Baghlan;Baghlani Jadid
cust_1271;36,34583352;68,82916567;0,24;3;27_80;Baghlan;Baghlani Jadid
cust_1272;36,23750019;68,55416567;0,48;6;40_47;Baghlan;Baghlani Jadid
cust_1273;36,21250019;68,82916567;0,16;2;43_80;Baghlan;Baghlani Jadid
cust_1274;36,27083352;68,82916567;0,48;6;36_80;Baghlan;Baghlani Jadid
cust_1275;36,20416686;68,74583234;1,12;14;44_70;Baghlan;Baghlani Jadid
cust_1276;36,24583352;68,75416567;0,4;5;39_71;Baghlan;Baghlani Jadid
cust_1277;36,37916686;68,62916567;0,16;2;23_56;Baghlan;Baghlani Jadid
cust_1278;36,21250019;68,812499;0,4;5;43_78;Baghlan;Baghlani Jadid
cust_1279;36,49583352;68,54583234;0,16;2;9_46;Baghlan;Baghlani Jadid
cust_1280;36,51250019;68,39583234;0,16;2;7_28;Baghlan;Baghlani Jadid
cust_1281;36,36250019;68,77083234;0,24;3;25_73;Baghlan;Baghlani Jadid
cust_1282;36,37916686;68,90416567;0,16;2;23_89;Baghlan;Baghlani Jadid
cust_1283;36,37083352;68,75416567;0,64;8;24_71;Baghlan;Baghlani Jadid
cust_1284;36,34583352;68,74583234;0,08;1;27_70;Baghlan;Baghlani Jadid
cust_1285;36,37916686;68,75416567;0,16;2;23_71;Baghlan;Baghlani Jadid
cust_1286;36,37083352;68,82916567;0,4;5;24_80;Baghlan;Baghlani Jadid
cust_1287;36,36250019;68,73749901;0,48;6;25_69;Baghlan;Baghlani Jadid
cust_1288;36,32083352;68,837499;0,4;5;30_81;Baghlan;Baghlani Jadid
cust_1289;36,15416686;68,71249901;0,56;7;50_66;Baghlan;Baghlani Jadid
cust_1290;36,42916686;68,61249901;0,24;3;17_54;Baghlan;Baghlani Jadid
cust_1291;36,36250019;68,74583234;0,08;1;25_70;Baghlan;Baghlani Jadid
cust_1292;36,12083352;68,71249901;1,2;15;54_66;Baghlan;Baghlani Jadid
cust_1293;36,22916686;68,82083234;0,48;6;41_79;Baghlan;Baghlani Jadid
cust_1294;36,32916686;68,82916567;0,4;5;29_80;Baghlan;Baghlani Jadid
cust_1295;36,15416686;68,69583234;0,64;8;50_64;Baghlan;Baghlani Jadid
cust_1296;36,37083352;68,35416567;0,16;2;24_23;Baghlan;Baghlani Jadid
cust_1297;36,24583352;68,90416567;0,16;2;39_89;Baghlan;Baghlani Jadid
cust_1298;36,25416686;68,762499;0,48;6;38_72;Baghlan;Baghlani Jadid
cust_1299;36,20416686;68,72083234;0,16;2;44_67;Baghlan;Baghlani Jadid
cust_1300;36,12916686;68,70416567;1,36;17;53_65;Baghlan;Baghlani Jadid
cust_1301;36,30416686;68,65416567;0,08;1;32_59;Baghlan;Baghlani Jadid
cust_1302;36,20416686;68,75416567;0,8;10;44_71;Baghlan;Baghlani Jadid
cust_1303;36,16250019;68,84583234;0,4;5;49_82;Baghlan;Baghlani Jadid
cust_1304;36,26250019;68,85416567;0,48;6;37_83;Baghlan;Baghlani Jadid
cust_1305;36,35416686;68,82916567;1,12;14;26_80;Baghlan;Baghlani Jadid
cust_1306;36,51250019;68,28749901;0,08;1;7_15;Baghlan;Baghlani Jadid
cust_1307;36,27083352;68,80416567;0,64;8;36_77;Baghlan;Baghlani Jadid
cust_1308;36,23750019;68,70416567;0,64;8;40_65;Baghlan;Baghlani Jadid
cust_1309;36,29583352;68,837499;1,2;15;33_81;Baghlan;Baghlani Jadid
cust_1310;36,19583352;68,787499;0,88;11;45_75;Baghlan;Baghlani Jadid
cust_1311;36,33750019;68,82083234;0,48;6;28_79;Baghlan;Baghlani Jadid
cust_1312;36,37083352;68,73749901;0,4;5;24_69;Baghlan;Baghlani Jadid
cust_1313;36,21250019;68,72916567;0,4;5;43_68;Baghlan;Baghlani Jadid
cust_1314;36,19583352;68,69583234;0,56;7;45_64;Baghlan;Baghlani Jadid
cust_1315;36,24583352;68,87083234;0,24;3;39_85;Baghlan;Baghlani Jadid
cust_1316;36,50416686;68,64583234;0,24;3;8_58;Baghlan;Baghlani Jadid
cust_1317;36,17916686;68,62916567;0,16;2;47_56;Baghlan;Baghlani Jadid
cust_1318;36,34583352;68,84583234;0,24;3;27_82;Baghlan;Baghlani Jadid
cust_1319;36,32916686;68,837499;0,72;9;29_81;Baghlan;Baghlani Jadid
cust_1320;36,26250019;68,787499;1,04;13;37_75;Baghlan;Baghlani Jadid
cust_1321;36,18750019;68,73749901;0,48;6;46_69;Baghlan;Baghlani Jadid
cust_1322;36,20416686;68,72916567;0,24;3;44_68;Baghlan;Baghlani Jadid
cust_1323;36,21250019;68,58749901;0,32;4;43_51;Baghlan;Baghlani Jadid
cust_1324;36,23750019;68,812499;0,4;5;40_78;Baghlan;Baghlani Jadid
cust_1325;36,28750019;68,65416567;0,16;2;34_59;Baghlan;Baghlani Jadid
cust_1326;36,30416686;68,762499;0,16;2;32_72;Baghlan;Baghlani Jadid
cust_1327;36,26250019;68,70416567;0,32;4;37_65;Baghlan;Baghlani Jadid
cust_1328;36,38750019;68,90416567;0,24;3;22_89;Baghlan;Baghlani Jadid
cust_1329;36,28750019;68,67083234;0,08;1;34_61;Baghlan;Baghlani Jadid
cust_1330;36,13750019;68,67916567;0,16;2;52_62;Baghlan;Baghlani Jadid
cust_1331;36,11250019;68,67083234;0,88;11;55_61;Baghlan;Baghlani Jadid
cust_1332;36,28750019;68,85416567;0,64;8;34_83;Baghlan;Baghlani Jadid
cust_1333;36,32083352;68,787499;0,16;2;30_75;Baghlan;Baghlani Jadid
cust_1334;36,20416686;68,69583234;0,24;3;44_64;Baghlan;Baghlani Jadid
cust_1335;36,25416686;68,77083234;0,8;10;38_73;Baghlan;Baghlani Jadid
cust_1336;36,20416686;68,52083234;0,08;1;44_43;Baghlan;Baghlani Jadid
cust_1337;36,32083352;68,74583234;0,08;1;30_70;Baghlan;Baghlani Jadid
cust_1338;36,09583352;68,64583234;0,56;7;57_58;Baghlan;Baghlani Jadid
cust_1339;36,32083352;68,48749901;0,16;2;30_39;Baghlan;Baghlani Jadid
cust_1340;36,32916686;68,812499;0,4;5;29_78;Baghlan;Baghlani Jadid
cust_1341;36,27916686;68,762499;0,4;5;35_72;Baghlan;Baghlani Jadid
cust_1342;36,37083352;68,65416567;0,08;1;24_59;Baghlan;Baghlani Jadid
cust_1343;36,37083352;68,80416567;0,24;3;24_77;Baghlan;Baghlani Jadid
cust_1344;36,26250019;68,75416567;0,32;4;37_71;Baghlan;Baghlani Jadid
cust_1345;36,24583352;68,51249901;0,08;1;39_42;Baghlan;Baghlani Jadid
cust_1346;36,39583352;68,89583234;0,24;3;21_88;Baghlan;Baghlani Jadid
cust_1347;36,12916686;68,67083234;0,16;2;53_61;Baghlan;Baghlani Jadid
cust_1348;36,32083352;68,82083234;0,4;5;30_79;Baghlan;Baghlani Jadid
cust_1349;36,22916686;68,47916567;0,32;4;41_38;Baghlan;Baghlani Jadid
cust_1350;36,26250019;68,41249901;0,16;2;37_30;Baghlan;Baghlani Jadid
cust_1351;36,24583352;68,812499;0,4;5;39_78;Baghlan;Baghlani Jadid
cust_1352;36,26250019;68,887499;0,16;2;37_87;Baghlan;Baghlani Jadid
cust_1353;36,12083352;68,67083234;0,4;5;54_61;Baghlan;Baghlani Jadid
cust_1354;36,12916686;68,67916567;0,64;8;53_62;Baghlan;Baghlani Jadid
cust_1355;36,27916686;68,71249901;0,08;1;35_66;Baghlan;Baghlani Jadid
cust_1356;36,32083352;68,72916567;0,96;12;30_68;Baghlan;Baghlani Jadid
cust_1357;36,26250019;68,837499;0,32;4;37_81;Baghlan;Baghlani Jadid
cust_1358;36,32083352;68,45416567;0,16;2;30_35;Baghlan;Baghlani Jadid
cust_1359;36,32916686;68,787499;0,16;2;29_75;Baghlan;Baghlani Jadid
cust_1360;36,27916686;68,64583234;0,32;4;35_58;Baghlan;Baghlani Jadid
cust_1361;36,37083352;68,77916567;0,16;2;24_74;Baghlan;Baghlani Jadid
cust_1362;36,32083352;68,73749901;0,16;2;30_69;Baghlan;Baghlani Jadid
cust_1363;36,22916686;68,61249901;0,16;2;41_54;Baghlan;Baghlani Jadid
cust_1364;36,31250019;68,837499;0,16;2;31_81;Baghlan;Baghlani Jadid
cust_1365;36,08750019;68,837499;0,08;1;58_81;Baghlan;Baghlani Jadid
cust_1366;36,32083352;68,812499;0,4;5;30_78;Baghlan;Baghlani Jadid
cust_1367;36,27916686;68,77083234;0,64;8;35_73;Baghlan;Baghlani Jadid
cust_1368;36,30416686;68,812499;0,16;2;32_78;Baghlan;Baghlani Jadid
cust_1369;36,22916686;68,49583234;0,08;1;41_40;Baghlan;Baghlani Jadid
cust_1370;36,32916686;68,75416567;0,48;6;29_71;Baghlan;Baghlani Jadid
cust_1371;36,45416686;68,46249901;0,08;1;14_36;Baghlan;Baghlani Jadid
cust_1372;36,23750019;68,82916567;0,48;6;40_80;Baghlan;Baghlani Jadid
cust_1373;36,36250019;68,75416567;0,32;4;25_71;Baghlan;Baghlani Jadid
cust_1374;36,29583352;68,80416567;0,72;9;33_77;Baghlan;Baghlani Jadid
cust_1375;36,04583353;68,77083234;0,08;1;63_73;Baghlan;Baghlani Jadid
cust_1376;36,10416686;68,85416567;0,56;7;56_83;Baghlan;Baghlani Jadid
cust_1377;36,22083352;68,73749901;1,2;15;42_69;Baghlan;Baghlani Jadid
cust_1378;36,35416686;68,85416567;0,16;2;26_83;Baghlan;Baghlani Jadid
cust_1379;36,24583352;68,85416567;0,24;3;39_83;Baghlan;Baghlani Jadid
cust_1380;36,29583352;68,73749901;0,32;4;33_69;Baghlan;Baghlani Jadid
cust_1381;36,22083352;68,82916567;0,48;6;42_80;Baghlan;Baghlani Jadid
cust_1382;36,22916686;68,60416567;0,08;1;41_53;Baghlan;Baghlani Jadid
cust_1383;36,32083352;68,47916567;0,08;1;30_38;Baghlan;Baghlani Jadid
cust_1384;36,13750019;68,75416567;0,48;6;52_71;Baghlan;Baghlani Jadid
cust_1385;36,34583352;68,79583234;0,4;5;27_76;Baghlan;Baghlani Jadid
cust_1386;36,27083352;68,39583234;0,08;1;36_28;Baghlan;Baghlani Jadid
cust_1387;36,37083352;68,79583234;0,16;2;24_76;Baghlan;Baghlani Jadid
cust_1388;36,30416686;68,67083234;0,16;2;32_61;Baghlan;Baghlani Jadid
cust_1389;36,27083352;68,73749901;0,24;3;36_69;Baghlan;Baghlani Jadid
cust_1390;36,12083352;68,82916567;0,08;1;54_80;Baghlan;Baghlani Jadid
cust_1391;36,31250019;68,82916567;0,32;4;31_80;Baghlan;Baghlani Jadid
cust_1392;36,29583352;68,77083234;0,24;3;33_73;Baghlan;Baghlani Jadid
cust_1393;36,26250019;68,44583234;0,16;2;37_34;Baghlan;Baghlani Jadid
cust_1394;36,35416686;68,837499;0,24;3;26_81;Baghlan;Baghlani Jadid
cust_1395;36,32916686;68,72083234;0,08;1;29_67;Baghlan;Baghlani Jadid
cust_1396;36,43750019;68,71249901;0,08;1;16_66;Baghlan;Baghlani Jadid
cust_1397;36,32916686;68,49583234;0,16;2;29_40;Baghlan;Baghlani Jadid
cust_1398;36,27916686;68,49583234;0,16;2;35_40;Baghlan;Baghlani Jadid
cust_1399;36,18750019;68,92083234;0,16;2;46_91;Baghlan;Baghlani Jadid
cust_1400;36,23750019;69,00416567;0,08;1;40_101;Baghlan;Baghlani Jadid
cust_1401;36,17916686;68,61249901;0,08;1;47_54;Baghlan;Baghlani Jadid
cust_1402;36,30416686;68,77916567;0,56;7;32_74;Baghlan;Baghlani Jadid
cust_1403;36,30416686;68,74583234;0,16;2;32_70;Baghlan;Baghlani Jadid
cust_1404;36,20416686;68,912499;0,08;1;44_90;Baghlan;Baghlani Jadid
cust_1405;36,03750019;68,77083234;0,24;3;64_73;Baghlan;Baghlani Jadid
cust_1406;36,02916686;68,77916567;0,08;1;65_74;Baghlan;Baghlani Jadid
cust_1407;36,40416686;68,912499;0,08;1;20_90;Baghlan;Baghlani Jadid
cust_1408;36,19583352;68,82916567;0,08;1;45_80;Baghlan;Baghlani Jadid
cust_1409;36,23750019;68,47916567;0,16;2;40_38;Baghlan;Baghlani Jadid
cust_1410;36,30416686;68,70416567;0,48;6;32_65;Baghlan;Baghlani Jadid
cust_1411;36,22083352;69,00416567;0,08;1;42_101;Baghlan;Baghlani Jadid
cust_1412;36,15416686;68,84583234;0,16;2;50_82;Baghlan;Baghlani Jadid
cust_1413;36,12083352;68,82083234;0,16;2;54_79;Baghlan;Baghlani Jadid
cust_1414;36,24583352;68,87916567;0,32;4;39_86;Baghlan;Baghlani Jadid
cust_1415;36,23750019;68,84583234;0,16;2;40_82;Baghlan;Baghlani Jadid
cust_1416;36,30416686;68,84583234;0,32;4;32_82;Baghlan;Baghlani Jadid
cust_1417;36,26250019;68,82916567;0,4;5;37_80;Baghlan;Baghlani Jadid
cust_1418;36,07916686;68,837499;0,08;1;59_81;Baghlan;Baghlani Jadid
cust_1419;36,29583352;68,56249901;0,08;1;33_48;Baghlan;Baghlani Jadid
cust_1420;36,22083352;68,84583234;0,32;4;42_82;Baghlan;Baghlani Jadid
cust_1421;36,32916686;68,85416567;0,24;3;29_83;Baghlan;Baghlani Jadid
cust_1422;36,27916686;68,862499;0,32;4;35_84;Baghlan;Baghlani Jadid
cust_1423;36,29583352;68,74583234;0,24;3;33_70;Baghlan;Baghlani Jadid
cust_1424;36,15416686;68,57916567;0,16;2;50_50;Baghlan;Baghlani Jadid
cust_1425;36,15416686;68,837499;0,16;2;50_81;Baghlan;Baghlani Jadid
cust_1426;36,37083352;68,89583234;0,24;3;24_88;Baghlan;Baghlani Jadid
cust_1427;36,25416686;68,55416567;0,08;1;38_47;Baghlan;Baghlani Jadid
cust_1428;36,24583352;68,92916567;0,08;1;39_92;Baghlan;Baghlani Jadid
cust_1429;36,27083352;68,862499;0,08;1;36_84;Baghlan;Baghlani Jadid
cust_1430;36,18750019;68,56249901;0,08;1;46_48;Baghlan;Baghlani Jadid
cust_1431;36,32916686;68,79583234;0,08;1;29_76;Baghlan;Baghlani Jadid
cust_1432;36,32916686;68,77083234;0,08;1;29_73;Baghlan;Baghlani Jadid
cust_1433;36,35416686;68,63749901;0,24;3;26_57;Baghlan;Baghlani Jadid
cust_1434;36,24583352;68,862499;0,24;3;39_84;Baghlan;Baghlani Jadid
cust_1435;36,47083352;68,42083234;0,16;2;12_31;Baghlan;Baghlani Jadid
cust_1436;36,28750019;68,60416567;0,08;1;34_53;Baghlan;Baghlani Jadid
cust_1437;36,09583352;68,87083234;0,08;1;57_85;Baghlan;Baghlani Jadid
cust_1438;36,18750019;68,69583234;0,24;3;46_64;Baghlan;Baghlani Jadid
cust_1439;36,22916686;68,73749901;0,08;1;41_69;Baghlan;Baghlani Jadid
cust_1440;36,30416686;68,55416567;0,08;1;32_47;Baghlan;Baghlani Jadid
cust_1441;36,32916686;68,72916567;0,16;2;29_68;Baghlan;Baghlani Jadid
cust_1442;36,32916686;68,65416567;0,08;1;29_59;Baghlan;Baghlani Jadid
cust_1443;36,32916686;68,80416567;0,16;2;29_77;Baghlan;Baghlani Jadid
cust_1444;36,35416686;68,46249901;0,08;1;26_36;Baghlan;Baghlani Jadid
cust_1445;36,36250019;68,32083234;0,24;3;25_19;Baghlan;Baghlani Jadid
cust_1446;36,18750019;68,937499;0,32;4;46_93;Baghlan;Baghlani Jadid
cust_1447;36,18750019;68,92916567;0,08;1;46_92;Baghlan;Baghlani Jadid
cust_1448;36,32083352;68,50416567;0,08;1;30_41;Baghlan;Baghlani Jadid
cust_1449;36,32083352;68,59583234;0,24;3;30_52;Baghlan;Baghlani Jadid
cust_1450;36,32083352;68,762499;0,08;1;30_72;Baghlan;Baghlani Jadid
cust_1451;36,35416686;68,82083234;0,08;1;26_79;Baghlan;Baghlani Jadid
cust_1452;36,12916686;68,74583234;0,16;2;53_70;Baghlan;Baghlani Jadid
cust_1453;36,22083352;68,74583234;0,48;6;42_70;Baghlan;Baghlani Jadid
cust_1454;36,28750019;68,70416567;0,32;4;34_65;Baghlan;Baghlani Jadid
cust_1455;36,25416686;68,48749901;0,08;1;38_39;Baghlan;Baghlani Jadid
cust_1456;36,11250019;68,65416567;0,08;1;55_59;Baghlan;Baghlani Jadid
cust_1457;36,37083352;68,82083234;0,08;1;24_79;Baghlan;Baghlani Jadid
cust_1458;36,33750019;68,72083234;0,16;2;28_67;Baghlan;Baghlani Jadid
cust_1459;36,27083352;68,85416567;0,24;3;36_83;Baghlan;Baghlani Jadid
cust_1460;36,37083352;68,887499;0,08;1;24_87;Baghlan;Baghlani Jadid
cust_1461;36,33750019;68,89583234;0,08;1;28_88;Baghlan;Baghlani Jadid
cust_1462;36,51250019;68,66249901;0,08;1;7_60;Baghlan;Baghlani Jadid
cust_1463;36,18750019;68,61249901;0,16;2;46_54;Baghlan;Baghlani Jadid
cust_1464;36,14583352;68,68749901;0,08;1;51_63;Baghlan;Baghlani Jadid
cust_1465;36,32916686;68,77916567;0,08;1;29_74;Baghlan;Baghlani Jadid
cust_1466;36,26250019;68,63749901;0,08;1;37_57;Baghlan;Baghlani Jadid
cust_1467;36,12916686;68,72916567;0,4;5;53_68;Baghlan;Baghlani Jadid
cust_1468;36,19583352;68,77916567;0,64;8;45_74;Baghlan;Baghlani Jadid
cust_1469;36,17083352;68,57916567;0,08;1;48_50;Baghlan;Baghlani Jadid
cust_1470;36,31250019;68,79583234;0,16;2;31_76;Baghlan;Baghlani Jadid
cust_1471;36,27916686;68,77916567;0,24;3;35_74;Baghlan;Baghlani Jadid
cust_1472;36,34583352;68,72083234;0,24;3;27_67;Baghlan;Baghlani Jadid
cust_1473;36,33750019;68,85416567;0,32;4;28_83;Baghlan;Baghlani Jadid
cust_1474;36,22916686;68,887499;0,24;3;41_87;Baghlan;Baghlani Jadid
cust_1475;36,27916686;68,85416567;0,08;1;35_83;Baghlan;Baghlani Jadid
cust_1476;36,30416686;68,87083234;0,08;1;32_85;Baghlan;Baghlani Jadid
cust_1477;36,26250019;68,43749901;0,16;2;37_33;Baghlan;Baghlani Jadid
cust_1478;36,43750019;68,27916567;0,08;1;16_14;Baghlan;Baghlani Jadid
cust_1479;36,32083352;68,79583234;0,08;1;30_76;Baghlan;Baghlani Jadid
cust_1480;36,11250019;68,80416567;0,16;2;55_77;Baghlan;Baghlani Jadid
cust_1481;36,25416686;68,85416567;0,08;1;38_83;Baghlan;Baghlani Jadid
cust_1482;36,17916686;68,71249901;0,08;1;47_66;Baghlan;Baghlani Jadid
cust_1483;36,19583352;68,55416567;0,08;1;45_47;Baghlan;Baghlani Jadid
cust_1484;36,23750019;68,72083234;0,08;1;40_67;Baghlan;Baghlani Jadid
cust_1485;36,21250019;68,62916567;0,16;2;43_56;Baghlan;Baghlani Jadid
cust_1486;36,50416686;68,65416567;0,16;2;8_59;Baghlan;Baghlani Jadid
cust_1487;36,15416686;68,82916567;0,16;2;50_80;Baghlan;Baghlani Jadid
cust_1488;36,50416686;68,57083234;0,08;1;8_49;Baghlan;Baghlani Jadid
cust_1489;36,38750019;68,29583234;0,08;1;22_16;Baghlan;Baghlani Jadid
cust_1490;36,15416686;68,80416567;0,16;2;50_77;Baghlan;Baghlani Jadid
cust_1491;36,27083352;68,59583234;0,08;1;36_52;Baghlan;Baghlani Jadid
cust_1492;36,10416686;68,84583234;0,16;2;56_82;Baghlan;Baghlani Jadid
cust_1493;36,36250019;68,72083234;0,24;3;25_67;Baghlan;Baghlani Jadid
cust_1494;36,36250019;68,34583234;0,08;1;25_22;Baghlan;Baghlani Jadid
cust_1495;36,16250019;68,85416567;0,08;1;49_83;Baghlan;Baghlani Jadid
cust_1496;36,37083352;68,72916567;0,16;2;24_68;Baghlan;Baghlani Jadid
cust_1497;36,52083352;68,57083234;0,08;1;6_49;Baghlan;Baghlani Jadid
cust_1498;36,37916686;68,57916567;0,08;1;23_50;Baghlan;Baghlani Jadid
cust_1499;36,29583352;68,84583234;0,08;1;33_82;Baghlan;Baghlani Jadid
cust_1500;36,37916686;68,36249901;0,08;1;23_24;Baghlan;Baghlani Jadid
cust_1501;36,29583352;68,862499;0,24;3;33_84;Baghlan;Baghlani Jadid
cust_1502;36,27083352;68,70416567;0,16;2;36_65;Baghlan;Baghlani Jadid
cust_1503;36,30416686;68,77083234;0,16;2;32_73;Baghlan;Baghlani Jadid
cust_1504;36,26250019;68,73749901;0,08;1;37_69;Baghlan;Baghlani Jadid
cust_1505;36,48750019;68,33749901;0,08;1;10_21;Baghlan;Baghlani Jadid
cust_1506;36,35416686;68,762499;0,08;1;26_72;Baghlan;Baghlani Jadid
cust_1507;36,33750019;68,84583234;0,08;1;28_82;Baghlan;Baghlani Jadid
cust_1508;36,17083352;68,68749901;0,56;7;48_63;Baghlan;Baghlani Jadid
cust_1509;36,15416686;68,77083234;0,08;1;50_73;Baghlan;Baghlani Jadid
cust_1510;36,25416686;68,84583234;0,16;2;38_82;Baghlan;Baghlani Jadid
cust_1511;36,32916686;68,52916567;0,16;2;29_44;Baghlan;Baghlani Jadid
cust_1512;36,23750019;68,85416567;0,16;2;40_83;Baghlan;Baghlani Jadid
cust_1513;36,37916686;68,55416567;0,16;2;23_47;Baghlan;Baghlani Jadid
cust_1514;36,33750019;68,82916567;0,16;2;28_80;Baghlan;Baghlani Jadid
cust_1515;36,23750019;68,887499;0,08;1;40_87;Baghlan;Baghlani Jadid
cust_1516;36,21250019;68,53749901;0,08;1;43_45;Baghlan;Baghlani Jadid
cust_1517;36,44583352;68,46249901;0,08;1;15_36;Baghlan;Baghlani Jadid
cust_1518;36,32916686;68,46249901;0,16;2;29_36;Baghlan;Baghlani Jadid
cust_1519;36,22083352;68,54583234;0,08;1;42_46;Baghlan;Baghlani Jadid
cust_1520;36,32083352;68,77916567;0,08;1;30_74;Baghlan;Baghlani Jadid
cust_1521;36,49583352;68,39583234;0,08;1;9_28;Baghlan;Baghlani Jadid
cust_1522;36,28750019;68,72083234;0,08;1;34_67;Baghlan;Baghlani Jadid
cust_1523;36,31250019;68,43749901;0,08;1;31_33;Baghlan;Baghlani Jadid
cust_1524;36,32083352;68,51249901;0,08;1;30_42;Baghlan;Baghlani Jadid
cust_1525;36,31250019;68,39583234;0,16;2;31_28;Baghlan;Baghlani Jadid
cust_1526;36,11250019;68,79583234;0,08;1;55_76;Baghlan;Baghlani Jadid
cust_1527;36,32083352;68,46249901;0,08;1;30_36;Baghlan;Baghlani Jadid
cust_1528;36,28750019;68,64583234;0,08;1;34_58;Baghlan;Baghlani Jadid
cust_1529;36,30416686;68,38749901;0,08;1;32_27;Baghlan;Baghlani Jadid
cust_1530;36,16250019;68,787499;0,08;1;49_75;Baghlan;Baghlani Jadid
cust_1531;36,35416686;68,60416567;0,08;1;26_53;Baghlan;Baghlani Jadid
cust_1532;36,42083352;68,56249901;0,08;1;18_48;Baghlan;Baghlani Jadid
cust_1533;36,28750019;68,47916567;0,08;1;34_38;Baghlan;Baghlani Jadid
cust_1534;36,27916686;68,72083234;0,08;1;35_67;Baghlan;Baghlani Jadid
cust_1535;36,22916686;68,48749901;0,16;2;41_39;Baghlan;Baghlani Jadid
cust_1536;36,22083352;69,02083234;0,08;1;42_103;Baghlan;Baghlani Jadid
cust_1537;36,32916686;68,862499;0,08;1;29_84;Baghlan;Baghlani Jadid
cust_1538;36,29583352;68,75416567;0,08;1;33_71;Baghlan;Baghlani Jadid
cust_1539;36,25416686;68,62083234;0,16;2;38_55;Baghlan;Baghlani Jadid
cust_1540;36,24583352;68,82916567;0,08;1;39_80;Baghlan;Baghlani Jadid
cust_1541;36,27083352;68,87083234;0,08;1;36_85;Baghlan;Baghlani Jadid
cust_1542;36,20416686;68,92083234;0,16;2;44_91;Baghlan;Baghlani Jadid
cust_1543;36,17916686;68,57916567;0,08;1;47_50;Baghlan;Baghlani Jadid
cust_1544;36,27916686;68,38749901;0,08;1;35_27;Baghlan;Baghlani Jadid
cust_1545;36,30416686;68,42916567;0,08;1;32_32;Baghlan;Baghlani Jadid
cust_1546;36,51250019;68,65416567;0,16;2;7_59;Baghlan;Baghlani Jadid
cust_1547;36,31250019;68,74583234;0,08;1;31_70;Baghlan;Baghlani Jadid
cust_1548;36,43750019;68,63749901;0,08;1;16_57;Baghlan;Baghlani Jadid
cust_1549;36,20416686;68,82916567;0,08;1;44_80;Baghlan;Baghlani Jadid
cust_1550;36,25416686;68,43749901;0,08;1;38_33;Baghlan;Baghlani Jadid
cust_1551;36,37916686;68,52916567;0,08;1;23_44;Baghlan;Baghlani Jadid
cust_1552;36,37916686;68,58749901;0,16;2;23_51;Baghlan;Baghlani Jadid
cust_1553;36,13750019;68,82083234;0,08;1;52_79;Baghlan;Baghlani Jadid
cust_1554;36,44583352;68,47083234;0,08;1;15_37;Baghlan;Baghlani Jadid
cust_1555;36,18750019;68,94583234;0,08;1;46_94;Baghlan;Baghlani Jadid
cust_1556;36,16250019;68,69583234;0,08;1;49_64;Baghlan;Baghlani Jadid
cust_1557;36,35416686;68,862499;0,08;1;26_84;Baghlan;Baghlani Jadid
cust_1558;36,24583352;68,47916567;0,08;1;39_38;Baghlan;Baghlani Jadid
cust_1559;36,14583352;68,61249901;0,08;1;51_54;Baghlan;Baghlani Jadid
cust_1560;36,43750019;68,50416567;0,08;1;16_41;Baghlan;Baghlani Jadid
cust_1561;36,50416686;68,63749901;0,08;1;8_57;Baghlan;Baghlani Jadid
cust_1562;36,32083352;68,862499;0,08;1;30_84;Baghlan;Baghlani Jadid
cust_1563;36,33750019;68,75416567;0,08;1;28_71;Baghlan;Baghlani Jadid
cust_1564;36,27083352;68,40416567;0,08;1;36_29;Baghlan;Baghlani Jadid
cust_1565;36,25416686;68,53749901;0,08;1;38_45;Baghlan;Baghlani Jadid
cust_1566;36,27916686;68,70416567;0,08;1;35_65;Baghlan;Baghlani Jadid
cust_1567;36,24583352;68,84583234;0,08;1;39_82;Baghlan;Baghlani Jadid
cust_1568;36,37916686;68,29583234;0,08;1;23_16;Baghlan;Baghlani Jadid
cust_1569;36,44583352;68,51249901;0,08;1;15_42;Baghlan;Baghlani Jadid
cust_1570;36,37916686;68,73749901;0,08;1;23_69;Baghlan;Baghlani Jadid
cust_1571;36,40416686;68,32916567;0,08;1;20_20;Baghlan;Baghlani Jadid
cust_1572;36,21250019;68,52083234;0,08;1;43_43;Baghlan;Baghlani Jadid
